<gpx xmlns:ns3="http://www.garmin.com/xmlschemas/TrackPointExtension/v1" xmlns="http://www.topografix.com/GPX/1/1" xmlns:xsi="http://www.w3.org/2001/XMLSchema-instance" xmlns:ns2="http://www.garmin.com/xmlschemas/GpxExtensions/v3" creator="Garmin Connect" version="1.1" xsi:schemaLocation="http://www.topografix.com/GPX/1/1 http://www.topografix.com/GPX/11.xsd">
  <extensions>
<distance>7104.45</distance>
<average_hr>159.0</average_hr>
<average_speed>3.003999948501587</average_speed>
<start_time>2026-08-05T21:07:01+00:00</start_time>
<end_time>2026-08-05T21:46:25.735000+00:00</end_time>
<moving_time>2362.201</moving_time>
<elapsed_time>2364.735</elapsed_time>
</extensions>
<metadata>
    <link href="connect.garmin.com">
      <text>Garmin Connect</text>
    </link>
    <time>2026-08-05T21:07:01.000Z</time>
  </metadata>
  <trk>
    <name>Nada Ward - 乳酸阈值</name>
    <type>running</type>
    <trkseg>
      <trkpt lat="34.713864885270595550537109375" lon="135.22756322287023067474365234375">
        <ele>42.200000762939453125</ele>
        <time>2026-08-05T21:07:01.000Z</time>
        <extensions>
          <ns3:TrackPointExtension>
            <ns3:atemp>31.0</ns3:atemp>
            <ns3:hr>83</ns3:hr>
            <ns3:cad>0</ns3:cad>
          </ns3:TrackPointExtension>
        </extensions>
      </trkpt>
      <trkpt lat="34.71384183503687381744384765625" lon="135.2275715209543704986572265625">
        <ele>42.40000152587890625</ele>
        <time>2026-08-05T21:07:02.000Z</time>
        <extensions>
          <ns3:TrackPointExtension>
            <ns3:atemp>31.0</ns3:atemp>
            <ns3:hr>83</ns3:hr>
            <ns3:cad>0</ns3:cad>
          </ns3:TrackPointExtension>
        </extensions>
      </trkpt>
      <trkpt lat="34.71382138319313526153564453125" lon="135.2275812439620494842529296875">
        <ele>42.40000152587890625</ele>
        <time>2026-08-05T21:07:03.000Z</time>
        <extensions>
          <ns3:TrackPointExtension>
            <ns3:atemp>31.0</ns3:atemp>
            <ns3:hr>84</ns3:hr>
            <ns3:cad>0</ns3:cad>
          </ns3:TrackPointExtension>
        </extensions>
      </trkpt>
      <trkpt lat="34.71379959024488925933837890625" lon="135.22759817540645599365234375">
        <ele>42.200000762939453125</ele>
        <time>2026-08-05T21:07:04.000Z</time>
        <extensions>
          <ns3:TrackPointExtension>
            <ns3:atemp>31.0</ns3:atemp>
            <ns3:hr>84</ns3:hr>
            <ns3:cad>0</ns3:cad>
          </ns3:TrackPointExtension>
        </extensions>
      </trkpt>
      <trkpt lat="34.71377545036375522613525390625" lon="135.227617286145687103271484375">
        <ele>42</ele>
        <time>2026-08-05T21:07:05.000Z</time>
        <extensions>
          <ns3:TrackPointExtension>
            <ns3:atemp>31.0</ns3:atemp>
            <ns3:hr>85</ns3:hr>
            <ns3:cad>86</ns3:cad>
          </ns3:TrackPointExtension>
        </extensions>
      </trkpt>
      <trkpt lat="34.713756926357746124267578125" lon="135.22764050401747226715087890625">
        <ele>41.59999847412109375</ele>
        <time>2026-08-05T21:07:06.000Z</time>
        <extensions>
          <ns3:TrackPointExtension>
            <ns3:atemp>31.0</ns3:atemp>
            <ns3:hr>86</ns3:hr>
            <ns3:cad>90</ns3:cad>
          </ns3:TrackPointExtension>
        </extensions>
      </trkpt>
      <trkpt lat="34.7137389890849590301513671875" lon="135.22766933776438236236572265625">
        <ele>41.200000762939453125</ele>
        <time>2026-08-05T21:07:07.000Z</time>
        <extensions>
          <ns3:TrackPointExtension>
            <ns3:atemp>31.0</ns3:atemp>
            <ns3:hr>87</ns3:hr>
            <ns3:cad>91</ns3:cad>
          </ns3:TrackPointExtension>
        </extensions>
      </trkpt>
      <trkpt lat="34.7137218900024890899658203125" lon="135.2277032844722270965576171875">
        <ele>40.799999237060546875</ele>
        <time>2026-08-05T21:07:08.000Z</time>
        <extensions>
          <ns3:TrackPointExtension>
            <ns3:atemp>31.0</ns3:atemp>
            <ns3:hr>87</ns3:hr>
            <ns3:cad>91</ns3:cad>
          </ns3:TrackPointExtension>
        </extensions>
      </trkpt>
      <trkpt lat="34.71369951032102108001708984375" lon="135.2277378179132938385009765625">
        <ele>40.799999237060546875</ele>
        <time>2026-08-05T21:07:09.000Z</time>
        <extensions>
          <ns3:TrackPointExtension>
            <ns3:atemp>31.0</ns3:atemp>
            <ns3:hr>88</ns3:hr>
            <ns3:cad>91</ns3:cad>
          </ns3:TrackPointExtension>
        </extensions>
      </trkpt>
      <trkpt lat="34.7136789746582508087158203125" lon="135.22776539437472820281982421875">
        <ele>41</ele>
        <time>2026-08-05T21:07:10.000Z</time>
        <extensions>
          <ns3:TrackPointExtension>
            <ns3:atemp>31.0</ns3:atemp>
            <ns3:hr>91</ns3:hr>
            <ns3:cad>91</ns3:cad>
          </ns3:TrackPointExtension>
        </extensions>
      </trkpt>
      <trkpt lat="34.7136618755757808685302734375" lon="135.22779741324484348297119140625">
        <ele>41.200000762939453125</ele>
        <time>2026-08-05T21:07:11.000Z</time>
        <extensions>
          <ns3:TrackPointExtension>
            <ns3:atemp>31.0</ns3:atemp>
            <ns3:hr>94</ns3:hr>
            <ns3:cad>90</ns3:cad>
          </ns3:TrackPointExtension>
        </extensions>
      </trkpt>
      <trkpt lat="34.71363765187561511993408203125" lon="135.227823145687580108642578125">
        <ele>41.40000152587890625</ele>
        <time>2026-08-05T21:07:12.000Z</time>
        <extensions>
          <ns3:TrackPointExtension>
            <ns3:atemp>31.0</ns3:atemp>
            <ns3:hr>94</ns3:hr>
            <ns3:cad>89</ns3:cad>
          </ns3:TrackPointExtension>
        </extensions>
      </trkpt>
      <trkpt lat="34.71360915340483188629150390625" lon="135.227847285568714141845703125">
        <ele>41.59999847412109375</ele>
        <time>2026-08-05T21:07:13.000Z</time>
        <extensions>
          <ns3:TrackPointExtension>
            <ns3:atemp>31.0</ns3:atemp>
            <ns3:hr>94</ns3:hr>
            <ns3:cad>89</ns3:cad>
          </ns3:TrackPointExtension>
        </extensions>
      </trkpt>
      <trkpt lat="34.71358702518045902252197265625" lon="135.22787737660109996795654296875">
        <ele>41.59999847412109375</ele>
        <time>2026-08-05T21:07:14.000Z</time>
        <extensions>
          <ns3:TrackPointExtension>
            <ns3:atemp>31.0</ns3:atemp>
            <ns3:hr>95</ns3:hr>
            <ns3:cad>90</ns3:cad>
          </ns3:TrackPointExtension>
        </extensions>
      </trkpt>
      <trkpt lat="34.71353874541819095611572265625" lon="135.2279300987720489501953125">
        <ele>41.59999847412109375</ele>
        <time>2026-08-05T21:07:15.000Z</time>
        <extensions>
          <ns3:TrackPointExtension>
            <ns3:atemp>31.0</ns3:atemp>
            <ns3:hr>96</ns3:hr>
            <ns3:cad>90</ns3:cad>
          </ns3:TrackPointExtension>
        </extensions>
      </trkpt>
      <trkpt lat="34.71351376734673976898193359375" lon="135.227957926690578460693359375">
        <ele>41.40000152587890625</ele>
        <time>2026-08-05T21:07:16.000Z</time>
        <extensions>
          <ns3:TrackPointExtension>
            <ns3:atemp>31.0</ns3:atemp>
            <ns3:hr>97</ns3:hr>
            <ns3:cad>90</ns3:cad>
          </ns3:TrackPointExtension>
        </extensions>
      </trkpt>
      <trkpt lat="34.71351376734673976898193359375" lon="135.227957926690578460693359375">
        <ele>41.200000762939453125</ele>
        <time>2026-08-05T21:07:17.000Z</time>
        <extensions>
          <ns3:TrackPointExtension>
            <ns3:atemp>31.0</ns3:atemp>
            <ns3:hr>98</ns3:hr>
            <ns3:cad>89</ns3:cad>
          </ns3:TrackPointExtension>
        </extensions>
      </trkpt>
      <trkpt lat="34.71349113620817661285400390625" lon="135.227986760437488555908203125">
        <ele>40.799999237060546875</ele>
        <time>2026-08-05T21:07:18.000Z</time>
        <extensions>
          <ns3:TrackPointExtension>
            <ns3:atemp>31.0</ns3:atemp>
            <ns3:hr>99</ns3:hr>
            <ns3:cad>89</ns3:cad>
          </ns3:TrackPointExtension>
        </extensions>
      </trkpt>
      <trkpt lat="34.71346749924123287200927734375" lon="135.22801794111728668212890625">
        <ele>40.59999847412109375</ele>
        <time>2026-08-05T21:07:19.000Z</time>
        <extensions>
          <ns3:TrackPointExtension>
            <ns3:atemp>31.0</ns3:atemp>
            <ns3:hr>100</ns3:hr>
            <ns3:cad>89</ns3:cad>
          </ns3:TrackPointExtension>
        </extensions>
      </trkpt>
      <trkpt lat="34.71344352699816226959228515625" lon="135.2280452661216259002685546875">
        <ele>40.40000152587890625</ele>
        <time>2026-08-05T21:07:20.000Z</time>
        <extensions>
          <ns3:TrackPointExtension>
            <ns3:atemp>31.0</ns3:atemp>
            <ns3:hr>101</ns3:hr>
            <ns3:cad>89</ns3:cad>
          </ns3:TrackPointExtension>
        </extensions>
      </trkpt>
      <trkpt lat="34.71341586671769618988037109375" lon="135.22807183675467967987060546875">
        <ele>40.200000762939453125</ele>
        <time>2026-08-05T21:07:21.000Z</time>
        <extensions>
          <ns3:TrackPointExtension>
            <ns3:atemp>31.0</ns3:atemp>
            <ns3:hr>102</ns3:hr>
            <ns3:cad>89</ns3:cad>
          </ns3:TrackPointExtension>
        </extensions>
      </trkpt>
      <trkpt lat="34.71339172683656215667724609375" lon="135.2280965633690357208251953125">
        <ele>40</ele>
        <time>2026-08-05T21:07:22.000Z</time>
        <extensions>
          <ns3:TrackPointExtension>
            <ns3:atemp>31.0</ns3:atemp>
            <ns3:hr>103</ns3:hr>
            <ns3:cad>89</ns3:cad>
          </ns3:TrackPointExtension>
        </extensions>
      </trkpt>
      <trkpt lat="34.713360629975795745849609375" lon="135.22811844013631343841552734375">
        <ele>39.799999237060546875</ele>
        <time>2026-08-05T21:07:23.000Z</time>
        <extensions>
          <ns3:TrackPointExtension>
            <ns3:atemp>31.0</ns3:atemp>
            <ns3:hr>104</ns3:hr>
            <ns3:cad>89</ns3:cad>
          </ns3:TrackPointExtension>
        </extensions>
      </trkpt>
      <trkpt lat="34.71332668326795101165771484375" lon="135.228134281933307647705078125">
        <ele>39.59999847412109375</ele>
        <time>2026-08-05T21:07:24.000Z</time>
        <extensions>
          <ns3:TrackPointExtension>
            <ns3:atemp>31.0</ns3:atemp>
            <ns3:hr>105</ns3:hr>
            <ns3:cad>90</ns3:cad>
          </ns3:TrackPointExtension>
        </extensions>
      </trkpt>
      <trkpt lat="34.71329458057880401611328125" lon="135.22814668715000152587890625">
        <ele>39.40000152587890625</ele>
        <time>2026-08-05T21:07:25.000Z</time>
        <extensions>
          <ns3:TrackPointExtension>
            <ns3:atemp>31.0</ns3:atemp>
            <ns3:hr>106</ns3:hr>
            <ns3:cad>89</ns3:cad>
          </ns3:TrackPointExtension>
        </extensions>
      </trkpt>
      <trkpt lat="34.71326180733740329742431640625" lon="135.2281580865383148193359375">
        <ele>39.40000152587890625</ele>
        <time>2026-08-05T21:07:26.000Z</time>
        <extensions>
          <ns3:TrackPointExtension>
            <ns3:atemp>31.0</ns3:atemp>
            <ns3:hr>107</ns3:hr>
            <ns3:cad>89</ns3:cad>
          </ns3:TrackPointExtension>
        </extensions>
      </trkpt>
      <trkpt lat="34.7132330574095249176025390625" lon="135.22817024029791355133056640625">
        <ele>39.40000152587890625</ele>
        <time>2026-08-05T21:07:27.000Z</time>
        <extensions>
          <ns3:TrackPointExtension>
            <ns3:atemp>31.0</ns3:atemp>
            <ns3:hr>109</ns3:hr>
            <ns3:cad>89</ns3:cad>
          </ns3:TrackPointExtension>
        </extensions>
      </trkpt>
      <trkpt lat="34.713213108479976654052734375" lon="135.22818499244749546051025390625">
        <ele>39.200000762939453125</ele>
        <time>2026-08-05T21:07:28.000Z</time>
        <extensions>
          <ns3:TrackPointExtension>
            <ns3:atemp>31.0</ns3:atemp>
            <ns3:hr>112</ns3:hr>
            <ns3:cad>89</ns3:cad>
          </ns3:TrackPointExtension>
        </extensions>
      </trkpt>
      <trkpt lat="34.71319206990301609039306640625" lon="135.2282038517296314239501953125">
        <ele>39</ele>
        <time>2026-08-05T21:07:29.000Z</time>
        <extensions>
          <ns3:TrackPointExtension>
            <ns3:atemp>31.0</ns3:atemp>
            <ns3:hr>114</ns3:hr>
            <ns3:cad>89</ns3:cad>
          </ns3:TrackPointExtension>
        </extensions>
      </trkpt>
      <trkpt lat="34.7131691873073577880859375" lon="135.22822581231594085693359375">
        <ele>38.799999237060546875</ele>
        <time>2026-08-05T21:07:30.000Z</time>
        <extensions>
          <ns3:TrackPointExtension>
            <ns3:atemp>31.0</ns3:atemp>
            <ns3:hr>116</ns3:hr>
            <ns3:cad>90</ns3:cad>
          </ns3:TrackPointExtension>
        </extensions>
      </trkpt>
      <trkpt lat="34.713142029941082000732421875" lon="135.22824333049356937408447265625">
        <ele>38.59999847412109375</ele>
        <time>2026-08-05T21:07:31.000Z</time>
        <extensions>
          <ns3:TrackPointExtension>
            <ns3:atemp>31.0</ns3:atemp>
            <ns3:hr>118</ns3:hr>
            <ns3:cad>90</ns3:cad>
          </ns3:TrackPointExtension>
        </extensions>
      </trkpt>
      <trkpt lat="34.71311395056545734405517578125" lon="135.22826093249022960662841796875">
        <ele>38.40000152587890625</ele>
        <time>2026-08-05T21:07:32.000Z</time>
        <extensions>
          <ns3:TrackPointExtension>
            <ns3:atemp>31.0</ns3:atemp>
            <ns3:hr>119</ns3:hr>
            <ns3:cad>89</ns3:cad>
          </ns3:TrackPointExtension>
        </extensions>
      </trkpt>
      <trkpt lat="34.7130872122943401336669921875" lon="135.2282774448394775390625">
        <ele>38.200000762939453125</ele>
        <time>2026-08-05T21:07:33.000Z</time>
        <extensions>
          <ns3:TrackPointExtension>
            <ns3:atemp>31.0</ns3:atemp>
            <ns3:hr>120</ns3:hr>
            <ns3:cad>88</ns3:cad>
          </ns3:TrackPointExtension>
        </extensions>
      </trkpt>
      <trkpt lat="34.71306248567998409271240234375" lon="135.228295214474201202392578125">
        <ele>38.200000762939453125</ele>
        <time>2026-08-05T21:07:34.000Z</time>
        <extensions>
          <ns3:TrackPointExtension>
            <ns3:atemp>31.0</ns3:atemp>
            <ns3:hr>121</ns3:hr>
            <ns3:cad>88</ns3:cad>
          </ns3:TrackPointExtension>
        </extensions>
      </trkpt>
      <trkpt lat="34.7130406089127063751220703125" lon="135.2283109724521636962890625">
        <ele>38</ele>
        <time>2026-08-05T21:07:35.000Z</time>
        <extensions>
          <ns3:TrackPointExtension>
            <ns3:atemp>31.0</ns3:atemp>
            <ns3:hr>122</ns3:hr>
            <ns3:cad>88</ns3:cad>
          </ns3:TrackPointExtension>
        </extensions>
      </trkpt>
      <trkpt lat="34.71301889978349208831787109375" lon="135.22832983173429965972900390625">
        <ele>38</ele>
        <time>2026-08-05T21:07:36.000Z</time>
        <extensions>
          <ns3:TrackPointExtension>
            <ns3:atemp>31.0</ns3:atemp>
            <ns3:hr>122</ns3:hr>
            <ns3:cad>88</ns3:cad>
          </ns3:TrackPointExtension>
        </extensions>
      </trkpt>
      <trkpt lat="34.71298989839851856231689453125" lon="135.22834927774965763092041015625">
        <ele>37.799999237060546875</ele>
        <time>2026-08-05T21:07:37.000Z</time>
        <extensions>
          <ns3:TrackPointExtension>
            <ns3:atemp>31.0</ns3:atemp>
            <ns3:hr>123</ns3:hr>
            <ns3:cad>89</ns3:cad>
          </ns3:TrackPointExtension>
        </extensions>
      </trkpt>
      <trkpt lat="34.7129666805267333984375" lon="135.22837140597403049468994140625">
        <ele>37.59999847412109375</ele>
        <time>2026-08-05T21:07:38.000Z</time>
        <extensions>
          <ns3:TrackPointExtension>
            <ns3:atemp>31.0</ns3:atemp>
            <ns3:hr>123</ns3:hr>
            <ns3:cad>89</ns3:cad>
          </ns3:TrackPointExtension>
        </extensions>
      </trkpt>
      <trkpt lat="34.7129400260746479034423828125" lon="135.2283929474651813507080078125">
        <ele>37.40000152587890625</ele>
        <time>2026-08-05T21:07:39.000Z</time>
        <extensions>
          <ns3:TrackPointExtension>
            <ns3:atemp>31.0</ns3:atemp>
            <ns3:hr>123</ns3:hr>
            <ns3:cad>89</ns3:cad>
          </ns3:TrackPointExtension>
        </extensions>
      </trkpt>
      <trkpt lat="34.71291563473641872406005859375" lon="135.22841432131826877593994140625">
        <ele>37.40000152587890625</ele>
        <time>2026-08-05T21:07:40.000Z</time>
        <extensions>
          <ns3:TrackPointExtension>
            <ns3:atemp>31.0</ns3:atemp>
            <ns3:hr>123</ns3:hr>
            <ns3:cad>89</ns3:cad>
          </ns3:TrackPointExtension>
        </extensions>
      </trkpt>
      <trkpt lat="34.71289300359785556793212890625" lon="135.2284348569810390472412109375">
        <ele>37.200000762939453125</ele>
        <time>2026-08-05T21:07:41.000Z</time>
        <extensions>
          <ns3:TrackPointExtension>
            <ns3:atemp>31.0</ns3:atemp>
            <ns3:hr>123</ns3:hr>
            <ns3:cad>89</ns3:cad>
          </ns3:TrackPointExtension>
        </extensions>
      </trkpt>
      <trkpt lat="34.7128712944686412811279296875" lon="135.2284506149590015411376953125">
        <ele>37.200000762939453125</ele>
        <time>2026-08-05T21:07:42.000Z</time>
        <extensions>
          <ns3:TrackPointExtension>
            <ns3:atemp>31.0</ns3:atemp>
            <ns3:hr>124</ns3:hr>
            <ns3:cad>90</ns3:cad>
          </ns3:TrackPointExtension>
        </extensions>
      </trkpt>
      <trkpt lat="34.712846986949443817138671875" lon="135.2284680493175983428955078125">
        <ele>37</ele>
        <time>2026-08-05T21:07:43.000Z</time>
        <extensions>
          <ns3:TrackPointExtension>
            <ns3:atemp>31.0</ns3:atemp>
            <ns3:hr>123</ns3:hr>
            <ns3:cad>90</ns3:cad>
          </ns3:TrackPointExtension>
        </extensions>
      </trkpt>
      <trkpt lat="34.7128243558108806610107421875" lon="135.22848590277135372161865234375">
        <ele>37</ele>
        <time>2026-08-05T21:07:44.000Z</time>
        <extensions>
          <ns3:TrackPointExtension>
            <ns3:atemp>31.0</ns3:atemp>
            <ns3:hr>123</ns3:hr>
            <ns3:cad>89</ns3:cad>
          </ns3:TrackPointExtension>
        </extensions>
      </trkpt>
      <trkpt lat="34.712798707187175750732421875" lon="135.22850300185382366180419921875">
        <ele>37</ele>
        <time>2026-08-05T21:07:45.000Z</time>
        <extensions>
          <ns3:TrackPointExtension>
            <ns3:atemp>31.0</ns3:atemp>
            <ns3:hr>123</ns3:hr>
            <ns3:cad>89</ns3:cad>
          </ns3:TrackPointExtension>
        </extensions>
      </trkpt>
      <trkpt lat="34.71278051845729351043701171875" lon="135.2285210229456424713134765625">
        <ele>36.799999237060546875</ele>
        <time>2026-08-05T21:07:46.000Z</time>
        <extensions>
          <ns3:TrackPointExtension>
            <ns3:atemp>31.0</ns3:atemp>
            <ns3:hr>123</ns3:hr>
            <ns3:cad>89</ns3:cad>
          </ns3:TrackPointExtension>
        </extensions>
      </trkpt>
      <trkpt lat="34.71275973133742809295654296875" lon="135.22853837348520755767822265625">
        <ele>36.799999237060546875</ele>
        <time>2026-08-05T21:07:47.000Z</time>
        <extensions>
          <ns3:TrackPointExtension>
            <ns3:atemp>31.0</ns3:atemp>
            <ns3:hr>123</ns3:hr>
            <ns3:cad>88</ns3:cad>
          </ns3:TrackPointExtension>
        </extensions>
      </trkpt>
      <trkpt lat="34.7127375192940235137939453125" lon="135.22855245508253574371337890625">
        <ele>36.59999847412109375</ele>
        <time>2026-08-05T21:07:48.000Z</time>
        <extensions>
          <ns3:TrackPointExtension>
            <ns3:atemp>31.0</ns3:atemp>
            <ns3:hr>123</ns3:hr>
            <ns3:cad>89</ns3:cad>
          </ns3:TrackPointExtension>
        </extensions>
      </trkpt>
      <trkpt lat="34.71271245740354061126708984375" lon="135.2285652793943881988525390625">
        <ele>36.59999847412109375</ele>
        <time>2026-08-05T21:07:49.000Z</time>
        <extensions>
          <ns3:TrackPointExtension>
            <ns3:atemp>31.0</ns3:atemp>
            <ns3:hr>123</ns3:hr>
            <ns3:cad>88</ns3:cad>
          </ns3:TrackPointExtension>
        </extensions>
      </trkpt>
      <trkpt lat="34.71268706023693084716796875" lon="135.22857743315398693084716796875">
        <ele>36.59999847412109375</ele>
        <time>2026-08-05T21:07:50.000Z</time>
        <extensions>
          <ns3:TrackPointExtension>
            <ns3:atemp>31.0</ns3:atemp>
            <ns3:hr>123</ns3:hr>
            <ns3:cad>88</ns3:cad>
          </ns3:TrackPointExtension>
        </extensions>
      </trkpt>
      <trkpt lat="34.712661243975162506103515625" lon="135.22859101183712482452392578125">
        <ele>36.40000152587890625</ele>
        <time>2026-08-05T21:07:51.000Z</time>
        <extensions>
          <ns3:TrackPointExtension>
            <ns3:atemp>31.0</ns3:atemp>
            <ns3:hr>124</ns3:hr>
            <ns3:cad>88</ns3:cad>
          </ns3:TrackPointExtension>
        </extensions>
      </trkpt>
      <trkpt lat="34.71263869665563106536865234375" lon="135.22860676981508731842041015625">
        <ele>36.40000152587890625</ele>
        <time>2026-08-05T21:07:52.000Z</time>
        <extensions>
          <ns3:TrackPointExtension>
            <ns3:atemp>31.0</ns3:atemp>
            <ns3:hr>124</ns3:hr>
            <ns3:cad>88</ns3:cad>
          </ns3:TrackPointExtension>
        </extensions>
      </trkpt>
      <trkpt lat="34.71261288039386272430419921875" lon="135.22862068377435207366943359375">
        <ele>36.40000152587890625</ele>
        <time>2026-08-05T21:07:53.000Z</time>
        <extensions>
          <ns3:TrackPointExtension>
            <ns3:atemp>31.0</ns3:atemp>
            <ns3:hr>124</ns3:hr>
            <ns3:cad>89</ns3:cad>
          </ns3:TrackPointExtension>
        </extensions>
      </trkpt>
      <trkpt lat="34.71258957870304584503173828125" lon="135.22863350808620452880859375">
        <ele>36.40000152587890625</ele>
        <time>2026-08-05T21:07:54.000Z</time>
        <extensions>
          <ns3:TrackPointExtension>
            <ns3:atemp>31.0</ns3:atemp>
            <ns3:hr>125</ns3:hr>
            <ns3:cad>89</ns3:cad>
          </ns3:TrackPointExtension>
        </extensions>
      </trkpt>
      <trkpt lat="34.71256770193576812744140625" lon="135.22864499129354953765869140625">
        <ele>36.40000152587890625</ele>
        <time>2026-08-05T21:07:55.000Z</time>
        <extensions>
          <ns3:TrackPointExtension>
            <ns3:atemp>31.0</ns3:atemp>
            <ns3:hr>125</ns3:hr>
            <ns3:cad>90</ns3:cad>
          </ns3:TrackPointExtension>
        </extensions>
      </trkpt>
      <trkpt lat="34.7125450707972049713134765625" lon="135.22865706123411655426025390625">
        <ele>36.40000152587890625</ele>
        <time>2026-08-05T21:07:56.000Z</time>
        <extensions>
          <ns3:TrackPointExtension>
            <ns3:atemp>31.0</ns3:atemp>
            <ns3:hr>126</ns3:hr>
            <ns3:cad>89</ns3:cad>
          </ns3:TrackPointExtension>
        </extensions>
      </trkpt>
      <trkpt lat="34.712517075240612030029296875" lon="135.22867047227919101715087890625">
        <ele>36.40000152587890625</ele>
        <time>2026-08-05T21:07:57.000Z</time>
        <extensions>
          <ns3:TrackPointExtension>
            <ns3:atemp>31.0</ns3:atemp>
            <ns3:hr>127</ns3:hr>
            <ns3:cad>89</ns3:cad>
          </ns3:TrackPointExtension>
        </extensions>
      </trkpt>
      <trkpt lat="34.71249100752174854278564453125" lon="135.22868447005748748779296875">
        <ele>36.40000152587890625</ele>
        <time>2026-08-05T21:07:58.000Z</time>
        <extensions>
          <ns3:TrackPointExtension>
            <ns3:atemp>31.0</ns3:atemp>
            <ns3:hr>127</ns3:hr>
            <ns3:cad>88</ns3:cad>
          </ns3:TrackPointExtension>
        </extensions>
      </trkpt>
      <trkpt lat="34.71246770583093166351318359375" lon="135.22869410924613475799560546875">
        <ele>36.40000152587890625</ele>
        <time>2026-08-05T21:07:59.000Z</time>
        <extensions>
          <ns3:TrackPointExtension>
            <ns3:atemp>31.0</ns3:atemp>
            <ns3:hr>128</ns3:hr>
            <ns3:cad>88</ns3:cad>
          </ns3:TrackPointExtension>
        </extensions>
      </trkpt>
      <trkpt lat="34.71244574524462223052978515625" lon="135.2287060953676700592041015625">
        <ele>36.40000152587890625</ele>
        <time>2026-08-05T21:08:00.000Z</time>
        <extensions>
          <ns3:TrackPointExtension>
            <ns3:atemp>31.0</ns3:atemp>
            <ns3:hr>128</ns3:hr>
            <ns3:cad>88</ns3:cad>
          </ns3:TrackPointExtension>
        </extensions>
      </trkpt>
      <trkpt lat="34.7124196775257587432861328125" lon="135.22872059606015682220458984375">
        <ele>36.40000152587890625</ele>
        <time>2026-08-05T21:08:01.000Z</time>
        <extensions>
          <ns3:TrackPointExtension>
            <ns3:atemp>31.0</ns3:atemp>
            <ns3:hr>129</ns3:hr>
            <ns3:cad>88</ns3:cad>
          </ns3:TrackPointExtension>
        </extensions>
      </trkpt>
      <trkpt lat="34.71239662729203701019287109375" lon="135.22873383946716785430908203125">
        <ele>36.40000152587890625</ele>
        <time>2026-08-05T21:08:02.000Z</time>
        <extensions>
          <ns3:TrackPointExtension>
            <ns3:atemp>31.0</ns3:atemp>
            <ns3:hr>130</ns3:hr>
            <ns3:cad>88</ns3:cad>
          </ns3:TrackPointExtension>
        </extensions>
      </trkpt>
      <trkpt lat="34.7123730741441249847412109375" lon="135.22874758578836917877197265625">
        <ele>36.40000152587890625</ele>
        <time>2026-08-05T21:08:03.000Z</time>
        <extensions>
          <ns3:TrackPointExtension>
            <ns3:atemp>31.0</ns3:atemp>
            <ns3:hr>130</ns3:hr>
            <ns3:cad>88</ns3:cad>
          </ns3:TrackPointExtension>
        </extensions>
      </trkpt>
      <trkpt lat="34.71234583295881748199462890625" lon="135.2287604101002216339111328125">
        <ele>36.40000152587890625</ele>
        <time>2026-08-05T21:08:04.000Z</time>
        <extensions>
          <ns3:TrackPointExtension>
            <ns3:atemp>30.0</ns3:atemp>
            <ns3:hr>130</ns3:hr>
            <ns3:cad>89</ns3:cad>
          </ns3:TrackPointExtension>
        </extensions>
      </trkpt>
      <trkpt lat="34.7123224474489688873291015625" lon="135.22877675481140613555908203125">
        <ele>36.40000152587890625</ele>
        <time>2026-08-05T21:08:05.000Z</time>
        <extensions>
          <ns3:TrackPointExtension>
            <ns3:atemp>30.0</ns3:atemp>
            <ns3:hr>131</ns3:hr>
            <ns3:cad>89</ns3:cad>
          </ns3:TrackPointExtension>
        </extensions>
      </trkpt>
      <trkpt lat="34.71230241470038890838623046875" lon="135.22878664545714855194091796875">
        <ele>36.40000152587890625</ele>
        <time>2026-08-05T21:08:06.000Z</time>
        <extensions>
          <ns3:TrackPointExtension>
            <ns3:atemp>31.0</ns3:atemp>
            <ns3:hr>132</ns3:hr>
            <ns3:cad>89</ns3:cad>
          </ns3:TrackPointExtension>
        </extensions>
      </trkpt>
      <trkpt lat="34.71228196285665035247802734375" lon="135.2287855558097362518310546875">
        <ele>36.200000762939453125</ele>
        <time>2026-08-05T21:08:07.000Z</time>
        <extensions>
          <ns3:TrackPointExtension>
            <ns3:atemp>30.0</ns3:atemp>
            <ns3:hr>132</ns3:hr>
            <ns3:cad>89</ns3:cad>
          </ns3:TrackPointExtension>
        </extensions>
      </trkpt>
      <trkpt lat="34.7122570686042308807373046875" lon="135.22878983058035373687744140625">
        <ele>36.200000762939453125</ele>
        <time>2026-08-05T21:08:08.000Z</time>
        <extensions>
          <ns3:TrackPointExtension>
            <ns3:atemp>31.0</ns3:atemp>
            <ns3:hr>132</ns3:hr>
            <ns3:cad>89</ns3:cad>
          </ns3:TrackPointExtension>
        </extensions>
      </trkpt>
      <trkpt lat="34.7122342698276042938232421875" lon="135.2287993021309375762939453125">
        <ele>36.200000762939453125</ele>
        <time>2026-08-05T21:08:09.000Z</time>
        <extensions>
          <ns3:TrackPointExtension>
            <ns3:atemp>30.0</ns3:atemp>
            <ns3:hr>133</ns3:hr>
            <ns3:cad>89</ns3:cad>
          </ns3:TrackPointExtension>
        </extensions>
      </trkpt>
      <trkpt lat="34.71220753155648708343505859375" lon="135.2288093604147434234619140625">
        <ele>35.799999237060546875</ele>
        <time>2026-08-05T21:08:10.000Z</time>
        <extensions>
          <ns3:TrackPointExtension>
            <ns3:atemp>30.0</ns3:atemp>
            <ns3:hr>133</ns3:hr>
            <ns3:cad>88</ns3:cad>
          </ns3:TrackPointExtension>
        </extensions>
      </trkpt>
      <trkpt lat="34.712185822427272796630859375" lon="135.22882017306983470916748046875">
        <ele>35.59999847412109375</ele>
        <time>2026-08-05T21:08:11.000Z</time>
        <extensions>
          <ns3:TrackPointExtension>
            <ns3:atemp>30.0</ns3:atemp>
            <ns3:hr>133</ns3:hr>
            <ns3:cad>87</ns3:cad>
          </ns3:TrackPointExtension>
        </extensions>
      </trkpt>
      <trkpt lat="34.71216344274580478668212890625" lon="135.22882997989654541015625">
        <ele>35.59999847412109375</ele>
        <time>2026-08-05T21:08:12.000Z</time>
        <extensions>
          <ns3:TrackPointExtension>
            <ns3:atemp>31.0</ns3:atemp>
            <ns3:hr>133</ns3:hr>
            <ns3:cad>87</ns3:cad>
          </ns3:TrackPointExtension>
        </extensions>
      </trkpt>
      <trkpt lat="34.712142907083034515380859375" lon="135.22884272038936614990234375">
        <ele>35.40000152587890625</ele>
        <time>2026-08-05T21:08:13.000Z</time>
        <extensions>
          <ns3:TrackPointExtension>
            <ns3:atemp>30.0</ns3:atemp>
            <ns3:hr>133</ns3:hr>
            <ns3:cad>87</ns3:cad>
          </ns3:TrackPointExtension>
        </extensions>
      </trkpt>
      <trkpt lat="34.7121196053922176361083984375" lon="135.2288562990725040435791015625">
        <ele>35.200000762939453125</ele>
        <time>2026-08-05T21:08:14.000Z</time>
        <extensions>
          <ns3:TrackPointExtension>
            <ns3:atemp>30.0</ns3:atemp>
            <ns3:hr>134</ns3:hr>
            <ns3:cad>87</ns3:cad>
          </ns3:TrackPointExtension>
        </extensions>
      </trkpt>
      <trkpt lat="34.71210158430039882659912109375" lon="135.22887130267918109893798828125">
        <ele>35.200000762939453125</ele>
        <time>2026-08-05T21:08:15.000Z</time>
        <extensions>
          <ns3:TrackPointExtension>
            <ns3:atemp>30.0</ns3:atemp>
            <ns3:hr>134</ns3:hr>
            <ns3:cad>87</ns3:cad>
          </ns3:TrackPointExtension>
        </extensions>
      </trkpt>
      <trkpt lat="34.7120813839137554168701171875" lon="135.2288915030658245086669921875">
        <ele>35.200000762939453125</ele>
        <time>2026-08-05T21:08:16.000Z</time>
        <extensions>
          <ns3:TrackPointExtension>
            <ns3:atemp>30.0</ns3:atemp>
            <ns3:hr>134</ns3:hr>
            <ns3:cad>88</ns3:cad>
          </ns3:TrackPointExtension>
        </extensions>
      </trkpt>
      <trkpt lat="34.7120614349842071533203125" lon="135.2289096079766750335693359375">
        <ele>35.200000762939453125</ele>
        <time>2026-08-05T21:08:17.000Z</time>
        <extensions>
          <ns3:TrackPointExtension>
            <ns3:atemp>31.0</ns3:atemp>
            <ns3:hr>134</ns3:hr>
            <ns3:cad>88</ns3:cad>
          </ns3:TrackPointExtension>
        </extensions>
      </trkpt>
      <trkpt lat="34.71204509027302265167236328125" lon="135.22893148474395275115966796875">
        <ele>35.200000762939453125</ele>
        <time>2026-08-05T21:08:18.000Z</time>
        <extensions>
          <ns3:TrackPointExtension>
            <ns3:atemp>30.0</ns3:atemp>
            <ns3:hr>135</ns3:hr>
            <ns3:cad>88</ns3:cad>
          </ns3:TrackPointExtension>
        </extensions>
      </trkpt>
      <trkpt lat="34.71202212385833263397216796875" lon="135.228952355682849884033203125">
        <ele>35.59999847412109375</ele>
        <time>2026-08-05T21:08:19.000Z</time>
        <extensions>
          <ns3:TrackPointExtension>
            <ns3:atemp>30.0</ns3:atemp>
            <ns3:hr>135</ns3:hr>
            <ns3:cad>88</ns3:cad>
          </ns3:TrackPointExtension>
        </extensions>
      </trkpt>
      <trkpt lat="34.71200183965265750885009765625" lon="135.22896249778568744659423828125">
        <ele>35.799999237060546875</ele>
        <time>2026-08-05T21:08:20.000Z</time>
        <extensions>
          <ns3:TrackPointExtension>
            <ns3:atemp>31.0</ns3:atemp>
            <ns3:hr>135</ns3:hr>
            <ns3:cad>88</ns3:cad>
          </ns3:TrackPointExtension>
        </extensions>
      </trkpt>
      <trkpt lat="34.71197702921926975250244140625" lon="135.228975154459476470947265625">
        <ele>35.59999847412109375</ele>
        <time>2026-08-05T21:08:21.000Z</time>
        <extensions>
          <ns3:TrackPointExtension>
            <ns3:atemp>30.0</ns3:atemp>
            <ns3:hr>136</ns3:hr>
            <ns3:cad>88</ns3:cad>
          </ns3:TrackPointExtension>
        </extensions>
      </trkpt>
      <trkpt lat="34.7119512967765331268310546875" lon="135.2289910800755023956298828125">
        <ele>35.59999847412109375</ele>
        <time>2026-08-05T21:08:22.000Z</time>
        <extensions>
          <ns3:TrackPointExtension>
            <ns3:atemp>30.0</ns3:atemp>
            <ns3:hr>136</ns3:hr>
            <ns3:cad>87</ns3:cad>
          </ns3:TrackPointExtension>
        </extensions>
      </trkpt>
      <trkpt lat="34.71192858181893825531005859375" lon="135.2290068380534648895263671875">
        <ele>35.40000152587890625</ele>
        <time>2026-08-05T21:08:23.000Z</time>
        <extensions>
          <ns3:TrackPointExtension>
            <ns3:atemp>30.0</ns3:atemp>
            <ns3:hr>136</ns3:hr>
            <ns3:cad>87</ns3:cad>
          </ns3:TrackPointExtension>
        </extensions>
      </trkpt>
      <trkpt lat="34.71190695650875568389892578125" lon="135.22902242839336395263671875">
        <ele>35.200000762939453125</ele>
        <time>2026-08-05T21:08:24.000Z</time>
        <extensions>
          <ns3:TrackPointExtension>
            <ns3:atemp>31.0</ns3:atemp>
            <ns3:hr>137</ns3:hr>
            <ns3:cad>88</ns3:cad>
          </ns3:TrackPointExtension>
        </extensions>
      </trkpt>
      <trkpt lat="34.71188114024698734283447265625" lon="135.229038186371326446533203125">
        <ele>35.200000762939453125</ele>
        <time>2026-08-05T21:08:25.000Z</time>
        <extensions>
          <ns3:TrackPointExtension>
            <ns3:atemp>30.0</ns3:atemp>
            <ns3:hr>137</ns3:hr>
            <ns3:cad>88</ns3:cad>
          </ns3:TrackPointExtension>
        </extensions>
      </trkpt>
      <trkpt lat="34.7118604369461536407470703125" lon="135.22905528545379638671875">
        <ele>35.200000762939453125</ele>
        <time>2026-08-05T21:08:26.000Z</time>
        <extensions>
          <ns3:TrackPointExtension>
            <ns3:atemp>30.0</ns3:atemp>
            <ns3:hr>137</ns3:hr>
            <ns3:cad>88</ns3:cad>
          </ns3:TrackPointExtension>
        </extensions>
      </trkpt>
      <trkpt lat="34.711835794150829315185546875" lon="135.22906794212758541107177734375">
        <ele>35.200000762939453125</ele>
        <time>2026-08-05T21:08:27.000Z</time>
        <extensions>
          <ns3:TrackPointExtension>
            <ns3:atemp>31.0</ns3:atemp>
            <ns3:hr>137</ns3:hr>
            <ns3:cad>88</ns3:cad>
          </ns3:TrackPointExtension>
        </extensions>
      </trkpt>
      <trkpt lat="34.71181307919323444366455078125" lon="135.22908068262040615081787109375">
        <ele>35.200000762939453125</ele>
        <time>2026-08-05T21:08:28.000Z</time>
        <extensions>
          <ns3:TrackPointExtension>
            <ns3:atemp>30.0</ns3:atemp>
            <ns3:hr>137</ns3:hr>
            <ns3:cad>89</ns3:cad>
          </ns3:TrackPointExtension>
        </extensions>
      </trkpt>
      <trkpt lat="34.71179028041660785675048828125" lon="135.2290997095406055450439453125">
        <ele>35</ele>
        <time>2026-08-05T21:08:29.000Z</time>
        <extensions>
          <ns3:TrackPointExtension>
            <ns3:atemp>31.0</ns3:atemp>
            <ns3:hr>138</ns3:hr>
            <ns3:cad>89</ns3:cad>
          </ns3:TrackPointExtension>
        </extensions>
      </trkpt>
      <trkpt lat="34.71176614053547382354736328125" lon="135.22911873646080493927001953125">
        <ele>34.799999237060546875</ele>
        <time>2026-08-05T21:08:30.000Z</time>
        <extensions>
          <ns3:TrackPointExtension>
            <ns3:atemp>30.0</ns3:atemp>
            <ns3:hr>138</ns3:hr>
            <ns3:cad>88</ns3:cad>
          </ns3:TrackPointExtension>
        </extensions>
      </trkpt>
      <trkpt lat="34.71174149774014949798583984375" lon="135.22913550026714801788330078125">
        <ele>34.40000152587890625</ele>
        <time>2026-08-05T21:08:31.000Z</time>
        <extensions>
          <ns3:TrackPointExtension>
            <ns3:atemp>30.0</ns3:atemp>
            <ns3:hr>138</ns3:hr>
            <ns3:cad>87</ns3:cad>
          </ns3:TrackPointExtension>
        </extensions>
      </trkpt>
      <trkpt lat="34.71171366982161998748779296875" lon="135.2291533537209033966064453125">
        <ele>34</ele>
        <time>2026-08-05T21:08:32.000Z</time>
        <extensions>
          <ns3:TrackPointExtension>
            <ns3:atemp>30.0</ns3:atemp>
            <ns3:hr>137</ns3:hr>
            <ns3:cad>87</ns3:cad>
          </ns3:TrackPointExtension>
        </extensions>
      </trkpt>
      <trkpt lat="34.711689613759517669677734375" lon="135.22916701622307300567626953125">
        <ele>33.799999237060546875</ele>
        <time>2026-08-05T21:08:33.000Z</time>
        <extensions>
          <ns3:TrackPointExtension>
            <ns3:atemp>30.0</ns3:atemp>
            <ns3:hr>138</ns3:hr>
            <ns3:cad>87</ns3:cad>
          </ns3:TrackPointExtension>
        </extensions>
      </trkpt>
      <trkpt lat="34.71166119910776615142822265625" lon="135.2291768230497837066650390625">
        <ele>33.40000152587890625</ele>
        <time>2026-08-05T21:08:34.000Z</time>
        <extensions>
          <ns3:TrackPointExtension>
            <ns3:atemp>30.0</ns3:atemp>
            <ns3:hr>138</ns3:hr>
            <ns3:cad>87</ns3:cad>
          </ns3:TrackPointExtension>
        </extensions>
      </trkpt>
      <trkpt lat="34.711633287370204925537109375" lon="135.2291907370090484619140625">
        <ele>33.200000762939453125</ele>
        <time>2026-08-05T21:08:35.000Z</time>
        <extensions>
          <ns3:TrackPointExtension>
            <ns3:atemp>30.0</ns3:atemp>
            <ns3:hr>138</ns3:hr>
            <ns3:cad>87</ns3:cad>
          </ns3:TrackPointExtension>
        </extensions>
      </trkpt>
      <trkpt lat="34.71160772256553173065185546875" lon="135.22920372895896434783935546875">
        <ele>33.200000762939453125</ele>
        <time>2026-08-05T21:08:36.000Z</time>
        <extensions>
          <ns3:TrackPointExtension>
            <ns3:atemp>30.0</ns3:atemp>
            <ns3:hr>138</ns3:hr>
            <ns3:cad>88</ns3:cad>
          </ns3:TrackPointExtension>
        </extensions>
      </trkpt>
      <trkpt lat="34.71158341504633426666259765625" lon="135.22921630181372165679931640625">
        <ele>33</ele>
        <time>2026-08-05T21:08:37.000Z</time>
        <extensions>
          <ns3:TrackPointExtension>
            <ns3:atemp>30.0</ns3:atemp>
            <ns3:hr>138</ns3:hr>
            <ns3:cad>88</ns3:cad>
          </ns3:TrackPointExtension>
        </extensions>
      </trkpt>
      <trkpt lat="34.71156078390777111053466796875" lon="135.229228623211383819580078125">
        <ele>33</ele>
        <time>2026-08-05T21:08:38.000Z</time>
        <extensions>
          <ns3:TrackPointExtension>
            <ns3:atemp>30.0</ns3:atemp>
            <ns3:hr>138</ns3:hr>
            <ns3:cad>88</ns3:cad>
          </ns3:TrackPointExtension>
        </extensions>
      </trkpt>
      <trkpt lat="34.71153773367404937744140625" lon="135.229243375360965728759765625">
        <ele>32.799999237060546875</ele>
        <time>2026-08-05T21:08:39.000Z</time>
        <extensions>
          <ns3:TrackPointExtension>
            <ns3:atemp>30.0</ns3:atemp>
            <ns3:hr>138</ns3:hr>
            <ns3:cad>88</ns3:cad>
          </ns3:TrackPointExtension>
        </extensions>
      </trkpt>
      <trkpt lat="34.71151267178356647491455078125" lon="135.2292562834918498992919921875">
        <ele>32.59999847412109375</ele>
        <time>2026-08-05T21:08:40.000Z</time>
        <extensions>
          <ns3:TrackPointExtension>
            <ns3:atemp>30.0</ns3:atemp>
            <ns3:hr>138</ns3:hr>
            <ns3:cad>88</ns3:cad>
          </ns3:TrackPointExtension>
        </extensions>
      </trkpt>
      <trkpt lat="34.71148819662630558013916015625" lon="135.22927053272724151611328125">
        <ele>32.59999847412109375</ele>
        <time>2026-08-05T21:08:41.000Z</time>
        <extensions>
          <ns3:TrackPointExtension>
            <ns3:atemp>30.0</ns3:atemp>
            <ns3:hr>138</ns3:hr>
            <ns3:cad>88</ns3:cad>
          </ns3:TrackPointExtension>
        </extensions>
      </trkpt>
      <trkpt lat="34.7114646434783935546875" lon="135.2292877994477748870849609375">
        <ele>32.40000152587890625</ele>
        <time>2026-08-05T21:08:42.000Z</time>
        <extensions>
          <ns3:TrackPointExtension>
            <ns3:atemp>30.0</ns3:atemp>
            <ns3:hr>138</ns3:hr>
            <ns3:cad>87</ns3:cad>
          </ns3:TrackPointExtension>
        </extensions>
      </trkpt>
      <trkpt lat="34.711441509425640106201171875" lon="135.2293025515973567962646484375">
        <ele>32.200000762939453125</ele>
        <time>2026-08-05T21:08:43.000Z</time>
        <extensions>
          <ns3:TrackPointExtension>
            <ns3:atemp>30.0</ns3:atemp>
            <ns3:hr>138</ns3:hr>
            <ns3:cad>87</ns3:cad>
          </ns3:TrackPointExtension>
        </extensions>
      </trkpt>
      <trkpt lat="34.71141837537288665771484375" lon="135.22931571118533611297607421875">
        <ele>32</ele>
        <time>2026-08-05T21:08:44.000Z</time>
        <extensions>
          <ns3:TrackPointExtension>
            <ns3:atemp>30.0</ns3:atemp>
            <ns3:hr>138</ns3:hr>
            <ns3:cad>87</ns3:cad>
          </ns3:TrackPointExtension>
        </extensions>
      </trkpt>
      <trkpt lat="34.71139566041529178619384765625" lon="135.22932845167815685272216796875">
        <ele>32</ele>
        <time>2026-08-05T21:08:45.000Z</time>
        <extensions>
          <ns3:TrackPointExtension>
            <ns3:atemp>30.0</ns3:atemp>
            <ns3:hr>138</ns3:hr>
            <ns3:cad>87</ns3:cad>
          </ns3:TrackPointExtension>
        </extensions>
      </trkpt>
      <trkpt lat="34.7113769687712192535400390625" lon="135.22934203036129474639892578125">
        <ele>32</ele>
        <time>2026-08-05T21:08:46.000Z</time>
        <extensions>
          <ns3:TrackPointExtension>
            <ns3:atemp>30.0</ns3:atemp>
            <ns3:hr>138</ns3:hr>
            <ns3:cad>87</ns3:cad>
          </ns3:TrackPointExtension>
        </extensions>
      </trkpt>
      <trkpt lat="34.71135534346103668212890625" lon="135.22935510613024234771728515625">
        <ele>32</ele>
        <time>2026-08-05T21:08:47.000Z</time>
        <extensions>
          <ns3:TrackPointExtension>
            <ns3:atemp>30.0</ns3:atemp>
            <ns3:hr>138</ns3:hr>
            <ns3:cad>87</ns3:cad>
          </ns3:TrackPointExtension>
        </extensions>
      </trkpt>
      <trkpt lat="34.71133095212280750274658203125" lon="135.22936633788049221038818359375">
        <ele>32</ele>
        <time>2026-08-05T21:08:48.000Z</time>
        <extensions>
          <ns3:TrackPointExtension>
            <ns3:atemp>30.0</ns3:atemp>
            <ns3:hr>138</ns3:hr>
            <ns3:cad>87</ns3:cad>
          </ns3:TrackPointExtension>
        </extensions>
      </trkpt>
      <trkpt lat="34.71130563877522945404052734375" lon="135.22938125766813755035400390625">
        <ele>32</ele>
        <time>2026-08-05T21:08:49.000Z</time>
        <extensions>
          <ns3:TrackPointExtension>
            <ns3:atemp>30.0</ns3:atemp>
            <ns3:hr>138</ns3:hr>
            <ns3:cad>87</ns3:cad>
          </ns3:TrackPointExtension>
        </extensions>
      </trkpt>
      <trkpt lat="34.711284600198268890380859375" lon="135.22939600981771945953369140625">
        <ele>31.799999237060546875</ele>
        <time>2026-08-05T21:08:50.000Z</time>
        <extensions>
          <ns3:TrackPointExtension>
            <ns3:atemp>30.0</ns3:atemp>
            <ns3:hr>138</ns3:hr>
            <ns3:cad>87</ns3:cad>
          </ns3:TrackPointExtension>
        </extensions>
      </trkpt>
      <trkpt lat="34.711258113384246826171875" lon="135.22941000759601593017578125">
        <ele>31.799999237060546875</ele>
        <time>2026-08-05T21:08:51.000Z</time>
        <extensions>
          <ns3:TrackPointExtension>
            <ns3:atemp>30.0</ns3:atemp>
            <ns3:hr>138</ns3:hr>
            <ns3:cad>87</ns3:cad>
          </ns3:TrackPointExtension>
        </extensions>
      </trkpt>
      <trkpt lat="34.7112364880740642547607421875" lon="135.2294229157269001007080078125">
        <ele>31.6000003814697265625</ele>
        <time>2026-08-05T21:08:52.000Z</time>
        <extensions>
          <ns3:TrackPointExtension>
            <ns3:atemp>30.0</ns3:atemp>
            <ns3:hr>138</ns3:hr>
            <ns3:cad>87</ns3:cad>
          </ns3:TrackPointExtension>
        </extensions>
      </trkpt>
      <trkpt lat="34.71121293492615222930908203125" lon="135.22943590767681598663330078125">
        <ele>31.6000003814697265625</ele>
        <time>2026-08-05T21:08:53.000Z</time>
        <extensions>
          <ns3:TrackPointExtension>
            <ns3:atemp>30.0</ns3:atemp>
            <ns3:hr>137</ns3:hr>
            <ns3:cad>87</ns3:cad>
          </ns3:TrackPointExtension>
        </extensions>
      </trkpt>
      <trkpt lat="34.71119063906371593475341796875" lon="135.229446887969970703125">
        <ele>31.3999996185302734375</ele>
        <time>2026-08-05T21:08:54.000Z</time>
        <extensions>
          <ns3:TrackPointExtension>
            <ns3:atemp>30.0</ns3:atemp>
            <ns3:hr>137</ns3:hr>
            <ns3:cad>87</ns3:cad>
          </ns3:TrackPointExtension>
        </extensions>
      </trkpt>
      <trkpt lat="34.71116817556321620941162109375" lon="135.2294597961008548736572265625">
        <ele>31.3999996185302734375</ele>
        <time>2026-08-05T21:08:55.000Z</time>
        <extensions>
          <ns3:TrackPointExtension>
            <ns3:atemp>30.0</ns3:atemp>
            <ns3:hr>136</ns3:hr>
            <ns3:cad>87</ns3:cad>
          </ns3:TrackPointExtension>
        </extensions>
      </trkpt>
      <trkpt lat="34.71114638261497020721435546875" lon="135.2294722013175487518310546875">
        <ele>31.3999996185302734375</ele>
        <time>2026-08-05T21:08:56.000Z</time>
        <extensions>
          <ns3:TrackPointExtension>
            <ns3:atemp>30.0</ns3:atemp>
            <ns3:hr>136</ns3:hr>
            <ns3:cad>88</ns3:cad>
          </ns3:TrackPointExtension>
        </extensions>
      </trkpt>
      <trkpt lat="34.71112207509577274322509765625" lon="135.22948603145778179168701171875">
        <ele>31.3999996185302734375</ele>
        <time>2026-08-05T21:08:57.000Z</time>
        <extensions>
          <ns3:TrackPointExtension>
            <ns3:atemp>30.0</ns3:atemp>
            <ns3:hr>136</ns3:hr>
            <ns3:cad>88</ns3:cad>
          </ns3:TrackPointExtension>
        </extensions>
      </trkpt>
      <trkpt lat="34.71109910868108272552490234375" lon="135.2294996939599514007568359375">
        <ele>31.6000003814697265625</ele>
        <time>2026-08-05T21:08:58.000Z</time>
        <extensions>
          <ns3:TrackPointExtension>
            <ns3:atemp>30.0</ns3:atemp>
            <ns3:hr>136</ns3:hr>
            <ns3:cad>88</ns3:cad>
          </ns3:TrackPointExtension>
        </extensions>
      </trkpt>
      <trkpt lat="34.7110755555331707000732421875" lon="135.229512937366962432861328125">
        <ele>31.6000003814697265625</ele>
        <time>2026-08-05T21:08:59.000Z</time>
        <extensions>
          <ns3:TrackPointExtension>
            <ns3:atemp>30.0</ns3:atemp>
            <ns3:hr>136</ns3:hr>
            <ns3:cad>88</ns3:cad>
          </ns3:TrackPointExtension>
        </extensions>
      </trkpt>
      <trkpt lat="34.71105317585170269012451171875" lon="135.229525677859783172607421875">
        <ele>31.3999996185302734375</ele>
        <time>2026-08-05T21:09:00.000Z</time>
        <extensions>
          <ns3:TrackPointExtension>
            <ns3:atemp>30.0</ns3:atemp>
            <ns3:hr>135</ns3:hr>
            <ns3:cad>89</ns3:cad>
          </ns3:TrackPointExtension>
        </extensions>
      </trkpt>
      <trkpt lat="34.71103020943701267242431640625" lon="135.22953682579100131988525390625">
        <ele>31.200000762939453125</ele>
        <time>2026-08-05T21:09:01.000Z</time>
        <extensions>
          <ns3:TrackPointExtension>
            <ns3:atemp>30.0</ns3:atemp>
            <ns3:hr>135</ns3:hr>
            <ns3:cad>89</ns3:cad>
          </ns3:TrackPointExtension>
        </extensions>
      </trkpt>
      <trkpt lat="34.711007662117481231689453125" lon="135.22954939864575862884521484375">
        <ele>31.200000762939453125</ele>
        <time>2026-08-05T21:09:02.000Z</time>
        <extensions>
          <ns3:TrackPointExtension>
            <ns3:atemp>30.0</ns3:atemp>
            <ns3:hr>136</ns3:hr>
            <ns3:cad>89</ns3:cad>
          </ns3:TrackPointExtension>
        </extensions>
      </trkpt>
      <trkpt lat="34.7109850309789180755615234375" lon="135.2295608818531036376953125">
        <ele>31</ele>
        <time>2026-08-05T21:09:03.000Z</time>
        <extensions>
          <ns3:TrackPointExtension>
            <ns3:atemp>30.0</ns3:atemp>
            <ns3:hr>136</ns3:hr>
            <ns3:cad>89</ns3:cad>
          </ns3:TrackPointExtension>
        </extensions>
      </trkpt>
      <trkpt lat="34.7109608910977840423583984375" lon="135.2295742928981781005859375">
        <ele>31</ele>
        <time>2026-08-05T21:09:04.000Z</time>
        <extensions>
          <ns3:TrackPointExtension>
            <ns3:atemp>30.0</ns3:atemp>
            <ns3:hr>136</ns3:hr>
            <ns3:cad>88</ns3:cad>
          </ns3:TrackPointExtension>
        </extensions>
      </trkpt>
      <trkpt lat="34.71093867905437946319580078125" lon="135.22958703339099884033203125">
        <ele>31</ele>
        <time>2026-08-05T21:09:05.000Z</time>
        <extensions>
          <ns3:TrackPointExtension>
            <ns3:atemp>30.0</ns3:atemp>
            <ns3:hr>136</ns3:hr>
            <ns3:cad>88</ns3:cad>
          </ns3:TrackPointExtension>
        </extensions>
      </trkpt>
      <trkpt lat="34.71091403625905513763427734375" lon="135.229599438607692718505859375">
        <ele>31</ele>
        <time>2026-08-05T21:09:06.000Z</time>
        <extensions>
          <ns3:TrackPointExtension>
            <ns3:atemp>30.0</ns3:atemp>
            <ns3:hr>136</ns3:hr>
            <ns3:cad>88</ns3:cad>
          </ns3:TrackPointExtension>
        </extensions>
      </trkpt>
      <trkpt lat="34.71088905818760395050048828125" lon="135.22961326874792575836181640625">
        <ele>31</ele>
        <time>2026-08-05T21:09:07.000Z</time>
        <extensions>
          <ns3:TrackPointExtension>
            <ns3:atemp>30.0</ns3:atemp>
            <ns3:hr>136</ns3:hr>
            <ns3:cad>88</ns3:cad>
          </ns3:TrackPointExtension>
        </extensions>
      </trkpt>
      <trkpt lat="34.710866175591945648193359375" lon="135.22962785325944423675537109375">
        <ele>31.200000762939453125</ele>
        <time>2026-08-05T21:09:08.000Z</time>
        <extensions>
          <ns3:TrackPointExtension>
            <ns3:atemp>30.0</ns3:atemp>
            <ns3:hr>136</ns3:hr>
            <ns3:cad>89</ns3:cad>
          </ns3:TrackPointExtension>
        </extensions>
      </trkpt>
      <trkpt lat="34.7108428739011287689208984375" lon="135.22964227013289928436279296875">
        <ele>31.200000762939453125</ele>
        <time>2026-08-05T21:09:09.000Z</time>
        <extensions>
          <ns3:TrackPointExtension>
            <ns3:atemp>30.0</ns3:atemp>
            <ns3:hr>136</ns3:hr>
            <ns3:cad>89</ns3:cad>
          </ns3:TrackPointExtension>
        </extensions>
      </trkpt>
      <trkpt lat="34.71081831492483615875244140625" lon="135.22965610027313232421875">
        <ele>31.3999996185302734375</ele>
        <time>2026-08-05T21:09:10.000Z</time>
        <extensions>
          <ns3:TrackPointExtension>
            <ns3:atemp>30.0</ns3:atemp>
            <ns3:hr>137</ns3:hr>
            <ns3:cad>89</ns3:cad>
          </ns3:TrackPointExtension>
        </extensions>
      </trkpt>
      <trkpt lat="34.7107982821762561798095703125" lon="135.22966825403273105621337890625">
        <ele>31.3999996185302734375</ele>
        <time>2026-08-05T21:09:11.000Z</time>
        <extensions>
          <ns3:TrackPointExtension>
            <ns3:atemp>30.0</ns3:atemp>
            <ns3:hr>136</ns3:hr>
            <ns3:cad>89</ns3:cad>
          </ns3:TrackPointExtension>
        </extensions>
      </trkpt>
      <trkpt lat="34.7107741422951221466064453125" lon="135.22968225181102752685546875">
        <ele>31.3999996185302734375</ele>
        <time>2026-08-05T21:09:12.000Z</time>
        <extensions>
          <ns3:TrackPointExtension>
            <ns3:atemp>30.0</ns3:atemp>
            <ns3:hr>136</ns3:hr>
            <ns3:cad>89</ns3:cad>
          </ns3:TrackPointExtension>
        </extensions>
      </trkpt>
      <trkpt lat="34.710753522813320159912109375" lon="135.22969700396060943603515625">
        <ele>31.3999996185302734375</ele>
        <time>2026-08-05T21:09:13.000Z</time>
        <extensions>
          <ns3:TrackPointExtension>
            <ns3:atemp>30.0</ns3:atemp>
            <ns3:hr>136</ns3:hr>
            <ns3:cad>89</ns3:cad>
          </ns3:TrackPointExtension>
        </extensions>
      </trkpt>
      <trkpt lat="34.710727371275424957275390625" lon="135.22970664314925670623779296875">
        <ele>31.3999996185302734375</ele>
        <time>2026-08-05T21:09:14.000Z</time>
        <extensions>
          <ns3:TrackPointExtension>
            <ns3:atemp>30.0</ns3:atemp>
            <ns3:hr>136</ns3:hr>
            <ns3:cad>89</ns3:cad>
          </ns3:TrackPointExtension>
        </extensions>
      </trkpt>
      <trkpt lat="34.71070096828043460845947265625" lon="135.2297084033489227294921875">
        <ele>31.6000003814697265625</ele>
        <time>2026-08-05T21:09:15.000Z</time>
        <extensions>
          <ns3:TrackPointExtension>
            <ns3:atemp>30.0</ns3:atemp>
            <ns3:hr>136</ns3:hr>
            <ns3:cad>89</ns3:cad>
          </ns3:TrackPointExtension>
        </extensions>
      </trkpt>
      <trkpt lat="34.7106564603745937347412109375" lon="135.22968401201069355010986328125">
        <ele>31.799999237060546875</ele>
        <time>2026-08-05T21:09:16.000Z</time>
        <extensions>
          <ns3:TrackPointExtension>
            <ns3:atemp>30.0</ns3:atemp>
            <ns3:hr>135</ns3:hr>
            <ns3:cad>89</ns3:cad>
          </ns3:TrackPointExtension>
        </extensions>
      </trkpt>
      <trkpt lat="34.7106564603745937347412109375" lon="135.22968401201069355010986328125">
        <ele>31.799999237060546875</ele>
        <time>2026-08-05T21:09:17.000Z</time>
        <extensions>
          <ns3:TrackPointExtension>
            <ns3:atemp>30.0</ns3:atemp>
            <ns3:hr>135</ns3:hr>
            <ns3:cad>89</ns3:cad>
          </ns3:TrackPointExtension>
        </extensions>
      </trkpt>
      <trkpt lat="34.71063625998795032501220703125" lon="135.22966481745243072509765625">
        <ele>31.799999237060546875</ele>
        <time>2026-08-05T21:09:18.000Z</time>
        <extensions>
          <ns3:TrackPointExtension>
            <ns3:atemp>30.0</ns3:atemp>
            <ns3:hr>135</ns3:hr>
            <ns3:cad>89</ns3:cad>
          </ns3:TrackPointExtension>
        </extensions>
      </trkpt>
      <trkpt lat="34.71061446703970432281494140625" lon="135.22965232841670513153076171875">
        <ele>32</ele>
        <time>2026-08-05T21:09:19.000Z</time>
        <extensions>
          <ns3:TrackPointExtension>
            <ns3:atemp>30.0</ns3:atemp>
            <ns3:hr>134</ns3:hr>
            <ns3:cad>88</ns3:cad>
          </ns3:TrackPointExtension>
        </extensions>
      </trkpt>
      <trkpt lat="34.71058831550180912017822265625" lon="135.2296532504260540008544921875">
        <ele>32</ele>
        <time>2026-08-05T21:09:20.000Z</time>
        <extensions>
          <ns3:TrackPointExtension>
            <ns3:atemp>30.0</ns3:atemp>
            <ns3:hr>134</ns3:hr>
            <ns3:cad>89</ns3:cad>
          </ns3:TrackPointExtension>
        </extensions>
      </trkpt>
      <trkpt lat="34.7105629183351993560791015625" lon="135.22966825403273105621337890625">
        <ele>31.799999237060546875</ele>
        <time>2026-08-05T21:09:21.000Z</time>
        <extensions>
          <ns3:TrackPointExtension>
            <ns3:atemp>30.0</ns3:atemp>
            <ns3:hr>134</ns3:hr>
            <ns3:cad>89</ns3:cad>
          </ns3:TrackPointExtension>
        </extensions>
      </trkpt>
      <trkpt lat="34.71054020337760448455810546875" lon="135.22968635894358158111572265625">
        <ele>31.799999237060546875</ele>
        <time>2026-08-05T21:09:22.000Z</time>
        <extensions>
          <ns3:TrackPointExtension>
            <ns3:atemp>30.0</ns3:atemp>
            <ns3:hr>135</ns3:hr>
            <ns3:cad>89</ns3:cad>
          </ns3:TrackPointExtension>
        </extensions>
      </trkpt>
      <trkpt lat="34.7105149738490581512451171875" lon="135.22970362566411495208740234375">
        <ele>31.6000003814697265625</ele>
        <time>2026-08-05T21:09:23.000Z</time>
        <extensions>
          <ns3:TrackPointExtension>
            <ns3:atemp>30.0</ns3:atemp>
            <ns3:hr>135</ns3:hr>
            <ns3:cad>88</ns3:cad>
          </ns3:TrackPointExtension>
        </extensions>
      </trkpt>
      <trkpt lat="34.710490666329860687255859375" lon="135.22971569560468196868896484375">
        <ele>31.3999996185302734375</ele>
        <time>2026-08-05T21:09:24.000Z</time>
        <extensions>
          <ns3:TrackPointExtension>
            <ns3:atemp>30.0</ns3:atemp>
            <ns3:hr>135</ns3:hr>
            <ns3:cad>87</ns3:cad>
          </ns3:TrackPointExtension>
        </extensions>
      </trkpt>
      <trkpt lat="34.71047130413353443145751953125" lon="135.229704715311527252197265625">
        <ele>31.3999996185302734375</ele>
        <time>2026-08-05T21:09:25.000Z</time>
        <extensions>
          <ns3:TrackPointExtension>
            <ns3:atemp>30.0</ns3:atemp>
            <ns3:hr>135</ns3:hr>
            <ns3:cad>87</ns3:cad>
          </ns3:TrackPointExtension>
        </extensions>
      </trkpt>
      <trkpt lat="34.71046292223036289215087890625" lon="135.22968065924942493438720703125">
        <ele>31.200000762939453125</ele>
        <time>2026-08-05T21:09:26.000Z</time>
        <extensions>
          <ns3:TrackPointExtension>
            <ns3:atemp>30.0</ns3:atemp>
            <ns3:hr>135</ns3:hr>
            <ns3:cad>87</ns3:cad>
          </ns3:TrackPointExtension>
        </extensions>
      </trkpt>
      <trkpt lat="34.7104546241462230682373046875" lon="135.2296535857021808624267578125">
        <ele>31</ele>
        <time>2026-08-05T21:09:27.000Z</time>
        <extensions>
          <ns3:TrackPointExtension>
            <ns3:atemp>30.0</ns3:atemp>
            <ns3:hr>135</ns3:hr>
            <ns3:cad>87</ns3:cad>
          </ns3:TrackPointExtension>
        </extensions>
      </trkpt>
      <trkpt lat="34.71044666133821010589599609375" lon="135.2296287752687931060791015625">
        <ele>31</ele>
        <time>2026-08-05T21:09:28.000Z</time>
        <extensions>
          <ns3:TrackPointExtension>
            <ns3:atemp>30.0</ns3:atemp>
            <ns3:hr>134</ns3:hr>
            <ns3:cad>87</ns3:cad>
          </ns3:TrackPointExtension>
        </extensions>
      </trkpt>
      <trkpt lat="34.71043710596859455108642578125" lon="135.2295992709696292877197265625">
        <ele>30.799999237060546875</ele>
        <time>2026-08-05T21:09:29.000Z</time>
        <extensions>
          <ns3:TrackPointExtension>
            <ns3:atemp>30.0</ns3:atemp>
            <ns3:hr>134</ns3:hr>
            <ns3:cad>87</ns3:cad>
          </ns3:TrackPointExtension>
        </extensions>
      </trkpt>
      <trkpt lat="34.71042654477059841156005859375" lon="135.2295694313943386077880859375">
        <ele>30.3999996185302734375</ele>
        <time>2026-08-05T21:09:30.000Z</time>
        <extensions>
          <ns3:TrackPointExtension>
            <ns3:atemp>30.0</ns3:atemp>
            <ns3:hr>134</ns3:hr>
            <ns3:cad>87</ns3:cad>
          </ns3:TrackPointExtension>
        </extensions>
      </trkpt>
      <trkpt lat="34.71041648648679256439208984375" lon="135.22954001091420650482177734375">
        <ele>30.200000762939453125</ele>
        <time>2026-08-05T21:09:31.000Z</time>
        <extensions>
          <ns3:TrackPointExtension>
            <ns3:atemp>30.0</ns3:atemp>
            <ns3:hr>134</ns3:hr>
            <ns3:cad>87</ns3:cad>
          </ns3:TrackPointExtension>
        </extensions>
      </trkpt>
      <trkpt lat="34.710404835641384124755859375" lon="135.22951059043407440185546875">
        <ele>30</ele>
        <time>2026-08-05T21:09:32.000Z</time>
        <extensions>
          <ns3:TrackPointExtension>
            <ns3:atemp>31.0</ns3:atemp>
            <ns3:hr>135</ns3:hr>
            <ns3:cad>87</ns3:cad>
          </ns3:TrackPointExtension>
        </extensions>
      </trkpt>
      <trkpt lat="34.71039067022502422332763671875" lon="135.22948435507714748382568359375">
        <ele>29.6000003814697265625</ele>
        <time>2026-08-05T21:09:33.000Z</time>
        <extensions>
          <ns3:TrackPointExtension>
            <ns3:atemp>30.0</ns3:atemp>
            <ns3:hr>135</ns3:hr>
            <ns3:cad>87</ns3:cad>
          </ns3:TrackPointExtension>
        </extensions>
      </trkpt>
      <trkpt lat="34.7103761695325374603271484375" lon="135.22946541197597980499267578125">
        <ele>29.3999996185302734375</ele>
        <time>2026-08-05T21:09:34.000Z</time>
        <extensions>
          <ns3:TrackPointExtension>
            <ns3:atemp>30.0</ns3:atemp>
            <ns3:hr>135</ns3:hr>
            <ns3:cad>87</ns3:cad>
          </ns3:TrackPointExtension>
        </extensions>
      </trkpt>
      <trkpt lat="34.7103630937635898590087890625" lon="135.229445211589336395263671875">
        <ele>29</ele>
        <time>2026-08-05T21:09:35.000Z</time>
        <extensions>
          <ns3:TrackPointExtension>
            <ns3:atemp>30.0</ns3:atemp>
            <ns3:hr>136</ns3:hr>
            <ns3:cad>87</ns3:cad>
          </ns3:TrackPointExtension>
        </extensions>
      </trkpt>
      <trkpt lat="34.71034725196659564971923828125" lon="135.2294272743165493011474609375">
        <ele>28.799999237060546875</ele>
        <time>2026-08-05T21:09:36.000Z</time>
        <extensions>
          <ns3:TrackPointExtension>
            <ns3:atemp>30.0</ns3:atemp>
            <ns3:hr>136</ns3:hr>
            <ns3:cad>87</ns3:cad>
          </ns3:TrackPointExtension>
        </extensions>
      </trkpt>
      <trkpt lat="34.71033208072185516357421875" lon="135.229408331215381622314453125">
        <ele>28.799999237060546875</ele>
        <time>2026-08-05T21:09:37.000Z</time>
        <extensions>
          <ns3:TrackPointExtension>
            <ns3:atemp>30.0</ns3:atemp>
            <ns3:hr>136</ns3:hr>
            <ns3:cad>87</ns3:cad>
          </ns3:TrackPointExtension>
        </extensions>
      </trkpt>
      <trkpt lat="34.71031858585774898529052734375" lon="135.22939131595194339752197265625">
        <ele>28.799999237060546875</ele>
        <time>2026-08-05T21:09:38.000Z</time>
        <extensions>
          <ns3:TrackPointExtension>
            <ns3:atemp>30.0</ns3:atemp>
            <ns3:hr>136</ns3:hr>
            <ns3:cad>86</ns3:cad>
          </ns3:TrackPointExtension>
        </extensions>
      </trkpt>
      <trkpt lat="34.71029452979564666748046875" lon="135.22941579110920429229736328125">
        <ele>28.799999237060546875</ele>
        <time>2026-08-05T21:09:39.000Z</time>
        <extensions>
          <ns3:TrackPointExtension>
            <ns3:atemp>30.0</ns3:atemp>
            <ns3:hr>136</ns3:hr>
            <ns3:cad>86</ns3:cad>
          </ns3:TrackPointExtension>
        </extensions>
      </trkpt>
      <trkpt lat="34.71027147956192493438720703125" lon="135.22943322546780109405517578125">
        <ele>28.799999237060546875</ele>
        <time>2026-08-05T21:09:40.000Z</time>
        <extensions>
          <ns3:TrackPointExtension>
            <ns3:atemp>30.0</ns3:atemp>
            <ns3:hr>135</ns3:hr>
            <ns3:cad>85</ns3:cad>
          </ns3:TrackPointExtension>
        </extensions>
      </trkpt>
      <trkpt lat="34.71025052480399608612060546875" lon="135.22944730706512928009033203125">
        <ele>28.6000003814697265625</ele>
        <time>2026-08-05T21:09:41.000Z</time>
        <extensions>
          <ns3:TrackPointExtension>
            <ns3:atemp>30.0</ns3:atemp>
            <ns3:hr>135</ns3:hr>
            <ns3:cad>85</ns3:cad>
          </ns3:TrackPointExtension>
        </extensions>
      </trkpt>
      <trkpt lat="34.71022772602736949920654296875" lon="135.22945971228182315826416015625">
        <ele>28.3999996185302734375</ele>
        <time>2026-08-05T21:09:42.000Z</time>
        <extensions>
          <ns3:TrackPointExtension>
            <ns3:atemp>30.0</ns3:atemp>
            <ns3:hr>135</ns3:hr>
            <ns3:cad>85</ns3:cad>
          </ns3:TrackPointExtension>
        </extensions>
      </trkpt>
      <trkpt lat="34.7102078609168529510498046875" lon="135.22947228513658046722412109375">
        <ele>28.200000762939453125</ele>
        <time>2026-08-05T21:09:43.000Z</time>
        <extensions>
          <ns3:TrackPointExtension>
            <ns3:atemp>30.0</ns3:atemp>
            <ns3:hr>134</ns3:hr>
            <ns3:cad>86</ns3:cad>
          </ns3:TrackPointExtension>
        </extensions>
      </trkpt>
      <trkpt lat="34.710191600024700164794921875" lon="135.2294792421162128448486328125">
        <ele>28</ele>
        <time>2026-08-05T21:09:44.000Z</time>
        <extensions>
          <ns3:TrackPointExtension>
            <ns3:atemp>30.0</ns3:atemp>
            <ns3:hr>134</ns3:hr>
            <ns3:cad>89</ns3:cad>
          </ns3:TrackPointExtension>
        </extensions>
      </trkpt>
      <trkpt lat="34.71016653813421726226806640625" lon="135.22949047386646270751953125">
        <ele>28</ele>
        <time>2026-08-05T21:09:45.000Z</time>
        <extensions>
          <ns3:TrackPointExtension>
            <ns3:atemp>30.0</ns3:atemp>
            <ns3:hr>133</ns3:hr>
            <ns3:cad>89</ns3:cad>
          </ns3:TrackPointExtension>
        </extensions>
      </trkpt>
      <trkpt lat="34.71013284288346767425537109375" lon="135.2295191399753093719482421875">
        <ele>28</ele>
        <time>2026-08-05T21:09:46.000Z</time>
        <extensions>
          <ns3:TrackPointExtension>
            <ns3:atemp>30.0</ns3:atemp>
            <ns3:hr>133</ns3:hr>
            <ns3:cad>88</ns3:cad>
          </ns3:TrackPointExtension>
        </extensions>
      </trkpt>
      <trkpt lat="34.71011071465909481048583984375" lon="135.2295474708080291748046875">
        <ele>27.799999237060546875</ele>
        <time>2026-08-05T21:09:47.000Z</time>
        <extensions>
          <ns3:TrackPointExtension>
            <ns3:atemp>30.0</ns3:atemp>
            <ns3:hr>132</ns3:hr>
            <ns3:cad>87</ns3:cad>
          </ns3:TrackPointExtension>
        </extensions>
      </trkpt>
      <trkpt lat="34.7100777737796306610107421875" lon="135.22958460263907909393310546875">
        <ele>27.6000003814697265625</ele>
        <time>2026-08-05T21:09:48.000Z</time>
        <extensions>
          <ns3:TrackPointExtension>
            <ns3:atemp>30.0</ns3:atemp>
            <ns3:hr>132</ns3:hr>
            <ns3:cad>87</ns3:cad>
          </ns3:TrackPointExtension>
        </extensions>
      </trkpt>
      <trkpt lat="34.71004315651953220367431640625" lon="135.2295908890664577484130859375">
        <ele>27.6000003814697265625</ele>
        <time>2026-08-05T21:09:49.000Z</time>
        <extensions>
          <ns3:TrackPointExtension>
            <ns3:atemp>30.0</ns3:atemp>
            <ns3:hr>132</ns3:hr>
            <ns3:cad>87</ns3:cad>
          </ns3:TrackPointExtension>
        </extensions>
      </trkpt>
      <trkpt lat="34.710015915334224700927734375" lon="135.2295925654470920562744140625">
        <ele>27.3999996185302734375</ele>
        <time>2026-08-05T21:09:50.000Z</time>
        <extensions>
          <ns3:TrackPointExtension>
            <ns3:atemp>30.0</ns3:atemp>
            <ns3:hr>132</ns3:hr>
            <ns3:cad>87</ns3:cad>
          </ns3:TrackPointExtension>
        </extensions>
      </trkpt>
      <trkpt lat="34.70999009907245635986328125" lon="135.22958879359066486358642578125">
        <ele>27.200000762939453125</ele>
        <time>2026-08-05T21:09:51.000Z</time>
        <extensions>
          <ns3:TrackPointExtension>
            <ns3:atemp>30.0</ns3:atemp>
            <ns3:hr>132</ns3:hr>
            <ns3:cad>87</ns3:cad>
          </ns3:TrackPointExtension>
        </extensions>
      </trkpt>
      <trkpt lat="34.70996872521936893463134765625" lon="135.229582004249095916748046875">
        <ele>27.200000762939453125</ele>
        <time>2026-08-05T21:09:52.000Z</time>
        <extensions>
          <ns3:TrackPointExtension>
            <ns3:atemp>30.0</ns3:atemp>
            <ns3:hr>132</ns3:hr>
            <ns3:cad>87</ns3:cad>
          </ns3:TrackPointExtension>
        </extensions>
      </trkpt>
      <trkpt lat="34.70994676463305950164794921875" lon="135.229572616517543792724609375">
        <ele>27.200000762939453125</ele>
        <time>2026-08-05T21:09:53.000Z</time>
        <extensions>
          <ns3:TrackPointExtension>
            <ns3:atemp>30.0</ns3:atemp>
            <ns3:hr>132</ns3:hr>
            <ns3:cad>87</ns3:cad>
          </ns3:TrackPointExtension>
        </extensions>
      </trkpt>
      <trkpt lat="34.7099252231419086456298828125" lon="135.2295583672821521759033203125">
        <ele>27.3999996185302734375</ele>
        <time>2026-08-05T21:09:54.000Z</time>
        <extensions>
          <ns3:TrackPointExtension>
            <ns3:atemp>30.0</ns3:atemp>
            <ns3:hr>132</ns3:hr>
            <ns3:cad>89</ns3:cad>
          </ns3:TrackPointExtension>
        </extensions>
      </trkpt>
      <trkpt lat="34.709907956421375274658203125" lon="135.229539088904857635498046875">
        <ele>27.3999996185302734375</ele>
        <time>2026-08-05T21:09:55.000Z</time>
        <extensions>
          <ns3:TrackPointExtension>
            <ns3:atemp>30.0</ns3:atemp>
            <ns3:hr>132</ns3:hr>
            <ns3:cad>89</ns3:cad>
          </ns3:TrackPointExtension>
        </extensions>
      </trkpt>
      <trkpt lat="34.7098937071859836578369140625" lon="135.22951452992856502532958984375">
        <ele>27.6000003814697265625</ele>
        <time>2026-08-05T21:09:56.000Z</time>
        <extensions>
          <ns3:TrackPointExtension>
            <ns3:atemp>30.0</ns3:atemp>
            <ns3:hr>132</ns3:hr>
            <ns3:cad>89</ns3:cad>
          </ns3:TrackPointExtension>
        </extensions>
      </trkpt>
      <trkpt lat="34.709880463778972625732421875" lon="135.22949290461838245391845703125">
        <ele>27.799999237060546875</ele>
        <time>2026-08-05T21:09:57.000Z</time>
        <extensions>
          <ns3:TrackPointExtension>
            <ns3:atemp>31.0</ns3:atemp>
            <ns3:hr>132</ns3:hr>
            <ns3:cad>88</ns3:cad>
          </ns3:TrackPointExtension>
        </extensions>
      </trkpt>
      <trkpt lat="34.70986747182905673980712890625" lon="135.22946725599467754364013671875">
        <ele>28</ele>
        <time>2026-08-05T21:09:58.000Z</time>
        <extensions>
          <ns3:TrackPointExtension>
            <ns3:atemp>30.0</ns3:atemp>
            <ns3:hr>131</ns3:hr>
            <ns3:cad>87</ns3:cad>
          </ns3:TrackPointExtension>
        </extensions>
      </trkpt>
      <trkpt lat="34.70985590480268001556396484375" lon="135.22943951189517974853515625">
        <ele>28</ele>
        <time>2026-08-05T21:09:59.000Z</time>
        <extensions>
          <ns3:TrackPointExtension>
            <ns3:atemp>30.0</ns3:atemp>
            <ns3:hr>132</ns3:hr>
            <ns3:cad>87</ns3:cad>
          </ns3:TrackPointExtension>
        </extensions>
      </trkpt>
      <trkpt lat="34.7098410688340663909912109375" lon="135.229412019252777099609375">
        <ele>28.200000762939453125</ele>
        <time>2026-08-05T21:10:00.000Z</time>
        <extensions>
          <ns3:TrackPointExtension>
            <ns3:atemp>30.0</ns3:atemp>
            <ns3:hr>132</ns3:hr>
            <ns3:cad>87</ns3:cad>
          </ns3:TrackPointExtension>
        </extensions>
      </trkpt>
      <trkpt lat="34.70983008854091167449951171875" lon="135.2293865382671356201171875">
        <ele>28.200000762939453125</ele>
        <time>2026-08-05T21:10:01.000Z</time>
        <extensions>
          <ns3:TrackPointExtension>
            <ns3:atemp>30.0</ns3:atemp>
            <ns3:hr>132</ns3:hr>
            <ns3:cad>88</ns3:cad>
          </ns3:TrackPointExtension>
        </extensions>
      </trkpt>
      <trkpt lat="34.70981550402939319610595703125" lon="135.229360722005367279052734375">
        <ele>28.200000762939453125</ele>
        <time>2026-08-05T21:10:02.000Z</time>
        <extensions>
          <ns3:TrackPointExtension>
            <ns3:atemp>31.0</ns3:atemp>
            <ns3:hr>132</ns3:hr>
            <ns3:cad>88</ns3:cad>
          </ns3:TrackPointExtension>
        </extensions>
      </trkpt>
      <trkpt lat="34.70980561338365077972412109375" lon="135.22934001870453357696533203125">
        <ele>28.200000762939453125</ele>
        <time>2026-08-05T21:10:03.000Z</time>
        <extensions>
          <ns3:TrackPointExtension>
            <ns3:atemp>31.0</ns3:atemp>
            <ns3:hr>132</ns3:hr>
            <ns3:cad>88</ns3:cad>
          </ns3:TrackPointExtension>
        </extensions>
      </trkpt>
      <trkpt lat="34.7097949683666229248046875" lon="135.2293159626424312591552734375">
        <ele>28.200000762939453125</ele>
        <time>2026-08-05T21:10:04.000Z</time>
        <extensions>
          <ns3:TrackPointExtension>
            <ns3:atemp>30.0</ns3:atemp>
            <ns3:hr>132</ns3:hr>
            <ns3:cad>88</ns3:cad>
          </ns3:TrackPointExtension>
        </extensions>
      </trkpt>
      <trkpt lat="34.70978750847280025482177734375" lon="135.229289643466472625732421875">
        <ele>28.200000762939453125</ele>
        <time>2026-08-05T21:10:05.000Z</time>
        <extensions>
          <ns3:TrackPointExtension>
            <ns3:atemp>30.0</ns3:atemp>
            <ns3:hr>132</ns3:hr>
            <ns3:cad>88</ns3:cad>
          </ns3:TrackPointExtension>
        </extensions>
      </trkpt>
      <trkpt lat="34.7097790427505970001220703125" lon="135.2292629890143871307373046875">
        <ele>28.200000762939453125</ele>
        <time>2026-08-05T21:10:06.000Z</time>
        <extensions>
          <ns3:TrackPointExtension>
            <ns3:atemp>30.0</ns3:atemp>
            <ns3:hr>132</ns3:hr>
            <ns3:cad>88</ns3:cad>
          </ns3:TrackPointExtension>
        </extensions>
      </trkpt>
      <trkpt lat="34.70977015793323516845703125" lon="135.22923700511455535888671875">
        <ele>28.200000762939453125</ele>
        <time>2026-08-05T21:10:07.000Z</time>
        <extensions>
          <ns3:TrackPointExtension>
            <ns3:atemp>30.0</ns3:atemp>
            <ns3:hr>133</ns3:hr>
            <ns3:cad>88</ns3:cad>
          </ns3:TrackPointExtension>
        </extensions>
      </trkpt>
      <trkpt lat="34.70976169221103191375732421875" lon="135.22921009920537471771240234375">
        <ele>28.200000762939453125</ele>
        <time>2026-08-05T21:10:08.000Z</time>
        <extensions>
          <ns3:TrackPointExtension>
            <ns3:atemp>30.0</ns3:atemp>
            <ns3:hr>133</ns3:hr>
            <ns3:cad>88</ns3:cad>
          </ns3:TrackPointExtension>
        </extensions>
      </trkpt>
      <trkpt lat="34.70975331030786037445068359375" lon="135.22918210364878177642822265625">
        <ele>28.200000762939453125</ele>
        <time>2026-08-05T21:10:09.000Z</time>
        <extensions>
          <ns3:TrackPointExtension>
            <ns3:atemp>30.0</ns3:atemp>
            <ns3:hr>134</ns3:hr>
            <ns3:cad>88</ns3:cad>
          </ns3:TrackPointExtension>
        </extensions>
      </trkpt>
      <trkpt lat="34.7097461856901645660400390625" lon="135.229156203567981719970703125">
        <ele>28.200000762939453125</ele>
        <time>2026-08-05T21:10:10.000Z</time>
        <extensions>
          <ns3:TrackPointExtension>
            <ns3:atemp>30.0</ns3:atemp>
            <ns3:hr>134</ns3:hr>
            <ns3:cad>88</ns3:cad>
          </ns3:TrackPointExtension>
        </extensions>
      </trkpt>
      <trkpt lat="34.7097378037869930267333984375" lon="135.22913097403943538665771484375">
        <ele>28.200000762939453125</ele>
        <time>2026-08-05T21:10:11.000Z</time>
        <extensions>
          <ns3:TrackPointExtension>
            <ns3:atemp>31.0</ns3:atemp>
            <ns3:hr>134</ns3:hr>
            <ns3:cad>87</ns3:cad>
          </ns3:TrackPointExtension>
        </extensions>
      </trkpt>
      <trkpt lat="34.7097304277122020721435546875" lon="135.22910314612090587615966796875">
        <ele>28.200000762939453125</ele>
        <time>2026-08-05T21:10:12.000Z</time>
        <extensions>
          <ns3:TrackPointExtension>
            <ns3:atemp>30.0</ns3:atemp>
            <ns3:hr>134</ns3:hr>
            <ns3:cad>88</ns3:cad>
          </ns3:TrackPointExtension>
        </extensions>
      </trkpt>
      <trkpt lat="34.7097183577716350555419921875" lon="135.22908034734427928924560546875">
        <ele>28.200000762939453125</ele>
        <time>2026-08-05T21:10:13.000Z</time>
        <extensions>
          <ns3:TrackPointExtension>
            <ns3:atemp>31.0</ns3:atemp>
            <ns3:hr>134</ns3:hr>
            <ns3:cad>88</ns3:cad>
          </ns3:TrackPointExtension>
        </extensions>
      </trkpt>
      <trkpt lat="34.709707796573638916015625" lon="135.22905503399670124053955078125">
        <ele>28.3999996185302734375</ele>
        <time>2026-08-05T21:10:14.000Z</time>
        <extensions>
          <ns3:TrackPointExtension>
            <ns3:atemp>30.0</ns3:atemp>
            <ns3:hr>134</ns3:hr>
            <ns3:cad>88</ns3:cad>
          </ns3:TrackPointExtension>
        </extensions>
      </trkpt>
      <trkpt lat="34.70969513989984989166259765625" lon="135.2290269546210765838623046875">
        <ele>28.3999996185302734375</ele>
        <time>2026-08-05T21:10:15.000Z</time>
        <extensions>
          <ns3:TrackPointExtension>
            <ns3:atemp>31.0</ns3:atemp>
            <ns3:hr>134</ns3:hr>
            <ns3:cad>89</ns3:cad>
          </ns3:TrackPointExtension>
        </extensions>
      </trkpt>
      <trkpt lat="34.7096851654350757598876953125" lon="135.22900306619703769683837890625">
        <ele>28.6000003814697265625</ele>
        <time>2026-08-05T21:10:16.000Z</time>
        <extensions>
          <ns3:TrackPointExtension>
            <ns3:atemp>30.0</ns3:atemp>
            <ns3:hr>134</ns3:hr>
            <ns3:cad>89</ns3:cad>
          </ns3:TrackPointExtension>
        </extensions>
      </trkpt>
      <trkpt lat="34.7096737660467624664306640625" lon="135.22897574119269847869873046875">
        <ele>28.6000003814697265625</ele>
        <time>2026-08-05T21:10:17.000Z</time>
        <extensions>
          <ns3:TrackPointExtension>
            <ns3:atemp>30.0</ns3:atemp>
            <ns3:hr>135</ns3:hr>
            <ns3:cad>88</ns3:cad>
          </ns3:TrackPointExtension>
        </extensions>
      </trkpt>
      <trkpt lat="34.709659852087497711181640625" lon="135.22894824855029582977294921875">
        <ele>28.6000003814697265625</ele>
        <time>2026-08-05T21:10:18.000Z</time>
        <extensions>
          <ns3:TrackPointExtension>
            <ns3:atemp>31.0</ns3:atemp>
            <ns3:hr>135</ns3:hr>
            <ns3:cad>88</ns3:cad>
          </ns3:TrackPointExtension>
        </extensions>
      </trkpt>
      <trkpt lat="34.70964677631855010986328125" lon="135.2289206720888614654541015625">
        <ele>28.799999237060546875</ele>
        <time>2026-08-05T21:10:19.000Z</time>
        <extensions>
          <ns3:TrackPointExtension>
            <ns3:atemp>31.0</ns3:atemp>
            <ns3:hr>136</ns3:hr>
            <ns3:cad>88</ns3:cad>
          </ns3:TrackPointExtension>
        </extensions>
      </trkpt>
      <trkpt lat="34.70963529311120510101318359375" lon="135.22889711894094944000244140625">
        <ele>28.799999237060546875</ele>
        <time>2026-08-05T21:10:20.000Z</time>
        <extensions>
          <ns3:TrackPointExtension>
            <ns3:atemp>31.0</ns3:atemp>
            <ns3:hr>136</ns3:hr>
            <ns3:cad>88</ns3:cad>
          </ns3:TrackPointExtension>
        </extensions>
      </trkpt>
      <trkpt lat="34.70962841995060443878173828125" lon="135.22886727936565876007080078125">
        <ele>28.799999237060546875</ele>
        <time>2026-08-05T21:10:21.000Z</time>
        <extensions>
          <ns3:TrackPointExtension>
            <ns3:atemp>30.0</ns3:atemp>
            <ns3:hr>136</ns3:hr>
            <ns3:cad>88</ns3:cad>
          </ns3:TrackPointExtension>
        </extensions>
      </trkpt>
      <trkpt lat="34.70961685292422771453857421875" lon="135.2288395352661609649658203125">
        <ele>28.799999237060546875</ele>
        <time>2026-08-05T21:10:22.000Z</time>
        <extensions>
          <ns3:TrackPointExtension>
            <ns3:atemp>30.0</ns3:atemp>
            <ns3:hr>136</ns3:hr>
            <ns3:cad>88</ns3:cad>
          </ns3:TrackPointExtension>
        </extensions>
      </trkpt>
      <trkpt lat="34.7096098959445953369140625" lon="135.2288098633289337158203125">
        <ele>28.799999237060546875</ele>
        <time>2026-08-05T21:10:23.000Z</time>
        <extensions>
          <ns3:TrackPointExtension>
            <ns3:atemp>31.0</ns3:atemp>
            <ns3:hr>136</ns3:hr>
            <ns3:cad>88</ns3:cad>
          </ns3:TrackPointExtension>
        </extensions>
      </trkpt>
      <trkpt lat="34.70960578881204128265380859375" lon="135.22878379561007022857666015625">
        <ele>28.799999237060546875</ele>
        <time>2026-08-05T21:10:24.000Z</time>
        <extensions>
          <ns3:TrackPointExtension>
            <ns3:atemp>30.0</ns3:atemp>
            <ns3:hr>136</ns3:hr>
            <ns3:cad>88</ns3:cad>
          </ns3:TrackPointExtension>
        </extensions>
      </trkpt>
      <trkpt lat="34.70960042439401149749755859375" lon="135.22875596769154071807861328125">
        <ele>28.799999237060546875</ele>
        <time>2026-08-05T21:10:25.000Z</time>
        <extensions>
          <ns3:TrackPointExtension>
            <ns3:atemp>30.0</ns3:atemp>
            <ns3:hr>136</ns3:hr>
            <ns3:cad>88</ns3:cad>
          </ns3:TrackPointExtension>
        </extensions>
      </trkpt>
      <trkpt lat="34.70959204249083995819091796875" lon="135.22872746922075748443603515625">
        <ele>28.799999237060546875</ele>
        <time>2026-08-05T21:10:26.000Z</time>
        <extensions>
          <ns3:TrackPointExtension>
            <ns3:atemp>31.0</ns3:atemp>
            <ns3:hr>136</ns3:hr>
            <ns3:cad>88</ns3:cad>
          </ns3:TrackPointExtension>
        </extensions>
      </trkpt>
      <trkpt lat="34.70958231948316097259521484375" lon="135.22869712673127651214599609375">
        <ele>28.799999237060546875</ele>
        <time>2026-08-05T21:10:27.000Z</time>
        <extensions>
          <ns3:TrackPointExtension>
            <ns3:atemp>31.0</ns3:atemp>
            <ns3:hr>137</ns3:hr>
            <ns3:cad>88</ns3:cad>
          </ns3:TrackPointExtension>
        </extensions>
      </trkpt>
      <trkpt lat="34.70957410521805286407470703125" lon="135.22866779007017612457275390625">
        <ele>29</ele>
        <time>2026-08-05T21:10:28.000Z</time>
        <extensions>
          <ns3:TrackPointExtension>
            <ns3:atemp>31.0</ns3:atemp>
            <ns3:hr>136</ns3:hr>
            <ns3:cad>88</ns3:cad>
          </ns3:TrackPointExtension>
        </extensions>
      </trkpt>
      <trkpt lat="34.70956253819167613983154296875" lon="135.2286435663700103759765625">
        <ele>29</ele>
        <time>2026-08-05T21:10:29.000Z</time>
        <extensions>
          <ns3:TrackPointExtension>
            <ns3:atemp>31.0</ns3:atemp>
            <ns3:hr>136</ns3:hr>
            <ns3:cad>87</ns3:cad>
          </ns3:TrackPointExtension>
        </extensions>
      </trkpt>
      <trkpt lat="34.70955566503107547760009765625" lon="135.2286182530224323272705078125">
        <ele>29.200000762939453125</ele>
        <time>2026-08-05T21:10:30.000Z</time>
        <extensions>
          <ns3:TrackPointExtension>
            <ns3:atemp>31.0</ns3:atemp>
            <ns3:hr>136</ns3:hr>
            <ns3:cad>87</ns3:cad>
          </ns3:TrackPointExtension>
        </extensions>
      </trkpt>
      <trkpt lat="34.70954275690019130706787109375" lon="135.22855983115732669830322265625">
        <ele>29</ele>
        <time>2026-08-05T21:10:31.000Z</time>
        <extensions>
          <ns3:TrackPointExtension>
            <ns3:atemp>31.0</ns3:atemp>
            <ns3:hr>137</ns3:hr>
            <ns3:cad>87</ns3:cad>
          </ns3:TrackPointExtension>
        </extensions>
      </trkpt>
      <trkpt lat="34.70954275690019130706787109375" lon="135.22855983115732669830322265625">
        <ele>29</ele>
        <time>2026-08-05T21:10:32.000Z</time>
        <extensions>
          <ns3:TrackPointExtension>
            <ns3:atemp>30.0</ns3:atemp>
            <ns3:hr>136</ns3:hr>
            <ns3:cad>87</ns3:cad>
          </ns3:TrackPointExtension>
        </extensions>
      </trkpt>
      <trkpt lat="34.70953085459768772125244140625" lon="135.2285349369049072265625">
        <ele>29</ele>
        <time>2026-08-05T21:10:33.000Z</time>
        <extensions>
          <ns3:TrackPointExtension>
            <ns3:atemp>31.0</ns3:atemp>
            <ns3:hr>136</ns3:hr>
            <ns3:cad>87</ns3:cad>
          </ns3:TrackPointExtension>
        </extensions>
      </trkpt>
      <trkpt lat="34.70951803028583526611328125" lon="135.22850786335766315460205078125">
        <ele>28.799999237060546875</ele>
        <time>2026-08-05T21:10:34.000Z</time>
        <extensions>
          <ns3:TrackPointExtension>
            <ns3:atemp>31.0</ns3:atemp>
            <ns3:hr>135</ns3:hr>
            <ns3:cad>88</ns3:cad>
          </ns3:TrackPointExtension>
        </extensions>
      </trkpt>
      <trkpt lat="34.70950596034526824951171875" lon="135.22848087362945079803466796875">
        <ele>28.799999237060546875</ele>
        <time>2026-08-05T21:10:35.000Z</time>
        <extensions>
          <ns3:TrackPointExtension>
            <ns3:atemp>30.0</ns3:atemp>
            <ns3:hr>135</ns3:hr>
            <ns3:cad>88</ns3:cad>
          </ns3:TrackPointExtension>
        </extensions>
      </trkpt>
      <trkpt lat="34.70949791371822357177734375" lon="135.22845111787319183349609375">
        <ele>28.799999237060546875</ele>
        <time>2026-08-05T21:10:36.000Z</time>
        <extensions>
          <ns3:TrackPointExtension>
            <ns3:atemp>31.0</ns3:atemp>
            <ns3:hr>135</ns3:hr>
            <ns3:cad>88</ns3:cad>
          </ns3:TrackPointExtension>
        </extensions>
      </trkpt>
      <trkpt lat="34.70948492176830768585205078125" lon="135.228424966335296630859375">
        <ele>28.799999237060546875</ele>
        <time>2026-08-05T21:10:37.000Z</time>
        <extensions>
          <ns3:TrackPointExtension>
            <ns3:atemp>30.0</ns3:atemp>
            <ns3:hr>134</ns3:hr>
            <ns3:cad>88</ns3:cad>
          </ns3:TrackPointExtension>
        </extensions>
      </trkpt>
      <trkpt lat="34.70947369001805782318115234375" lon="135.22839571349322795867919921875">
        <ele>28.799999237060546875</ele>
        <time>2026-08-05T21:10:38.000Z</time>
        <extensions>
          <ns3:TrackPointExtension>
            <ns3:atemp>31.0</ns3:atemp>
            <ns3:hr>134</ns3:hr>
            <ns3:cad>89</ns3:cad>
          </ns3:TrackPointExtension>
        </extensions>
      </trkpt>
      <trkpt lat="34.70946664921939373016357421875" lon="135.2283684723079204559326171875">
        <ele>28.799999237060546875</ele>
        <time>2026-08-05T21:10:39.000Z</time>
        <extensions>
          <ns3:TrackPointExtension>
            <ns3:atemp>30.0</ns3:atemp>
            <ns3:hr>134</ns3:hr>
            <ns3:cad>89</ns3:cad>
          </ns3:TrackPointExtension>
        </extensions>
      </trkpt>
      <trkpt lat="34.7094598598778247833251953125" lon="135.22833921946585178375244140625">
        <ele>28.799999237060546875</ele>
        <time>2026-08-05T21:10:40.000Z</time>
        <extensions>
          <ns3:TrackPointExtension>
            <ns3:atemp>31.0</ns3:atemp>
            <ns3:hr>134</ns3:hr>
            <ns3:cad>88</ns3:cad>
          </ns3:TrackPointExtension>
        </extensions>
      </trkpt>
      <trkpt lat="34.70945374108850955963134765625" lon="135.228306949138641357421875">
        <ele>28.799999237060546875</ele>
        <time>2026-08-05T21:10:41.000Z</time>
        <extensions>
          <ns3:TrackPointExtension>
            <ns3:atemp>31.0</ns3:atemp>
            <ns3:hr>134</ns3:hr>
            <ns3:cad>88</ns3:cad>
          </ns3:TrackPointExtension>
        </extensions>
      </trkpt>
      <trkpt lat="34.7094467841088771820068359375" lon="135.22827467881143093109130859375">
        <ele>28.799999237060546875</ele>
        <time>2026-08-05T21:10:42.000Z</time>
        <extensions>
          <ns3:TrackPointExtension>
            <ns3:atemp>31.0</ns3:atemp>
            <ns3:hr>134</ns3:hr>
            <ns3:cad>88</ns3:cad>
          </ns3:TrackPointExtension>
        </extensions>
      </trkpt>
      <trkpt lat="34.70943680964410305023193359375" lon="135.2282454259693622589111328125">
        <ele>28.799999237060546875</ele>
        <time>2026-08-05T21:10:43.000Z</time>
        <extensions>
          <ns3:TrackPointExtension>
            <ns3:atemp>31.0</ns3:atemp>
            <ns3:hr>135</ns3:hr>
            <ns3:cad>88</ns3:cad>
          </ns3:TrackPointExtension>
        </extensions>
      </trkpt>
      <trkpt lat="34.70942792482674121856689453125" lon="135.22821600548923015594482421875">
        <ele>28.799999237060546875</ele>
        <time>2026-08-05T21:10:44.000Z</time>
        <extensions>
          <ns3:TrackPointExtension>
            <ns3:atemp>31.0</ns3:atemp>
            <ns3:hr>134</ns3:hr>
            <ns3:cad>89</ns3:cad>
          </ns3:TrackPointExtension>
        </extensions>
      </trkpt>
      <trkpt lat="34.70941887237131595611572265625" lon="135.2281874231994152069091796875">
        <ele>28.799999237060546875</ele>
        <time>2026-08-05T21:10:45.000Z</time>
        <extensions>
          <ns3:TrackPointExtension>
            <ns3:atemp>31.0</ns3:atemp>
            <ns3:hr>134</ns3:hr>
            <ns3:cad>89</ns3:cad>
          </ns3:TrackPointExtension>
        </extensions>
      </trkpt>
      <trkpt lat="34.709410406649112701416015625" lon="135.228156410157680511474609375">
        <ele>28.6000003814697265625</ele>
        <time>2026-08-05T21:10:46.000Z</time>
        <extensions>
          <ns3:TrackPointExtension>
            <ns3:atemp>31.0</ns3:atemp>
            <ns3:hr>135</ns3:hr>
            <ns3:cad>89</ns3:cad>
          </ns3:TrackPointExtension>
        </extensions>
      </trkpt>
      <trkpt lat="34.70940495841205120086669921875" lon="135.22812749259173870086669921875">
        <ele>28.6000003814697265625</ele>
        <time>2026-08-05T21:10:47.000Z</time>
        <extensions>
          <ns3:TrackPointExtension>
            <ns3:atemp>31.0</ns3:atemp>
            <ns3:hr>135</ns3:hr>
            <ns3:cad>89</ns3:cad>
          </ns3:TrackPointExtension>
        </extensions>
      </trkpt>
      <trkpt lat="34.709396660327911376953125" lon="135.22809731774032115936279296875">
        <ele>28.6000003814697265625</ele>
        <time>2026-08-05T21:10:48.000Z</time>
        <extensions>
          <ns3:TrackPointExtension>
            <ns3:atemp>31.0</ns3:atemp>
            <ns3:hr>136</ns3:hr>
            <ns3:cad>89</ns3:cad>
          </ns3:TrackPointExtension>
        </extensions>
      </trkpt>
      <trkpt lat="34.70938852988183498382568359375" lon="135.22806865163147449493408203125">
        <ele>28.6000003814697265625</ele>
        <time>2026-08-05T21:10:49.000Z</time>
        <extensions>
          <ns3:TrackPointExtension>
            <ns3:atemp>31.0</ns3:atemp>
            <ns3:hr>136</ns3:hr>
            <ns3:cad>89</ns3:cad>
          </ns3:TrackPointExtension>
        </extensions>
      </trkpt>
      <trkpt lat="34.709380902349948883056640625" lon="135.22803696803748607635498046875">
        <ele>28.6000003814697265625</ele>
        <time>2026-08-05T21:10:50.000Z</time>
        <extensions>
          <ns3:TrackPointExtension>
            <ns3:atemp>31.0</ns3:atemp>
            <ns3:hr>136</ns3:hr>
            <ns3:cad>89</ns3:cad>
          </ns3:TrackPointExtension>
        </extensions>
      </trkpt>
      <trkpt lat="34.70937629230320453643798828125" lon="135.22800863720476627349853515625">
        <ele>28.6000003814697265625</ele>
        <time>2026-08-05T21:10:51.000Z</time>
        <extensions>
          <ns3:TrackPointExtension>
            <ns3:atemp>31.0</ns3:atemp>
            <ns3:hr>136</ns3:hr>
            <ns3:cad>88</ns3:cad>
          </ns3:TrackPointExtension>
        </extensions>
      </trkpt>
      <trkpt lat="34.70936086960136890411376953125" lon="135.22797770798206329345703125">
        <ele>28.6000003814697265625</ele>
        <time>2026-08-05T21:10:52.000Z</time>
        <extensions>
          <ns3:TrackPointExtension>
            <ns3:atemp>31.0</ns3:atemp>
            <ns3:hr>136</ns3:hr>
            <ns3:cad>88</ns3:cad>
          </ns3:TrackPointExtension>
        </extensions>
      </trkpt>
      <trkpt lat="34.70934997312724590301513671875" lon="135.22795147262513637542724609375">
        <ele>28.3999996185302734375</ele>
        <time>2026-08-05T21:10:53.000Z</time>
        <extensions>
          <ns3:TrackPointExtension>
            <ns3:atemp>31.0</ns3:atemp>
            <ns3:hr>136</ns3:hr>
            <ns3:cad>88</ns3:cad>
          </ns3:TrackPointExtension>
        </extensions>
      </trkpt>
      <trkpt lat="34.7093403339385986328125" lon="135.22792339324951171875">
        <ele>28.3999996185302734375</ele>
        <time>2026-08-05T21:10:54.000Z</time>
        <extensions>
          <ns3:TrackPointExtension>
            <ns3:atemp>31.0</ns3:atemp>
            <ns3:hr>136</ns3:hr>
            <ns3:cad>88</ns3:cad>
          </ns3:TrackPointExtension>
        </extensions>
      </trkpt>
      <trkpt lat="34.70933287404477596282958984375" lon="135.2278970740735530853271484375">
        <ele>28.3999996185302734375</ele>
        <time>2026-08-05T21:10:55.000Z</time>
        <extensions>
          <ns3:TrackPointExtension>
            <ns3:atemp>31.0</ns3:atemp>
            <ns3:hr>137</ns3:hr>
            <ns3:cad>89</ns3:cad>
          </ns3:TrackPointExtension>
        </extensions>
      </trkpt>
      <trkpt lat="34.7093244083225727081298828125" lon="135.2278668992221355438232421875">
        <ele>28.3999996185302734375</ele>
        <time>2026-08-05T21:10:56.000Z</time>
        <extensions>
          <ns3:TrackPointExtension>
            <ns3:atemp>31.0</ns3:atemp>
            <ns3:hr>137</ns3:hr>
            <ns3:cad>89</ns3:cad>
          </ns3:TrackPointExtension>
        </extensions>
      </trkpt>
      <trkpt lat="34.70931678079068660736083984375" lon="135.22783764638006687164306640625">
        <ele>28.6000003814697265625</ele>
        <time>2026-08-05T21:10:57.000Z</time>
        <extensions>
          <ns3:TrackPointExtension>
            <ns3:atemp>31.0</ns3:atemp>
            <ns3:hr>137</ns3:hr>
            <ns3:cad>89</ns3:cad>
          </ns3:TrackPointExtension>
        </extensions>
      </trkpt>
      <trkpt lat="34.7093068063259124755859375" lon="135.22780529223382472991943359375">
        <ele>28.799999237060546875</ele>
        <time>2026-08-05T21:10:58.000Z</time>
        <extensions>
          <ns3:TrackPointExtension>
            <ns3:atemp>31.0</ns3:atemp>
            <ns3:hr>138</ns3:hr>
            <ns3:cad>89</ns3:cad>
          </ns3:TrackPointExtension>
        </extensions>
      </trkpt>
      <trkpt lat="34.7092918865382671356201171875" lon="135.2277798950672149658203125">
        <ele>28.799999237060546875</ele>
        <time>2026-08-05T21:10:59.000Z</time>
        <extensions>
          <ns3:TrackPointExtension>
            <ns3:atemp>31.0</ns3:atemp>
            <ns3:hr>138</ns3:hr>
            <ns3:cad>90</ns3:cad>
          </ns3:TrackPointExtension>
        </extensions>
      </trkpt>
      <trkpt lat="34.7092804871499538421630859375" lon="135.227749384939670562744140625">
        <ele>28.6000003814697265625</ele>
        <time>2026-08-05T21:11:00.000Z</time>
        <extensions>
          <ns3:TrackPointExtension>
            <ns3:atemp>31.0</ns3:atemp>
            <ns3:hr>138</ns3:hr>
            <ns3:cad>90</ns3:cad>
          </ns3:TrackPointExtension>
        </extensions>
      </trkpt>
      <trkpt lat="34.70927084796130657196044921875" lon="135.22771577350795269012451171875">
        <ele>28.6000003814697265625</ele>
        <time>2026-08-05T21:11:01.000Z</time>
        <extensions>
          <ns3:TrackPointExtension>
            <ns3:atemp>31.0</ns3:atemp>
            <ns3:hr>138</ns3:hr>
            <ns3:cad>90</ns3:cad>
          </ns3:TrackPointExtension>
        </extensions>
      </trkpt>
      <trkpt lat="34.70925861038267612457275390625" lon="135.22768325172364711761474609375">
        <ele>28.6000003814697265625</ele>
        <time>2026-08-05T21:11:02.000Z</time>
        <extensions>
          <ns3:TrackPointExtension>
            <ns3:atemp>31.0</ns3:atemp>
            <ns3:hr>139</ns3:hr>
            <ns3:cad>90</ns3:cad>
          </ns3:TrackPointExtension>
        </extensions>
      </trkpt>
      <trkpt lat="34.70924846827983856201171875" lon="135.227654166519641876220703125">
        <ele>28.6000003814697265625</ele>
        <time>2026-08-05T21:11:03.000Z</time>
        <extensions>
          <ns3:TrackPointExtension>
            <ns3:atemp>31.0</ns3:atemp>
            <ns3:hr>139</ns3:hr>
            <ns3:cad>90</ns3:cad>
          </ns3:TrackPointExtension>
        </extensions>
      </trkpt>
      <trkpt lat="34.70923639833927154541015625" lon="135.22762306965887546539306640625">
        <ele>28.6000003814697265625</ele>
        <time>2026-08-05T21:11:04.000Z</time>
        <extensions>
          <ns3:TrackPointExtension>
            <ns3:atemp>31.0</ns3:atemp>
            <ns3:hr>140</ns3:hr>
            <ns3:cad>90</ns3:cad>
          </ns3:TrackPointExtension>
        </extensions>
      </trkpt>
      <trkpt lat="34.70923103392124176025390625" lon="135.22759038023650646209716796875">
        <ele>28.799999237060546875</ele>
        <time>2026-08-05T21:11:05.000Z</time>
        <extensions>
          <ns3:TrackPointExtension>
            <ns3:atemp>31.0</ns3:atemp>
            <ns3:hr>140</ns3:hr>
            <ns3:cad>90</ns3:cad>
          </ns3:TrackPointExtension>
        </extensions>
      </trkpt>
      <trkpt lat="34.70922139473259449005126953125" lon="135.22756137885153293609619140625">
        <ele>28.799999237060546875</ele>
        <time>2026-08-05T21:11:06.000Z</time>
        <extensions>
          <ns3:TrackPointExtension>
            <ns3:atemp>30.0</ns3:atemp>
            <ns3:hr>140</ns3:hr>
            <ns3:cad>89</ns3:cad>
          </ns3:TrackPointExtension>
        </extensions>
      </trkpt>
      <trkpt lat="34.709213934838771820068359375" lon="135.227531455457210540771484375">
        <ele>28.799999237060546875</ele>
        <time>2026-08-05T21:11:07.000Z</time>
        <extensions>
          <ns3:TrackPointExtension>
            <ns3:atemp>30.0</ns3:atemp>
            <ns3:hr>140</ns3:hr>
            <ns3:cad>89</ns3:cad>
          </ns3:TrackPointExtension>
        </extensions>
      </trkpt>
      <trkpt lat="34.70920513384044170379638671875" lon="135.2275021187961101531982421875">
        <ele>28.799999237060546875</ele>
        <time>2026-08-05T21:11:08.000Z</time>
        <extensions>
          <ns3:TrackPointExtension>
            <ns3:atemp>31.0</ns3:atemp>
            <ns3:hr>140</ns3:hr>
            <ns3:cad>89</ns3:cad>
          </ns3:TrackPointExtension>
        </extensions>
      </trkpt>
      <trkpt lat="34.70919239334762096405029296875" lon="135.2274719439446926116943359375">
        <ele>28.799999237060546875</ele>
        <time>2026-08-05T21:11:09.000Z</time>
        <extensions>
          <ns3:TrackPointExtension>
            <ns3:atemp>30.0</ns3:atemp>
            <ns3:hr>140</ns3:hr>
            <ns3:cad>89</ns3:cad>
          </ns3:TrackPointExtension>
        </extensions>
      </trkpt>
      <trkpt lat="34.70918065868318080902099609375" lon="135.22744084708392620086669921875">
        <ele>28.799999237060546875</ele>
        <time>2026-08-05T21:11:10.000Z</time>
        <extensions>
          <ns3:TrackPointExtension>
            <ns3:atemp>31.0</ns3:atemp>
            <ns3:hr>140</ns3:hr>
            <ns3:cad>89</ns3:cad>
          </ns3:TrackPointExtension>
        </extensions>
      </trkpt>
      <trkpt lat="34.70917110331356525421142578125" lon="135.22740849293768405914306640625">
        <ele>28.6000003814697265625</ele>
        <time>2026-08-05T21:11:11.000Z</time>
        <extensions>
          <ns3:TrackPointExtension>
            <ns3:atemp>31.0</ns3:atemp>
            <ns3:hr>140</ns3:hr>
            <ns3:cad>89</ns3:cad>
          </ns3:TrackPointExtension>
        </extensions>
      </trkpt>
      <trkpt lat="34.70916272141039371490478515625" lon="135.2273834310472011566162109375">
        <ele>28.6000003814697265625</ele>
        <time>2026-08-05T21:11:12.000Z</time>
        <extensions>
          <ns3:TrackPointExtension>
            <ns3:atemp>31.0</ns3:atemp>
            <ns3:hr>140</ns3:hr>
            <ns3:cad>89</ns3:cad>
          </ns3:TrackPointExtension>
        </extensions>
      </trkpt>
      <trkpt lat="34.709155596792697906494140625" lon="135.2273552678525447845458984375">
        <ele>28.3999996185302734375</ele>
        <time>2026-08-05T21:11:13.000Z</time>
        <extensions>
          <ns3:TrackPointExtension>
            <ns3:atemp>30.0</ns3:atemp>
            <ns3:hr>139</ns3:hr>
            <ns3:cad>89</ns3:cad>
          </ns3:TrackPointExtension>
        </extensions>
      </trkpt>
      <trkpt lat="34.7091483883559703826904296875" lon="135.22732970304787158966064453125">
        <ele>28.3999996185302734375</ele>
        <time>2026-08-05T21:11:14.000Z</time>
        <extensions>
          <ns3:TrackPointExtension>
            <ns3:atemp>31.0</ns3:atemp>
            <ns3:hr>139</ns3:hr>
            <ns3:cad>89</ns3:cad>
          </ns3:TrackPointExtension>
        </extensions>
      </trkpt>
      <trkpt lat="34.70914193429052829742431640625" lon="135.22730288095772266387939453125">
        <ele>28.200000762939453125</ele>
        <time>2026-08-05T21:11:15.000Z</time>
        <extensions>
          <ns3:TrackPointExtension>
            <ns3:atemp>31.0</ns3:atemp>
            <ns3:hr>139</ns3:hr>
            <ns3:cad>89</ns3:cad>
          </ns3:TrackPointExtension>
        </extensions>
      </trkpt>
      <trkpt lat="34.7091349773108959197998046875" lon="135.22727672941982746124267578125">
        <ele>28.200000762939453125</ele>
        <time>2026-08-05T21:11:16.000Z</time>
        <extensions>
          <ns3:TrackPointExtension>
            <ns3:atemp>31.0</ns3:atemp>
            <ns3:hr>138</ns3:hr>
            <ns3:cad>89</ns3:cad>
          </ns3:TrackPointExtension>
        </extensions>
      </trkpt>
      <trkpt lat="34.7091217339038848876953125" lon="135.22724487818777561187744140625">
        <ele>28.200000762939453125</ele>
        <time>2026-08-05T21:11:17.000Z</time>
        <extensions>
          <ns3:TrackPointExtension>
            <ns3:atemp>30.0</ns3:atemp>
            <ns3:hr>138</ns3:hr>
            <ns3:cad>89</ns3:cad>
          </ns3:TrackPointExtension>
        </extensions>
      </trkpt>
      <trkpt lat="34.709107987582683563232421875" lon="135.22721604444086551666259765625">
        <ele>28.200000762939453125</ele>
        <time>2026-08-05T21:11:18.000Z</time>
        <extensions>
          <ns3:TrackPointExtension>
            <ns3:atemp>31.0</ns3:atemp>
            <ns3:hr>138</ns3:hr>
            <ns3:cad>89</ns3:cad>
          </ns3:TrackPointExtension>
        </extensions>
      </trkpt>
      <trkpt lat="34.70909600146114826202392578125" lon="135.22718436084687709808349609375">
        <ele>28.200000762939453125</ele>
        <time>2026-08-05T21:11:19.000Z</time>
        <extensions>
          <ns3:TrackPointExtension>
            <ns3:atemp>31.0</ns3:atemp>
            <ns3:hr>138</ns3:hr>
            <ns3:cad>89</ns3:cad>
          </ns3:TrackPointExtension>
        </extensions>
      </trkpt>
      <trkpt lat="34.7090826742351055145263671875" lon="135.2271541021764278411865234375">
        <ele>28.200000762939453125</ele>
        <time>2026-08-05T21:11:20.000Z</time>
        <extensions>
          <ns3:TrackPointExtension>
            <ns3:atemp>30.0</ns3:atemp>
            <ns3:hr>138</ns3:hr>
            <ns3:cad>90</ns3:cad>
          </ns3:TrackPointExtension>
        </extensions>
      </trkpt>
      <trkpt lat="34.709073789417743682861328125" lon="135.22712233476340770721435546875">
        <ele>28.200000762939453125</ele>
        <time>2026-08-05T21:11:21.000Z</time>
        <extensions>
          <ns3:TrackPointExtension>
            <ns3:atemp>30.0</ns3:atemp>
            <ns3:hr>138</ns3:hr>
            <ns3:cad>89</ns3:cad>
          </ns3:TrackPointExtension>
        </extensions>
      </trkpt>
      <trkpt lat="34.709065742790699005126953125" lon="135.22709257900714874267578125">
        <ele>28.3999996185302734375</ele>
        <time>2026-08-05T21:11:22.000Z</time>
        <extensions>
          <ns3:TrackPointExtension>
            <ns3:atemp>31.0</ns3:atemp>
            <ns3:hr>138</ns3:hr>
            <ns3:cad>88</ns3:cad>
          </ns3:TrackPointExtension>
        </extensions>
      </trkpt>
      <trkpt lat="34.7090625576674938201904296875" lon="135.22706114687025547027587890625">
        <ele>28.3999996185302734375</ele>
        <time>2026-08-05T21:11:23.000Z</time>
        <extensions>
          <ns3:TrackPointExtension>
            <ns3:atemp>31.0</ns3:atemp>
            <ns3:hr>138</ns3:hr>
            <ns3:cad>88</ns3:cad>
          </ns3:TrackPointExtension>
        </extensions>
      </trkpt>
      <trkpt lat="34.7090531699359416961669921875" lon="135.2270307205617427825927734375">
        <ele>28.3999996185302734375</ele>
        <time>2026-08-05T21:11:24.000Z</time>
        <extensions>
          <ns3:TrackPointExtension>
            <ns3:atemp>31.0</ns3:atemp>
            <ns3:hr>138</ns3:hr>
            <ns3:cad>88</ns3:cad>
          </ns3:TrackPointExtension>
        </extensions>
      </trkpt>
      <trkpt lat="34.70904453657567501068115234375" lon="135.22700398229062557220458984375">
        <ele>28.3999996185302734375</ele>
        <time>2026-08-05T21:11:25.000Z</time>
        <extensions>
          <ns3:TrackPointExtension>
            <ns3:atemp>31.0</ns3:atemp>
            <ns3:hr>138</ns3:hr>
            <ns3:cad>88</ns3:cad>
          </ns3:TrackPointExtension>
        </extensions>
      </trkpt>
      <trkpt lat="34.709034897387027740478515625" lon="135.2269784174859523773193359375">
        <ele>28.3999996185302734375</ele>
        <time>2026-08-05T21:11:26.000Z</time>
        <extensions>
          <ns3:TrackPointExtension>
            <ns3:atemp>31.0</ns3:atemp>
            <ns3:hr>138</ns3:hr>
            <ns3:cad>89</ns3:cad>
          </ns3:TrackPointExtension>
        </extensions>
      </trkpt>
      <trkpt lat="34.70902743749320507049560546875" lon="135.22694773972034454345703125">
        <ele>28.200000762939453125</ele>
        <time>2026-08-05T21:11:27.000Z</time>
        <extensions>
          <ns3:TrackPointExtension>
            <ns3:atemp>31.0</ns3:atemp>
            <ns3:hr>138</ns3:hr>
            <ns3:cad>89</ns3:cad>
          </ns3:TrackPointExtension>
        </extensions>
      </trkpt>
      <trkpt lat="34.70902022905647754669189453125" lon="135.22691882215440273284912109375">
        <ele>28</ele>
        <time>2026-08-05T21:11:28.000Z</time>
        <extensions>
          <ns3:TrackPointExtension>
            <ns3:atemp>31.0</ns3:atemp>
            <ns3:hr>138</ns3:hr>
            <ns3:cad>89</ns3:cad>
          </ns3:TrackPointExtension>
        </extensions>
      </trkpt>
      <trkpt lat="34.70901235006749629974365234375" lon="135.22688948549330234527587890625">
        <ele>27.799999237060546875</ele>
        <time>2026-08-05T21:11:29.000Z</time>
        <extensions>
          <ns3:TrackPointExtension>
            <ns3:atemp>31.0</ns3:atemp>
            <ns3:hr>138</ns3:hr>
            <ns3:cad>89</ns3:cad>
          </ns3:TrackPointExtension>
        </extensions>
      </trkpt>
      <trkpt lat="34.709006063640117645263671875" lon="135.2268620766699314117431640625">
        <ele>27.6000003814697265625</ele>
        <time>2026-08-05T21:11:30.000Z</time>
        <extensions>
          <ns3:TrackPointExtension>
            <ns3:atemp>30.0</ns3:atemp>
            <ns3:hr>138</ns3:hr>
            <ns3:cad>89</ns3:cad>
          </ns3:TrackPointExtension>
        </extensions>
      </trkpt>
      <trkpt lat="34.708995334804058074951171875" lon="135.22683097980916500091552734375">
        <ele>27.3999996185302734375</ele>
        <time>2026-08-05T21:11:31.000Z</time>
        <extensions>
          <ns3:TrackPointExtension>
            <ns3:atemp>31.0</ns3:atemp>
            <ns3:hr>138</ns3:hr>
            <ns3:cad>89</ns3:cad>
          </ns3:TrackPointExtension>
        </extensions>
      </trkpt>
      <trkpt lat="34.70898485742509365081787109375" lon="135.22680030204355716705322265625">
        <ele>27.3999996185302734375</ele>
        <time>2026-08-05T21:11:32.000Z</time>
        <extensions>
          <ns3:TrackPointExtension>
            <ns3:atemp>31.0</ns3:atemp>
            <ns3:hr>138</ns3:hr>
            <ns3:cad>89</ns3:cad>
          </ns3:TrackPointExtension>
        </extensions>
      </trkpt>
      <trkpt lat="34.70897278748452663421630859375" lon="135.2267661876976490020751953125">
        <ele>27.3999996185302734375</ele>
        <time>2026-08-05T21:11:33.000Z</time>
        <extensions>
          <ns3:TrackPointExtension>
            <ns3:atemp>30.0</ns3:atemp>
            <ns3:hr>138</ns3:hr>
            <ns3:cad>89</ns3:cad>
          </ns3:TrackPointExtension>
        </extensions>
      </trkpt>
      <trkpt lat="34.7089579515159130096435546875" lon="135.2267370186746120452880859375">
        <ele>27.200000762939453125</ele>
        <time>2026-08-05T21:11:34.000Z</time>
        <extensions>
          <ns3:TrackPointExtension>
            <ns3:atemp>30.0</ns3:atemp>
            <ns3:hr>138</ns3:hr>
            <ns3:cad>89</ns3:cad>
          </ns3:TrackPointExtension>
        </extensions>
      </trkpt>
      <trkpt lat="34.708940349519252777099609375" lon="135.22670441307127475738525390625">
        <ele>27.200000762939453125</ele>
        <time>2026-08-05T21:11:35.000Z</time>
        <extensions>
          <ns3:TrackPointExtension>
            <ns3:atemp>30.0</ns3:atemp>
            <ns3:hr>138</ns3:hr>
            <ns3:cad>88</ns3:cad>
          </ns3:TrackPointExtension>
        </extensions>
      </trkpt>
      <trkpt lat="34.7089173831045627593994140625" lon="135.22668060846626758575439453125">
        <ele>27</ele>
        <time>2026-08-05T21:11:36.000Z</time>
        <extensions>
          <ns3:TrackPointExtension>
            <ns3:atemp>31.0</ns3:atemp>
            <ns3:hr>138</ns3:hr>
            <ns3:cad>88</ns3:cad>
          </ns3:TrackPointExtension>
        </extensions>
      </trkpt>
      <trkpt lat="34.708883352577686309814453125" lon="135.2266640961170196533203125">
        <ele>27</ele>
        <time>2026-08-05T21:11:37.000Z</time>
        <extensions>
          <ns3:TrackPointExtension>
            <ns3:atemp>30.0</ns3:atemp>
            <ns3:hr>138</ns3:hr>
            <ns3:cad>88</ns3:cad>
          </ns3:TrackPointExtension>
        </extensions>
      </trkpt>
      <trkpt lat="34.70885409973561763763427734375" lon="135.2266615815460681915283203125">
        <ele>26.799999237060546875</ele>
        <time>2026-08-05T21:11:38.000Z</time>
        <extensions>
          <ns3:TrackPointExtension>
            <ns3:atemp>31.0</ns3:atemp>
            <ns3:hr>138</ns3:hr>
            <ns3:cad>89</ns3:cad>
          </ns3:TrackPointExtension>
        </extensions>
      </trkpt>
      <trkpt lat="34.7088238410651683807373046875" lon="135.22667038254439830780029296875">
        <ele>26.799999237060546875</ele>
        <time>2026-08-05T21:11:39.000Z</time>
        <extensions>
          <ns3:TrackPointExtension>
            <ns3:atemp>31.0</ns3:atemp>
            <ns3:hr>138</ns3:hr>
            <ns3:cad>89</ns3:cad>
          </ns3:TrackPointExtension>
        </extensions>
      </trkpt>
      <trkpt lat="34.70879249274730682373046875" lon="135.2266850508749485015869140625">
        <ele>26.799999237060546875</ele>
        <time>2026-08-05T21:11:40.000Z</time>
        <extensions>
          <ns3:TrackPointExtension>
            <ns3:atemp>31.0</ns3:atemp>
            <ns3:hr>138</ns3:hr>
            <ns3:cad>89</ns3:cad>
          </ns3:TrackPointExtension>
        </extensions>
      </trkpt>
      <trkpt lat="34.70876701176166534423828125" lon="135.22669971920549869537353515625">
        <ele>26.799999237060546875</ele>
        <time>2026-08-05T21:11:41.000Z</time>
        <extensions>
          <ns3:TrackPointExtension>
            <ns3:atemp>31.0</ns3:atemp>
            <ns3:hr>138</ns3:hr>
            <ns3:cad>89</ns3:cad>
          </ns3:TrackPointExtension>
        </extensions>
      </trkpt>
      <trkpt lat="34.70874211750924587249755859375" lon="135.226713381707668304443359375">
        <ele>26.799999237060546875</ele>
        <time>2026-08-05T21:11:42.000Z</time>
        <extensions>
          <ns3:TrackPointExtension>
            <ns3:atemp>31.0</ns3:atemp>
            <ns3:hr>138</ns3:hr>
            <ns3:cad>89</ns3:cad>
          </ns3:TrackPointExtension>
        </extensions>
      </trkpt>
      <trkpt lat="34.708718396723270416259765625" lon="135.22672436200082302093505859375">
        <ele>26.6000003814697265625</ele>
        <time>2026-08-05T21:11:43.000Z</time>
        <extensions>
          <ns3:TrackPointExtension>
            <ns3:atemp>31.0</ns3:atemp>
            <ns3:hr>138</ns3:hr>
            <ns3:cad>89</ns3:cad>
          </ns3:TrackPointExtension>
        </extensions>
      </trkpt>
      <trkpt lat="34.7086934186518192291259765625" lon="135.22673492319881916046142578125">
        <ele>26.3999996185302734375</ele>
        <time>2026-08-05T21:11:44.000Z</time>
        <extensions>
          <ns3:TrackPointExtension>
            <ns3:atemp>30.0</ns3:atemp>
            <ns3:hr>138</ns3:hr>
            <ns3:cad>89</ns3:cad>
          </ns3:TrackPointExtension>
        </extensions>
      </trkpt>
      <trkpt lat="34.7086696140468120574951171875" lon="135.22674657404422760009765625">
        <ele>26.200000762939453125</ele>
        <time>2026-08-05T21:11:45.000Z</time>
        <extensions>
          <ns3:TrackPointExtension>
            <ns3:atemp>30.0</ns3:atemp>
            <ns3:hr>138</ns3:hr>
            <ns3:cad>89</ns3:cad>
          </ns3:TrackPointExtension>
        </extensions>
      </trkpt>
      <trkpt lat="34.70864421688020229339599609375" lon="135.22675252519547939300537109375">
        <ele>26.200000762939453125</ele>
        <time>2026-08-05T21:11:46.000Z</time>
        <extensions>
          <ns3:TrackPointExtension>
            <ns3:atemp>31.0</ns3:atemp>
            <ns3:hr>138</ns3:hr>
            <ns3:cad>89</ns3:cad>
          </ns3:TrackPointExtension>
        </extensions>
      </trkpt>
      <trkpt lat="34.70861940644681453704833984375" lon="135.2267641760408878326416015625">
        <ele>26.200000762939453125</ele>
        <time>2026-08-05T21:11:47.000Z</time>
        <extensions>
          <ns3:TrackPointExtension>
            <ns3:atemp>30.0</ns3:atemp>
            <ns3:hr>139</ns3:hr>
            <ns3:cad>89</ns3:cad>
          </ns3:TrackPointExtension>
        </extensions>
      </trkpt>
      <trkpt lat="34.7085904888808727264404296875" lon="135.22677666507661342620849609375">
        <ele>26.200000762939453125</ele>
        <time>2026-08-05T21:11:48.000Z</time>
        <extensions>
          <ns3:TrackPointExtension>
            <ns3:atemp>30.0</ns3:atemp>
            <ns3:hr>138</ns3:hr>
            <ns3:cad>89</ns3:cad>
          </ns3:TrackPointExtension>
        </extensions>
      </trkpt>
      <trkpt lat="34.70856274478137493133544921875" lon="135.2267876453697681427001953125">
        <ele>26.200000762939453125</ele>
        <time>2026-08-05T21:11:49.000Z</time>
        <extensions>
          <ns3:TrackPointExtension>
            <ns3:atemp>31.0</ns3:atemp>
            <ns3:hr>138</ns3:hr>
            <ns3:cad>89</ns3:cad>
          </ns3:TrackPointExtension>
        </extensions>
      </trkpt>
      <trkpt lat="34.70853709615767002105712890625" lon="135.2267980389297008514404296875">
        <ele>26.200000762939453125</ele>
        <time>2026-08-05T21:11:50.000Z</time>
        <extensions>
          <ns3:TrackPointExtension>
            <ns3:atemp>30.0</ns3:atemp>
            <ns3:hr>139</ns3:hr>
            <ns3:cad>88</ns3:cad>
          </ns3:TrackPointExtension>
        </extensions>
      </trkpt>
      <trkpt lat="34.708512537181377410888671875" lon="135.22680851630866527557373046875">
        <ele>26.200000762939453125</ele>
        <time>2026-08-05T21:11:51.000Z</time>
        <extensions>
          <ns3:TrackPointExtension>
            <ns3:atemp>30.0</ns3:atemp>
            <ns3:hr>139</ns3:hr>
            <ns3:cad>88</ns3:cad>
          </ns3:TrackPointExtension>
        </extensions>
      </trkpt>
      <trkpt lat="34.70848848111927509307861328125" lon="135.22682368755340576171875">
        <ele>26</ele>
        <time>2026-08-05T21:11:52.000Z</time>
        <extensions>
          <ns3:TrackPointExtension>
            <ns3:atemp>30.0</ns3:atemp>
            <ns3:hr>140</ns3:hr>
            <ns3:cad>88</ns3:cad>
          </ns3:TrackPointExtension>
        </extensions>
      </trkpt>
      <trkpt lat="34.70846501179039478302001953125" lon="135.2268382720649242401123046875">
        <ele>25.799999237060546875</ele>
        <time>2026-08-05T21:11:53.000Z</time>
        <extensions>
          <ns3:TrackPointExtension>
            <ns3:atemp>30.0</ns3:atemp>
            <ns3:hr>140</ns3:hr>
            <ns3:cad>89</ns3:cad>
          </ns3:TrackPointExtension>
        </extensions>
      </trkpt>
      <trkpt lat="34.70843919552862644195556640625" lon="135.2268513478338718414306640625">
        <ele>25.6000003814697265625</ele>
        <time>2026-08-05T21:11:54.000Z</time>
        <extensions>
          <ns3:TrackPointExtension>
            <ns3:atemp>31.0</ns3:atemp>
            <ns3:hr>140</ns3:hr>
            <ns3:cad>89</ns3:cad>
          </ns3:TrackPointExtension>
        </extensions>
      </trkpt>
      <trkpt lat="34.70841438509523868560791015625" lon="135.22686618380248546600341796875">
        <ele>25.3999996185302734375</ele>
        <time>2026-08-05T21:11:55.000Z</time>
        <extensions>
          <ns3:TrackPointExtension>
            <ns3:atemp>30.0</ns3:atemp>
            <ns3:hr>140</ns3:hr>
            <ns3:cad>89</ns3:cad>
          </ns3:TrackPointExtension>
        </extensions>
      </trkpt>
      <trkpt lat="34.70838856883347034454345703125" lon="135.22688127122819423675537109375">
        <ele>25.3999996185302734375</ele>
        <time>2026-08-05T21:11:56.000Z</time>
        <extensions>
          <ns3:TrackPointExtension>
            <ns3:atemp>30.0</ns3:atemp>
            <ns3:hr>140</ns3:hr>
            <ns3:cad>88</ns3:cad>
          </ns3:TrackPointExtension>
        </extensions>
      </trkpt>
      <trkpt lat="34.7083653509616851806640625" lon="135.22689275443553924560546875">
        <ele>25.3999996185302734375</ele>
        <time>2026-08-05T21:11:57.000Z</time>
        <extensions>
          <ns3:TrackPointExtension>
            <ns3:atemp>30.0</ns3:atemp>
            <ns3:hr>140</ns3:hr>
            <ns3:cad>88</ns3:cad>
          </ns3:TrackPointExtension>
        </extensions>
      </trkpt>
      <trkpt lat="34.708339534699916839599609375" lon="135.22690541110932826995849609375">
        <ele>25.3999996185302734375</ele>
        <time>2026-08-05T21:11:58.000Z</time>
        <extensions>
          <ns3:TrackPointExtension>
            <ns3:atemp>30.0</ns3:atemp>
            <ns3:hr>140</ns3:hr>
            <ns3:cad>88</ns3:cad>
          </ns3:TrackPointExtension>
        </extensions>
      </trkpt>
      <trkpt lat="34.7083169035613536834716796875" lon="135.2269197441637516021728515625">
        <ele>25.6000003814697265625</ele>
        <time>2026-08-05T21:11:59.000Z</time>
        <extensions>
          <ns3:TrackPointExtension>
            <ns3:atemp>31.0</ns3:atemp>
            <ns3:hr>140</ns3:hr>
            <ns3:cad>88</ns3:cad>
          </ns3:TrackPointExtension>
        </extensions>
      </trkpt>
      <trkpt lat="34.7082917578518390655517578125" lon="135.22693340666592121124267578125">
        <ele>25.6000003814697265625</ele>
        <time>2026-08-05T21:12:00.000Z</time>
        <extensions>
          <ns3:TrackPointExtension>
            <ns3:atemp>30.0</ns3:atemp>
            <ns3:hr>140</ns3:hr>
            <ns3:cad>89</ns3:cad>
          </ns3:TrackPointExtension>
        </extensions>
      </trkpt>
      <trkpt lat="34.7082682885229587554931640625" lon="135.2269455604255199432373046875">
        <ele>25.3999996185302734375</ele>
        <time>2026-08-05T21:12:01.000Z</time>
        <extensions>
          <ns3:TrackPointExtension>
            <ns3:atemp>30.0</ns3:atemp>
            <ns3:hr>141</ns3:hr>
            <ns3:cad>89</ns3:cad>
          </ns3:TrackPointExtension>
        </extensions>
      </trkpt>
      <trkpt lat="34.7082419693470001220703125" lon="135.22695922292768955230712890625">
        <ele>25.200000762939453125</ele>
        <time>2026-08-05T21:12:02.000Z</time>
        <extensions>
          <ns3:TrackPointExtension>
            <ns3:atemp>30.0</ns3:atemp>
            <ns3:hr>140</ns3:hr>
            <ns3:cad>89</ns3:cad>
          </ns3:TrackPointExtension>
        </extensions>
      </trkpt>
      <trkpt lat="34.70821891911327838897705078125" lon="135.2269698679447174072265625">
        <ele>25</ele>
        <time>2026-08-05T21:12:03.000Z</time>
        <extensions>
          <ns3:TrackPointExtension>
            <ns3:atemp>31.0</ns3:atemp>
            <ns3:hr>140</ns3:hr>
            <ns3:cad>89</ns3:cad>
          </ns3:TrackPointExtension>
        </extensions>
      </trkpt>
      <trkpt lat="34.70818891189992427825927734375" lon="135.2269787527620792388916015625">
        <ele>25</ele>
        <time>2026-08-05T21:12:04.000Z</time>
        <extensions>
          <ns3:TrackPointExtension>
            <ns3:atemp>30.0</ns3:atemp>
            <ns3:hr>140</ns3:hr>
            <ns3:cad>90</ns3:cad>
          </ns3:TrackPointExtension>
        </extensions>
      </trkpt>
      <trkpt lat="34.70816276036202907562255859375" lon="135.22698973305523395538330078125">
        <ele>25</ele>
        <time>2026-08-05T21:12:05.000Z</time>
        <extensions>
          <ns3:TrackPointExtension>
            <ns3:atemp>30.0</ns3:atemp>
            <ns3:hr>140</ns3:hr>
            <ns3:cad>89</ns3:cad>
          </ns3:TrackPointExtension>
        </extensions>
      </trkpt>
      <trkpt lat="34.708137027919292449951171875" lon="135.22700264118611812591552734375">
        <ele>25</ele>
        <time>2026-08-05T21:12:06.000Z</time>
        <extensions>
          <ns3:TrackPointExtension>
            <ns3:atemp>30.0</ns3:atemp>
            <ns3:hr>140</ns3:hr>
            <ns3:cad>90</ns3:cad>
          </ns3:TrackPointExtension>
        </extensions>
      </trkpt>
      <trkpt lat="34.70811045728623867034912109375" lon="135.2270166389644145965576171875">
        <ele>25</ele>
        <time>2026-08-05T21:12:07.000Z</time>
        <extensions>
          <ns3:TrackPointExtension>
            <ns3:atemp>30.0</ns3:atemp>
            <ns3:hr>140</ns3:hr>
            <ns3:cad>89</ns3:cad>
          </ns3:TrackPointExtension>
        </extensions>
      </trkpt>
      <trkpt lat="34.7080801986157894134521484375" lon="135.22703315131366252899169921875">
        <ele>25</ele>
        <time>2026-08-05T21:12:08.000Z</time>
        <extensions>
          <ns3:TrackPointExtension>
            <ns3:atemp>31.0</ns3:atemp>
            <ns3:hr>140</ns3:hr>
            <ns3:cad>89</ns3:cad>
          </ns3:TrackPointExtension>
        </extensions>
      </trkpt>
      <trkpt lat="34.7080506943166255950927734375" lon="135.22704522125422954559326171875">
        <ele>24.799999237060546875</ele>
        <time>2026-08-05T21:12:09.000Z</time>
        <extensions>
          <ns3:TrackPointExtension>
            <ns3:atemp>30.0</ns3:atemp>
            <ns3:hr>141</ns3:hr>
            <ns3:cad>89</ns3:cad>
          </ns3:TrackPointExtension>
        </extensions>
      </trkpt>
      <trkpt lat="34.7080201841890811920166015625" lon="135.22705729119479656219482421875">
        <ele>24.6000003814697265625</ele>
        <time>2026-08-05T21:12:10.000Z</time>
        <extensions>
          <ns3:TrackPointExtension>
            <ns3:atemp>30.0</ns3:atemp>
            <ns3:hr>140</ns3:hr>
            <ns3:cad>89</ns3:cad>
          </ns3:TrackPointExtension>
        </extensions>
      </trkpt>
      <trkpt lat="34.707993529736995697021484375" lon="135.2270635776221752166748046875">
        <ele>24.200000762939453125</ele>
        <time>2026-08-05T21:12:11.000Z</time>
        <extensions>
          <ns3:TrackPointExtension>
            <ns3:atemp>30.0</ns3:atemp>
            <ns3:hr>140</ns3:hr>
            <ns3:cad>88</ns3:cad>
          </ns3:TrackPointExtension>
        </extensions>
      </trkpt>
      <trkpt lat="34.70796494744718074798583984375" lon="135.22706097923219203948974609375">
        <ele>24</ele>
        <time>2026-08-05T21:12:12.000Z</time>
        <extensions>
          <ns3:TrackPointExtension>
            <ns3:atemp>30.0</ns3:atemp>
            <ns3:hr>140</ns3:hr>
            <ns3:cad>88</ns3:cad>
          </ns3:TrackPointExtension>
        </extensions>
      </trkpt>
      <trkpt lat="34.70794223248958587646484375" lon="135.22704203613102436065673828125">
        <ele>23.6000003814697265625</ele>
        <time>2026-08-05T21:12:13.000Z</time>
        <extensions>
          <ns3:TrackPointExtension>
            <ns3:atemp>30.0</ns3:atemp>
            <ns3:hr>141</ns3:hr>
            <ns3:cad>89</ns3:cad>
          </ns3:TrackPointExtension>
        </extensions>
      </trkpt>
      <trkpt lat="34.7079256363213062286376953125" lon="135.22701119072735309600830078125">
        <ele>23.3999996185302734375</ele>
        <time>2026-08-05T21:12:14.000Z</time>
        <extensions>
          <ns3:TrackPointExtension>
            <ns3:atemp>30.0</ns3:atemp>
            <ns3:hr>140</ns3:hr>
            <ns3:cad>89</ns3:cad>
          </ns3:TrackPointExtension>
        </extensions>
      </trkpt>
      <trkpt lat="34.7079139016568660736083984375" lon="135.22698420099914073944091796875">
        <ele>23.3999996185302734375</ele>
        <time>2026-08-05T21:12:15.000Z</time>
        <extensions>
          <ns3:TrackPointExtension>
            <ns3:atemp>30.0</ns3:atemp>
            <ns3:hr>140</ns3:hr>
            <ns3:cad>89</ns3:cad>
          </ns3:TrackPointExtension>
        </extensions>
      </trkpt>
      <trkpt lat="34.7079021669924259185791015625" lon="135.2269536070525646209716796875">
        <ele>23.200000762939453125</ele>
        <time>2026-08-05T21:12:16.000Z</time>
        <extensions>
          <ns3:TrackPointExtension>
            <ns3:atemp>30.0</ns3:atemp>
            <ns3:hr>140</ns3:hr>
            <ns3:cad>88</ns3:cad>
          </ns3:TrackPointExtension>
        </extensions>
      </trkpt>
      <trkpt lat="34.70789403654634952545166015625" lon="135.22692267782986164093017578125">
        <ele>23</ele>
        <time>2026-08-05T21:12:17.000Z</time>
        <extensions>
          <ns3:TrackPointExtension>
            <ns3:atemp>30.0</ns3:atemp>
            <ns3:hr>141</ns3:hr>
            <ns3:cad>87</ns3:cad>
          </ns3:TrackPointExtension>
        </extensions>
      </trkpt>
      <trkpt lat="34.707883559167385101318359375" lon="135.2268939279019832611083984375">
        <ele>23</ele>
        <time>2026-08-05T21:12:18.000Z</time>
        <extensions>
          <ns3:TrackPointExtension>
            <ns3:atemp>30.0</ns3:atemp>
            <ns3:hr>140</ns3:hr>
            <ns3:cad>87</ns3:cad>
          </ns3:TrackPointExtension>
        </extensions>
      </trkpt>
      <trkpt lat="34.707876183092594146728515625" lon="135.22686283104121685028076171875">
        <ele>23</ele>
        <time>2026-08-05T21:12:19.000Z</time>
        <extensions>
          <ns3:TrackPointExtension>
            <ns3:atemp>30.0</ns3:atemp>
            <ns3:hr>140</ns3:hr>
            <ns3:cad>87</ns3:cad>
          </ns3:TrackPointExtension>
        </extensions>
      </trkpt>
      <trkpt lat="34.70786872319877147674560546875" lon="135.22683366201817989349365234375">
        <ele>22.799999237060546875</ele>
        <time>2026-08-05T21:12:20.000Z</time>
        <extensions>
          <ns3:TrackPointExtension>
            <ns3:atemp>30.0</ns3:atemp>
            <ns3:hr>140</ns3:hr>
            <ns3:cad>87</ns3:cad>
          </ns3:TrackPointExtension>
        </extensions>
      </trkpt>
      <trkpt lat="34.707862772047519683837890625" lon="135.2268040738999843597412109375">
        <ele>22.799999237060546875</ele>
        <time>2026-08-05T21:12:21.000Z</time>
        <extensions>
          <ns3:TrackPointExtension>
            <ns3:atemp>30.0</ns3:atemp>
            <ns3:hr>140</ns3:hr>
            <ns3:cad>87</ns3:cad>
          </ns3:TrackPointExtension>
        </extensions>
      </trkpt>
      <trkpt lat="34.707856066524982452392578125" lon="135.22677783854305744171142578125">
        <ele>22.6000003814697265625</ele>
        <time>2026-08-05T21:12:22.000Z</time>
        <extensions>
          <ns3:TrackPointExtension>
            <ns3:atemp>31.0</ns3:atemp>
            <ns3:hr>140</ns3:hr>
            <ns3:cad>88</ns3:cad>
          </ns3:TrackPointExtension>
        </extensions>
      </trkpt>
      <trkpt lat="34.70784835517406463623046875" lon="135.22674866952002048492431640625">
        <ele>22.6000003814697265625</ele>
        <time>2026-08-05T21:12:23.000Z</time>
        <extensions>
          <ns3:TrackPointExtension>
            <ns3:atemp>30.0</ns3:atemp>
            <ns3:hr>140</ns3:hr>
            <ns3:cad>89</ns3:cad>
          </ns3:TrackPointExtension>
        </extensions>
      </trkpt>
      <trkpt lat="34.7078371234238147735595703125" lon="135.226716734468936920166015625">
        <ele>22.3999996185302734375</ele>
        <time>2026-08-05T21:12:24.000Z</time>
        <extensions>
          <ns3:TrackPointExtension>
            <ns3:atemp>30.0</ns3:atemp>
            <ns3:hr>140</ns3:hr>
            <ns3:cad>89</ns3:cad>
          </ns3:TrackPointExtension>
        </extensions>
      </trkpt>
      <trkpt lat="34.707827232778072357177734375" lon="135.2266823686659336090087890625">
        <ele>22.3999996185302734375</ele>
        <time>2026-08-05T21:12:25.000Z</time>
        <extensions>
          <ns3:TrackPointExtension>
            <ns3:atemp>30.0</ns3:atemp>
            <ns3:hr>140</ns3:hr>
            <ns3:cad>89</ns3:cad>
          </ns3:TrackPointExtension>
        </extensions>
      </trkpt>
      <trkpt lat="34.7078176774084568023681640625" lon="135.22665227763354778289794921875">
        <ele>22.200000762939453125</ele>
        <time>2026-08-05T21:12:26.000Z</time>
        <extensions>
          <ns3:TrackPointExtension>
            <ns3:atemp>30.0</ns3:atemp>
            <ns3:hr>140</ns3:hr>
            <ns3:cad>89</ns3:cad>
          </ns3:TrackPointExtension>
        </extensions>
      </trkpt>
      <trkpt lat="34.70780787058174610137939453125" lon="135.22661824710667133331298828125">
        <ele>22</ele>
        <time>2026-08-05T21:12:27.000Z</time>
        <extensions>
          <ns3:TrackPointExtension>
            <ns3:atemp>30.0</ns3:atemp>
            <ns3:hr>140</ns3:hr>
            <ns3:cad>89</ns3:cad>
          </ns3:TrackPointExtension>
        </extensions>
      </trkpt>
      <trkpt lat="34.7077962197363376617431640625" lon="135.2265898324549198150634765625">
        <ele>21.799999237060546875</ele>
        <time>2026-08-05T21:12:28.000Z</time>
        <extensions>
          <ns3:TrackPointExtension>
            <ns3:atemp>30.0</ns3:atemp>
            <ns3:hr>140</ns3:hr>
            <ns3:cad>89</ns3:cad>
          </ns3:TrackPointExtension>
        </extensions>
      </trkpt>
      <trkpt lat="34.7077878378331661224365234375" lon="135.226559154689311981201171875">
        <ele>21.799999237060546875</ele>
        <time>2026-08-05T21:12:29.000Z</time>
        <extensions>
          <ns3:TrackPointExtension>
            <ns3:atemp>30.0</ns3:atemp>
            <ns3:hr>140</ns3:hr>
            <ns3:cad>89</ns3:cad>
          </ns3:TrackPointExtension>
        </extensions>
      </trkpt>
      <trkpt lat="34.7077761031687259674072265625" lon="135.22653275169432163238525390625">
        <ele>21.799999237060546875</ele>
        <time>2026-08-05T21:12:30.000Z</time>
        <extensions>
          <ns3:TrackPointExtension>
            <ns3:atemp>30.0</ns3:atemp>
            <ns3:hr>140</ns3:hr>
            <ns3:cad>89</ns3:cad>
          </ns3:TrackPointExtension>
        </extensions>
      </trkpt>
      <trkpt lat="34.7077645361423492431640625" lon="135.22650710307061672210693359375">
        <ele>21.799999237060546875</ele>
        <time>2026-08-05T21:12:31.000Z</time>
        <extensions>
          <ns3:TrackPointExtension>
            <ns3:atemp>30.0</ns3:atemp>
            <ns3:hr>140</ns3:hr>
            <ns3:cad>89</ns3:cad>
          </ns3:TrackPointExtension>
        </extensions>
      </trkpt>
      <trkpt lat="34.7077539749443531036376953125" lon="135.2264822088181972503662109375">
        <ele>21.799999237060546875</ele>
        <time>2026-08-05T21:12:32.000Z</time>
        <extensions>
          <ns3:TrackPointExtension>
            <ns3:atemp>30.0</ns3:atemp>
            <ns3:hr>140</ns3:hr>
            <ns3:cad>89</ns3:cad>
          </ns3:TrackPointExtension>
        </extensions>
      </trkpt>
      <trkpt lat="34.70774752087891101837158203125" lon="135.226454548537731170654296875">
        <ele>21.799999237060546875</ele>
        <time>2026-08-05T21:12:33.000Z</time>
        <extensions>
          <ns3:TrackPointExtension>
            <ns3:atemp>30.0</ns3:atemp>
            <ns3:hr>140</ns3:hr>
            <ns3:cad>89</ns3:cad>
          </ns3:TrackPointExtension>
        </extensions>
      </trkpt>
      <trkpt lat="34.707740060985088348388671875" lon="135.22642781026661396026611328125">
        <ele>21.799999237060546875</ele>
        <time>2026-08-05T21:12:34.000Z</time>
        <extensions>
          <ns3:TrackPointExtension>
            <ns3:atemp>30.0</ns3:atemp>
            <ns3:hr>140</ns3:hr>
            <ns3:cad>89</ns3:cad>
          </ns3:TrackPointExtension>
        </extensions>
      </trkpt>
      <trkpt lat="34.70773008652031421661376953125" lon="135.2264000661671161651611328125">
        <ele>21.3999996185302734375</ele>
        <time>2026-08-05T21:12:35.000Z</time>
        <extensions>
          <ns3:TrackPointExtension>
            <ns3:atemp>30.0</ns3:atemp>
            <ns3:hr>140</ns3:hr>
            <ns3:cad>89</ns3:cad>
          </ns3:TrackPointExtension>
        </extensions>
      </trkpt>
      <trkpt lat="34.70771634019911289215087890625" lon="135.22637181915342807769775390625">
        <ele>21.200000762939453125</ele>
        <time>2026-08-05T21:12:36.000Z</time>
        <extensions>
          <ns3:TrackPointExtension>
            <ns3:atemp>30.0</ns3:atemp>
            <ns3:hr>140</ns3:hr>
            <ns3:cad>89</ns3:cad>
          </ns3:TrackPointExtension>
        </extensions>
      </trkpt>
      <trkpt lat="34.7077028453350067138671875" lon="135.2263393811881542205810546875">
        <ele>21</ele>
        <time>2026-08-05T21:12:37.000Z</time>
        <extensions>
          <ns3:TrackPointExtension>
            <ns3:atemp>30.0</ns3:atemp>
            <ns3:hr>140</ns3:hr>
            <ns3:cad>90</ns3:cad>
          </ns3:TrackPointExtension>
        </extensions>
      </trkpt>
      <trkpt lat="34.7076912783086299896240234375" lon="135.22630979306995868682861328125">
        <ele>21</ele>
        <time>2026-08-05T21:12:38.000Z</time>
        <extensions>
          <ns3:TrackPointExtension>
            <ns3:atemp>30.0</ns3:atemp>
            <ns3:hr>139</ns3:hr>
            <ns3:cad>90</ns3:cad>
          </ns3:TrackPointExtension>
        </extensions>
      </trkpt>
      <trkpt lat="34.7076771967113018035888671875" lon="135.22627945058047771453857421875">
        <ele>20.799999237060546875</ele>
        <time>2026-08-05T21:12:39.000Z</time>
        <extensions>
          <ns3:TrackPointExtension>
            <ns3:atemp>30.0</ns3:atemp>
            <ns3:hr>139</ns3:hr>
            <ns3:cad>89</ns3:cad>
          </ns3:TrackPointExtension>
        </extensions>
      </trkpt>
      <trkpt lat="34.707661606371402740478515625" lon="135.22625095210969448089599609375">
        <ele>20.799999237060546875</ele>
        <time>2026-08-05T21:12:40.000Z</time>
        <extensions>
          <ns3:TrackPointExtension>
            <ns3:atemp>30.0</ns3:atemp>
            <ns3:hr>138</ns3:hr>
            <ns3:cad>89</ns3:cad>
          </ns3:TrackPointExtension>
        </extensions>
      </trkpt>
      <trkpt lat="34.70764459110796451568603515625" lon="135.22621951997280120849609375">
        <ele>20.799999237060546875</ele>
        <time>2026-08-05T21:12:41.000Z</time>
        <extensions>
          <ns3:TrackPointExtension>
            <ns3:atemp>30.0</ns3:atemp>
            <ns3:hr>138</ns3:hr>
            <ns3:cad>89</ns3:cad>
          </ns3:TrackPointExtension>
        </extensions>
      </trkpt>
      <trkpt lat="34.70763109624385833740234375" lon="135.2261921949684619903564453125">
        <ele>20.6000003814697265625</ele>
        <time>2026-08-05T21:12:42.000Z</time>
        <extensions>
          <ns3:TrackPointExtension>
            <ns3:atemp>30.0</ns3:atemp>
            <ns3:hr>138</ns3:hr>
            <ns3:cad>89</ns3:cad>
          </ns3:TrackPointExtension>
        </extensions>
      </trkpt>
      <trkpt lat="34.70761693082749843597412109375" lon="135.2261657081544399261474609375">
        <ele>20.6000003814697265625</ele>
        <time>2026-08-05T21:12:43.000Z</time>
        <extensions>
          <ns3:TrackPointExtension>
            <ns3:atemp>30.0</ns3:atemp>
            <ns3:hr>138</ns3:hr>
            <ns3:cad>89</ns3:cad>
          </ns3:TrackPointExtension>
        </extensions>
      </trkpt>
      <trkpt lat="34.70759983174502849578857421875" lon="135.22613896988332271575927734375">
        <ele>20.6000003814697265625</ele>
        <time>2026-08-05T21:12:44.000Z</time>
        <extensions>
          <ns3:TrackPointExtension>
            <ns3:atemp>30.0</ns3:atemp>
            <ns3:hr>137</ns3:hr>
            <ns3:cad>89</ns3:cad>
          </ns3:TrackPointExtension>
        </extensions>
      </trkpt>
      <trkpt lat="34.70758541487157344818115234375" lon="135.22611214779317378997802734375">
        <ele>20.6000003814697265625</ele>
        <time>2026-08-05T21:12:45.000Z</time>
        <extensions>
          <ns3:TrackPointExtension>
            <ns3:atemp>30.0</ns3:atemp>
            <ns3:hr>138</ns3:hr>
            <ns3:cad>89</ns3:cad>
          </ns3:TrackPointExtension>
        </extensions>
      </trkpt>
      <trkpt lat="34.7075709141790866851806640625" lon="135.22608716972172260284423828125">
        <ele>20.3999996185302734375</ele>
        <time>2026-08-05T21:12:46.000Z</time>
        <extensions>
          <ns3:TrackPointExtension>
            <ns3:atemp>30.0</ns3:atemp>
            <ns3:hr>138</ns3:hr>
            <ns3:cad>89</ns3:cad>
          </ns3:TrackPointExtension>
        </extensions>
      </trkpt>
      <trkpt lat="34.70755574293434619903564453125" lon="135.22605883888900279998779296875">
        <ele>20.3999996185302734375</ele>
        <time>2026-08-05T21:12:47.000Z</time>
        <extensions>
          <ns3:TrackPointExtension>
            <ns3:atemp>30.0</ns3:atemp>
            <ns3:hr>138</ns3:hr>
            <ns3:cad>89</ns3:cad>
          </ns3:TrackPointExtension>
        </extensions>
      </trkpt>
      <trkpt lat="34.707538895308971405029296875" lon="135.2260337769985198974609375">
        <ele>20.3999996185302734375</ele>
        <time>2026-08-05T21:12:48.000Z</time>
        <extensions>
          <ns3:TrackPointExtension>
            <ns3:atemp>30.0</ns3:atemp>
            <ns3:hr>138</ns3:hr>
            <ns3:cad>89</ns3:cad>
          </ns3:TrackPointExtension>
        </extensions>
      </trkpt>
      <trkpt lat="34.70752523280680179595947265625" lon="135.226005949079990386962890625">
        <ele>20.200000762939453125</ele>
        <time>2026-08-05T21:12:49.000Z</time>
        <extensions>
          <ns3:TrackPointExtension>
            <ns3:atemp>30.0</ns3:atemp>
            <ns3:hr>138</ns3:hr>
            <ns3:cad>89</ns3:cad>
          </ns3:TrackPointExtension>
        </extensions>
      </trkpt>
      <trkpt lat="34.7075125761330127716064453125" lon="135.22597971372306346893310546875">
        <ele>20</ele>
        <time>2026-08-05T21:12:50.000Z</time>
        <extensions>
          <ns3:TrackPointExtension>
            <ns3:atemp>31.0</ns3:atemp>
            <ns3:hr>137</ns3:hr>
            <ns3:cad>89</ns3:cad>
          </ns3:TrackPointExtension>
        </extensions>
      </trkpt>
      <trkpt lat="34.70749606378376483917236328125" lon="135.22595171816647052764892578125">
        <ele>20</ele>
        <time>2026-08-05T21:12:51.000Z</time>
        <extensions>
          <ns3:TrackPointExtension>
            <ns3:atemp>31.0</ns3:atemp>
            <ns3:hr>137</ns3:hr>
            <ns3:cad>89</ns3:cad>
          </ns3:TrackPointExtension>
        </extensions>
      </trkpt>
      <trkpt lat="34.70748533494770526885986328125" lon="135.2259212918579578399658203125">
        <ele>20</ele>
        <time>2026-08-05T21:12:52.000Z</time>
        <extensions>
          <ns3:TrackPointExtension>
            <ns3:atemp>31.0</ns3:atemp>
            <ns3:hr>136</ns3:hr>
            <ns3:cad>89</ns3:cad>
          </ns3:TrackPointExtension>
        </extensions>
      </trkpt>
      <trkpt lat="34.70747477374970912933349609375" lon="135.2258937992155551910400390625">
        <ele>20</ele>
        <time>2026-08-05T21:12:53.000Z</time>
        <extensions>
          <ns3:TrackPointExtension>
            <ns3:atemp>30.0</ns3:atemp>
            <ns3:hr>136</ns3:hr>
            <ns3:cad>89</ns3:cad>
          </ns3:TrackPointExtension>
        </extensions>
      </trkpt>
      <trkpt lat="34.70746421255171298980712890625" lon="135.2258653007447719573974609375">
        <ele>20</ele>
        <time>2026-08-05T21:12:54.000Z</time>
        <extensions>
          <ns3:TrackPointExtension>
            <ns3:atemp>30.0</ns3:atemp>
            <ns3:hr>136</ns3:hr>
            <ns3:cad>89</ns3:cad>
          </ns3:TrackPointExtension>
        </extensions>
      </trkpt>
      <trkpt lat="34.70745163969695568084716796875" lon="135.2258334495127201080322265625">
        <ele>20</ele>
        <time>2026-08-05T21:12:55.000Z</time>
        <extensions>
          <ns3:TrackPointExtension>
            <ns3:atemp>30.0</ns3:atemp>
            <ns3:hr>136</ns3:hr>
            <ns3:cad>89</ns3:cad>
          </ns3:TrackPointExtension>
        </extensions>
      </trkpt>
      <trkpt lat="34.70742934383451938629150390625" lon="135.22577083669602870941162109375">
        <ele>19.799999237060546875</ele>
        <time>2026-08-05T21:12:56.000Z</time>
        <extensions>
          <ns3:TrackPointExtension>
            <ns3:atemp>30.0</ns3:atemp>
            <ns3:hr>136</ns3:hr>
            <ns3:cad>89</ns3:cad>
          </ns3:TrackPointExtension>
        </extensions>
      </trkpt>
      <trkpt lat="34.70742934383451938629150390625" lon="135.22577083669602870941162109375">
        <ele>19.799999237060546875</ele>
        <time>2026-08-05T21:12:57.000Z</time>
        <extensions>
          <ns3:TrackPointExtension>
            <ns3:atemp>31.0</ns3:atemp>
            <ns3:hr>136</ns3:hr>
            <ns3:cad>89</ns3:cad>
          </ns3:TrackPointExtension>
        </extensions>
      </trkpt>
      <trkpt lat="34.70742045901715755462646484375" lon="135.22574074566364288330078125">
        <ele>19.799999237060546875</ele>
        <time>2026-08-05T21:12:58.000Z</time>
        <extensions>
          <ns3:TrackPointExtension>
            <ns3:atemp>30.0</ns3:atemp>
            <ns3:hr>136</ns3:hr>
            <ns3:cad>90</ns3:cad>
          </ns3:TrackPointExtension>
        </extensions>
      </trkpt>
      <trkpt lat="34.70740788616240024566650390625" lon="135.22571266628801822662353515625">
        <ele>19.799999237060546875</ele>
        <time>2026-08-05T21:12:59.000Z</time>
        <extensions>
          <ns3:TrackPointExtension>
            <ns3:atemp>30.0</ns3:atemp>
            <ns3:hr>136</ns3:hr>
            <ns3:cad>89</ns3:cad>
          </ns3:TrackPointExtension>
        </extensions>
      </trkpt>
      <trkpt lat="34.707392044365406036376953125" lon="135.2256859280169010162353515625">
        <ele>19.799999237060546875</ele>
        <time>2026-08-05T21:13:00.000Z</time>
        <extensions>
          <ns3:TrackPointExtension>
            <ns3:atemp>31.0</ns3:atemp>
            <ns3:hr>136</ns3:hr>
            <ns3:cad>90</ns3:cad>
          </ns3:TrackPointExtension>
        </extensions>
      </trkpt>
      <trkpt lat="34.7073710896074771881103515625" lon="135.22566522471606731414794921875">
        <ele>19.6000003814697265625</ele>
        <time>2026-08-05T21:13:01.000Z</time>
        <extensions>
          <ns3:TrackPointExtension>
            <ns3:atemp>30.0</ns3:atemp>
            <ns3:hr>137</ns3:hr>
            <ns3:cad>89</ns3:cad>
          </ns3:TrackPointExtension>
        </extensions>
      </trkpt>
      <trkpt lat="34.707349129021167755126953125" lon="135.22563756443560123443603515625">
        <ele>19.6000003814697265625</ele>
        <time>2026-08-05T21:13:02.000Z</time>
        <extensions>
          <ns3:TrackPointExtension>
            <ns3:atemp>31.0</ns3:atemp>
            <ns3:hr>136</ns3:hr>
            <ns3:cad>89</ns3:cad>
          </ns3:TrackPointExtension>
        </extensions>
      </trkpt>
      <trkpt lat="34.7073233127593994140625" lon="135.2256171964108943939208984375">
        <ele>19.3999996185302734375</ele>
        <time>2026-08-05T21:13:03.000Z</time>
        <extensions>
          <ns3:TrackPointExtension>
            <ns3:atemp>31.0</ns3:atemp>
            <ns3:hr>136</ns3:hr>
            <ns3:cad>89</ns3:cad>
          </ns3:TrackPointExtension>
        </extensions>
      </trkpt>
      <trkpt lat="34.70729640685021877288818359375" lon="135.225597582757472991943359375">
        <ele>19.200000762939453125</ele>
        <time>2026-08-05T21:13:04.000Z</time>
        <extensions>
          <ns3:TrackPointExtension>
            <ns3:atemp>31.0</ns3:atemp>
            <ns3:hr>136</ns3:hr>
            <ns3:cad>89</ns3:cad>
          </ns3:TrackPointExtension>
        </extensions>
      </trkpt>
      <trkpt lat="34.70726958476006984710693359375" lon="135.225579477846622467041015625">
        <ele>19.200000762939453125</ele>
        <time>2026-08-05T21:13:05.000Z</time>
        <extensions>
          <ns3:TrackPointExtension>
            <ns3:atemp>30.0</ns3:atemp>
            <ns3:hr>136</ns3:hr>
            <ns3:cad>88</ns3:cad>
          </ns3:TrackPointExtension>
        </extensions>
      </trkpt>
      <trkpt lat="34.7072436846792697906494140625" lon="135.22555776871740818023681640625">
        <ele>19</ele>
        <time>2026-08-05T21:13:06.000Z</time>
        <extensions>
          <ns3:TrackPointExtension>
            <ns3:atemp>30.0</ns3:atemp>
            <ns3:hr>136</ns3:hr>
            <ns3:cad>89</ns3:cad>
          </ns3:TrackPointExtension>
        </extensions>
      </trkpt>
      <trkpt lat="34.70721426419913768768310546875" lon="135.22553916089236736297607421875">
        <ele>19</ele>
        <time>2026-08-05T21:13:07.000Z</time>
        <extensions>
          <ns3:TrackPointExtension>
            <ns3:atemp>30.0</ns3:atemp>
            <ns3:hr>136</ns3:hr>
            <ns3:cad>89</ns3:cad>
          </ns3:TrackPointExtension>
        </extensions>
      </trkpt>
      <trkpt lat="34.70718794502317905426025390625" lon="135.22551988251507282257080078125">
        <ele>19</ele>
        <time>2026-08-05T21:13:08.000Z</time>
        <extensions>
          <ns3:TrackPointExtension>
            <ns3:atemp>30.0</ns3:atemp>
            <ns3:hr>137</ns3:hr>
            <ns3:cad>91</ns3:cad>
          </ns3:TrackPointExtension>
        </extensions>
      </trkpt>
      <trkpt lat="34.7071598656475543975830078125" lon="135.2255052141845226287841796875">
        <ele>18.799999237060546875</ele>
        <time>2026-08-05T21:13:09.000Z</time>
        <extensions>
          <ns3:TrackPointExtension>
            <ns3:atemp>30.0</ns3:atemp>
            <ns3:hr>137</ns3:hr>
            <ns3:cad>91</ns3:cad>
          </ns3:TrackPointExtension>
        </extensions>
      </trkpt>
      <trkpt lat="34.70713161863386631011962890625" lon="135.22550211288034915924072265625">
        <ele>18.6000003814697265625</ele>
        <time>2026-08-05T21:13:10.000Z</time>
        <extensions>
          <ns3:TrackPointExtension>
            <ns3:atemp>31.0</ns3:atemp>
            <ns3:hr>137</ns3:hr>
            <ns3:cad>91</ns3:cad>
          </ns3:TrackPointExtension>
        </extensions>
      </trkpt>
      <trkpt lat="34.7070978395640850067138671875" lon="135.22550412453711032867431640625">
        <ele>18.6000003814697265625</ele>
        <time>2026-08-05T21:13:11.000Z</time>
        <extensions>
          <ns3:TrackPointExtension>
            <ns3:atemp>30.0</ns3:atemp>
            <ns3:hr>138</ns3:hr>
            <ns3:cad>91</ns3:cad>
          </ns3:TrackPointExtension>
        </extensions>
      </trkpt>
      <trkpt lat="34.70706573687493801116943359375" lon="135.22550630383193492889404296875">
        <ele>18.3999996185302734375</ele>
        <time>2026-08-05T21:13:12.000Z</time>
        <extensions>
          <ns3:TrackPointExtension>
            <ns3:atemp>31.0</ns3:atemp>
            <ns3:hr>138</ns3:hr>
            <ns3:cad>91</ns3:cad>
          </ns3:TrackPointExtension>
        </extensions>
      </trkpt>
      <trkpt lat="34.7070321254432201385498046875" lon="135.2255092374980449676513671875">
        <ele>18.200000762939453125</ele>
        <time>2026-08-05T21:13:13.000Z</time>
        <extensions>
          <ns3:TrackPointExtension>
            <ns3:atemp>31.0</ns3:atemp>
            <ns3:hr>138</ns3:hr>
            <ns3:cad>89</ns3:cad>
          </ns3:TrackPointExtension>
        </extensions>
      </trkpt>
      <trkpt lat="34.70699951983988285064697265625" lon="135.22550873458385467529296875">
        <ele>18</ele>
        <time>2026-08-05T21:13:14.000Z</time>
        <extensions>
          <ns3:TrackPointExtension>
            <ns3:atemp>31.0</ns3:atemp>
            <ns3:hr>138</ns3:hr>
            <ns3:cad>88</ns3:cad>
          </ns3:TrackPointExtension>
        </extensions>
      </trkpt>
      <trkpt lat="34.706950820982456207275390625" lon="135.225476883351802825927734375">
        <ele>17.6000003814697265625</ele>
        <time>2026-08-05T21:13:15.000Z</time>
        <extensions>
          <ns3:TrackPointExtension>
            <ns3:atemp>30.0</ns3:atemp>
            <ns3:hr>138</ns3:hr>
            <ns3:cad>88</ns3:cad>
          </ns3:TrackPointExtension>
        </extensions>
      </trkpt>
      <trkpt lat="34.706950820982456207275390625" lon="135.225476883351802825927734375">
        <ele>17.3999996185302734375</ele>
        <time>2026-08-05T21:13:16.000Z</time>
        <extensions>
          <ns3:TrackPointExtension>
            <ns3:atemp>31.0</ns3:atemp>
            <ns3:hr>138</ns3:hr>
            <ns3:cad>88</ns3:cad>
          </ns3:TrackPointExtension>
        </extensions>
      </trkpt>
      <trkpt lat="34.7069308720529079437255859375" lon="135.22545768879354000091552734375">
        <ele>17.200000762939453125</ele>
        <time>2026-08-05T21:13:17.000Z</time>
        <extensions>
          <ns3:TrackPointExtension>
            <ns3:atemp>31.0</ns3:atemp>
            <ns3:hr>138</ns3:hr>
            <ns3:cad>88</ns3:cad>
          </ns3:TrackPointExtension>
        </extensions>
      </trkpt>
      <trkpt lat="34.70691016875207424163818359375" lon="135.225443355739116668701171875">
        <ele>17</ele>
        <time>2026-08-05T21:13:18.000Z</time>
        <extensions>
          <ns3:TrackPointExtension>
            <ns3:atemp>31.0</ns3:atemp>
            <ns3:hr>139</ns3:hr>
            <ns3:cad>88</ns3:cad>
          </ns3:TrackPointExtension>
        </extensions>
      </trkpt>
      <trkpt lat="34.70689072273671627044677734375" lon="135.22543170489370822906494140625">
        <ele>16.799999237060546875</ele>
        <time>2026-08-05T21:13:19.000Z</time>
        <extensions>
          <ns3:TrackPointExtension>
            <ns3:atemp>31.0</ns3:atemp>
            <ns3:hr>139</ns3:hr>
            <ns3:cad>88</ns3:cad>
          </ns3:TrackPointExtension>
        </extensions>
      </trkpt>
      <trkpt lat="34.7068668343126773834228515625" lon="135.2254187129437923431396484375">
        <ele>16.6000003814697265625</ele>
        <time>2026-08-05T21:13:20.000Z</time>
        <extensions>
          <ns3:TrackPointExtension>
            <ns3:atemp>31.0</ns3:atemp>
            <ns3:hr>139</ns3:hr>
            <ns3:cad>88</ns3:cad>
          </ns3:TrackPointExtension>
        </extensions>
      </trkpt>
      <trkpt lat="34.706841520965099334716796875" lon="135.22540806792676448822021484375">
        <ele>16.6000003814697265625</ele>
        <time>2026-08-05T21:13:21.000Z</time>
        <extensions>
          <ns3:TrackPointExtension>
            <ns3:atemp>31.0</ns3:atemp>
            <ns3:hr>140</ns3:hr>
            <ns3:cad>88</ns3:cad>
          </ns3:TrackPointExtension>
        </extensions>
      </trkpt>
      <trkpt lat="34.7068168781697750091552734375" lon="135.22539968602359294891357421875">
        <ele>16.6000003814697265625</ele>
        <time>2026-08-05T21:13:22.000Z</time>
        <extensions>
          <ns3:TrackPointExtension>
            <ns3:atemp>31.0</ns3:atemp>
            <ns3:hr>140</ns3:hr>
            <ns3:cad>87</ns3:cad>
          </ns3:TrackPointExtension>
        </extensions>
      </trkpt>
      <trkpt lat="34.70677270554006099700927734375" lon="135.2253739535808563232421875">
        <ele>16.3999996185302734375</ele>
        <time>2026-08-05T21:13:23.000Z</time>
        <extensions>
          <ns3:TrackPointExtension>
            <ns3:atemp>31.0</ns3:atemp>
            <ns3:hr>140</ns3:hr>
            <ns3:cad>87</ns3:cad>
          </ns3:TrackPointExtension>
        </extensions>
      </trkpt>
      <trkpt lat="34.70677270554006099700927734375" lon="135.2253739535808563232421875">
        <ele>16.6000003814697265625</ele>
        <time>2026-08-05T21:13:24.000Z</time>
        <extensions>
          <ns3:TrackPointExtension>
            <ns3:atemp>31.0</ns3:atemp>
            <ns3:hr>141</ns3:hr>
            <ns3:cad>88</ns3:cad>
          </ns3:TrackPointExtension>
        </extensions>
      </trkpt>
      <trkpt lat="34.706750325858592987060546875" lon="135.22536565549671649932861328125">
        <ele>16.6000003814697265625</ele>
        <time>2026-08-05T21:13:25.000Z</time>
        <extensions>
          <ns3:TrackPointExtension>
            <ns3:atemp>31.0</ns3:atemp>
            <ns3:hr>141</ns3:hr>
            <ns3:cad>88</ns3:cad>
          </ns3:TrackPointExtension>
        </extensions>
      </trkpt>
      <trkpt lat="34.7067287005484104156494140625" lon="135.22535383701324462890625">
        <ele>16.3999996185302734375</ele>
        <time>2026-08-05T21:13:26.000Z</time>
        <extensions>
          <ns3:TrackPointExtension>
            <ns3:atemp>31.0</ns3:atemp>
            <ns3:hr>142</ns3:hr>
            <ns3:cad>88</ns3:cad>
          </ns3:TrackPointExtension>
        </extensions>
      </trkpt>
      <trkpt lat="34.70670514740049839019775390625" lon="135.22534352727234363555908203125">
        <ele>16.3999996185302734375</ele>
        <time>2026-08-05T21:13:27.000Z</time>
        <extensions>
          <ns3:TrackPointExtension>
            <ns3:atemp>31.0</ns3:atemp>
            <ns3:hr>142</ns3:hr>
            <ns3:cad>88</ns3:cad>
          </ns3:TrackPointExtension>
        </extensions>
      </trkpt>
      <trkpt lat="34.70668151043355464935302734375" lon="135.22533481009304523468017578125">
        <ele>16.200000762939453125</ele>
        <time>2026-08-05T21:13:28.000Z</time>
        <extensions>
          <ns3:TrackPointExtension>
            <ns3:atemp>31.0</ns3:atemp>
            <ns3:hr>142</ns3:hr>
            <ns3:cad>88</ns3:cad>
          </ns3:TrackPointExtension>
        </extensions>
      </trkpt>
      <trkpt lat="34.706655777990818023681640625" lon="135.22532726638019084930419921875">
        <ele>16.200000762939453125</ele>
        <time>2026-08-05T21:13:29.000Z</time>
        <extensions>
          <ns3:TrackPointExtension>
            <ns3:atemp>31.0</ns3:atemp>
            <ns3:hr>142</ns3:hr>
            <ns3:cad>88</ns3:cad>
          </ns3:TrackPointExtension>
        </extensions>
      </trkpt>
      <trkpt lat="34.7066307999193668365478515625" lon="135.22531829774379730224609375">
        <ele>16.200000762939453125</ele>
        <time>2026-08-05T21:13:30.000Z</time>
        <extensions>
          <ns3:TrackPointExtension>
            <ns3:atemp>31.0</ns3:atemp>
            <ns3:hr>142</ns3:hr>
            <ns3:cad>89</ns3:cad>
          </ns3:TrackPointExtension>
        </extensions>
      </trkpt>
      <trkpt lat="34.7066058218479156494140625" lon="135.2253117598593235015869140625">
        <ele>16.200000762939453125</ele>
        <time>2026-08-05T21:13:31.000Z</time>
        <extensions>
          <ns3:TrackPointExtension>
            <ns3:atemp>31.0</ns3:atemp>
            <ns3:hr>142</ns3:hr>
            <ns3:cad>89</ns3:cad>
          </ns3:TrackPointExtension>
        </extensions>
      </trkpt>
      <trkpt lat="34.7065503336489200592041015625" lon="135.2252986840903759002685546875">
        <ele>16.200000762939453125</ele>
        <time>2026-08-05T21:13:32.000Z</time>
        <extensions>
          <ns3:TrackPointExtension>
            <ns3:atemp>31.0</ns3:atemp>
            <ns3:hr>141</ns3:hr>
            <ns3:cad>89</ns3:cad>
          </ns3:TrackPointExtension>
        </extensions>
      </trkpt>
      <trkpt lat="34.7065503336489200592041015625" lon="135.2252986840903759002685546875">
        <ele>16</ele>
        <time>2026-08-05T21:13:33.000Z</time>
        <extensions>
          <ns3:TrackPointExtension>
            <ns3:atemp>31.0</ns3:atemp>
            <ns3:hr>142</ns3:hr>
            <ns3:cad>89</ns3:cad>
          </ns3:TrackPointExtension>
        </extensions>
      </trkpt>
      <trkpt lat="34.70652200281620025634765625" lon="135.22529122419655323028564453125">
        <ele>16</ele>
        <time>2026-08-05T21:13:34.000Z</time>
        <extensions>
          <ns3:TrackPointExtension>
            <ns3:atemp>31.0</ns3:atemp>
            <ns3:hr>142</ns3:hr>
            <ns3:cad>89</ns3:cad>
          </ns3:TrackPointExtension>
        </extensions>
      </trkpt>
      <trkpt lat="34.7064930014312267303466796875" lon="135.2252849377691745758056640625">
        <ele>15.80000019073486328125</ele>
        <time>2026-08-05T21:13:35.000Z</time>
        <extensions>
          <ns3:TrackPointExtension>
            <ns3:atemp>31.0</ns3:atemp>
            <ns3:hr>142</ns3:hr>
            <ns3:cad>89</ns3:cad>
          </ns3:TrackPointExtension>
        </extensions>
      </trkpt>
      <trkpt lat="34.7064665146172046661376953125" lon="135.22527764551341533660888671875">
        <ele>15.6000003814697265625</ele>
        <time>2026-08-05T21:13:36.000Z</time>
        <extensions>
          <ns3:TrackPointExtension>
            <ns3:atemp>31.0</ns3:atemp>
            <ns3:hr>142</ns3:hr>
            <ns3:cad>89</ns3:cad>
          </ns3:TrackPointExtension>
        </extensions>
      </trkpt>
      <trkpt lat="34.70643793232738971710205078125" lon="135.2252661623060703277587890625">
        <ele>15.3999996185302734375</ele>
        <time>2026-08-05T21:13:37.000Z</time>
        <extensions>
          <ns3:TrackPointExtension>
            <ns3:atemp>30.0</ns3:atemp>
            <ns3:hr>142</ns3:hr>
            <ns3:cad>89</ns3:cad>
          </ns3:TrackPointExtension>
        </extensions>
      </trkpt>
      <trkpt lat="34.7064132057130336761474609375" lon="135.225258283317089080810546875">
        <ele>15.3999996185302734375</ele>
        <time>2026-08-05T21:13:38.000Z</time>
        <extensions>
          <ns3:TrackPointExtension>
            <ns3:atemp>31.0</ns3:atemp>
            <ns3:hr>142</ns3:hr>
            <ns3:cad>89</ns3:cad>
          </ns3:TrackPointExtension>
        </extensions>
      </trkpt>
      <trkpt lat="34.70638646744191646575927734375" lon="135.22525467909872531890869140625">
        <ele>15.19999980926513671875</ele>
        <time>2026-08-05T21:13:39.000Z</time>
        <extensions>
          <ns3:TrackPointExtension>
            <ns3:atemp>31.0</ns3:atemp>
            <ns3:hr>142</ns3:hr>
            <ns3:cad>88</ns3:cad>
          </ns3:TrackPointExtension>
        </extensions>
      </trkpt>
      <trkpt lat="34.7063629142940044403076171875" lon="135.22524998523294925689697265625">
        <ele>15.19999980926513671875</ele>
        <time>2026-08-05T21:13:40.000Z</time>
        <extensions>
          <ns3:TrackPointExtension>
            <ns3:atemp>31.0</ns3:atemp>
            <ns3:hr>142</ns3:hr>
            <ns3:cad>88</ns3:cad>
          </ns3:TrackPointExtension>
        </extensions>
      </trkpt>
      <trkpt lat="34.70633533783257007598876953125" lon="135.22524327971041202545166015625">
        <ele>15</ele>
        <time>2026-08-05T21:13:41.000Z</time>
        <extensions>
          <ns3:TrackPointExtension>
            <ns3:atemp>31.0</ns3:atemp>
            <ns3:hr>142</ns3:hr>
            <ns3:cad>88</ns3:cad>
          </ns3:TrackPointExtension>
        </extensions>
      </trkpt>
      <trkpt lat="34.70631253905594348907470703125" lon="135.22523841820657253265380859375">
        <ele>15</ele>
        <time>2026-08-05T21:13:42.000Z</time>
        <extensions>
          <ns3:TrackPointExtension>
            <ns3:atemp>31.0</ns3:atemp>
            <ns3:hr>141</ns3:hr>
            <ns3:cad>89</ns3:cad>
          </ns3:TrackPointExtension>
        </extensions>
      </trkpt>
      <trkpt lat="34.70628756098449230194091796875" lon="135.22523104213178157806396484375">
        <ele>15</ele>
        <time>2026-08-05T21:13:43.000Z</time>
        <extensions>
          <ns3:TrackPointExtension>
            <ns3:atemp>31.0</ns3:atemp>
            <ns3:hr>141</ns3:hr>
            <ns3:cad>89</ns3:cad>
          </ns3:TrackPointExtension>
        </extensions>
      </trkpt>
      <trkpt lat="34.70626241527497768402099609375" lon="135.2252262644469738006591796875">
        <ele>15</ele>
        <time>2026-08-05T21:13:44.000Z</time>
        <extensions>
          <ns3:TrackPointExtension>
            <ns3:atemp>31.0</ns3:atemp>
            <ns3:hr>141</ns3:hr>
            <ns3:cad>88</ns3:cad>
          </ns3:TrackPointExtension>
        </extensions>
      </trkpt>
      <trkpt lat="34.70623634755611419677734375" lon="135.2252205647528171539306640625">
        <ele>15</ele>
        <time>2026-08-05T21:13:45.000Z</time>
        <extensions>
          <ns3:TrackPointExtension>
            <ns3:atemp>31.0</ns3:atemp>
            <ns3:hr>141</ns3:hr>
            <ns3:cad>88</ns3:cad>
          </ns3:TrackPointExtension>
        </extensions>
      </trkpt>
      <trkpt lat="34.706212542951107025146484375" lon="135.2252138592302799224853515625">
        <ele>15</ele>
        <time>2026-08-05T21:13:46.000Z</time>
        <extensions>
          <ns3:TrackPointExtension>
            <ns3:atemp>31.0</ns3:atemp>
            <ns3:hr>142</ns3:hr>
            <ns3:cad>88</ns3:cad>
          </ns3:TrackPointExtension>
        </extensions>
      </trkpt>
      <trkpt lat="34.70618681050837039947509765625" lon="135.225206650793552398681640625">
        <ele>14.80000019073486328125</ele>
        <time>2026-08-05T21:13:47.000Z</time>
        <extensions>
          <ns3:TrackPointExtension>
            <ns3:atemp>31.0</ns3:atemp>
            <ns3:hr>142</ns3:hr>
            <ns3:cad>88</ns3:cad>
          </ns3:TrackPointExtension>
        </extensions>
      </trkpt>
      <trkpt lat="34.70616132952272891998291015625" lon="135.225199945271015167236328125">
        <ele>14.80000019073486328125</ele>
        <time>2026-08-05T21:13:48.000Z</time>
        <extensions>
          <ns3:TrackPointExtension>
            <ns3:atemp>31.0</ns3:atemp>
            <ns3:hr>142</ns3:hr>
            <ns3:cad>88</ns3:cad>
          </ns3:TrackPointExtension>
        </extensions>
      </trkpt>
      <trkpt lat="34.70613484270870685577392578125" lon="135.22519382648169994354248046875">
        <ele>14.80000019073486328125</ele>
        <time>2026-08-05T21:13:49.000Z</time>
        <extensions>
          <ns3:TrackPointExtension>
            <ns3:atemp>31.0</ns3:atemp>
            <ns3:hr>142</ns3:hr>
            <ns3:cad>89</ns3:cad>
          </ns3:TrackPointExtension>
        </extensions>
      </trkpt>
      <trkpt lat="34.70611003227531909942626953125" lon="135.2251833491027355194091796875">
        <ele>14.6000003814697265625</ele>
        <time>2026-08-05T21:13:50.000Z</time>
        <extensions>
          <ns3:TrackPointExtension>
            <ns3:atemp>31.0</ns3:atemp>
            <ns3:hr>142</ns3:hr>
            <ns3:cad>89</ns3:cad>
          </ns3:TrackPointExtension>
        </extensions>
      </trkpt>
      <trkpt lat="34.70608639530837535858154296875" lon="135.22517069242894649505615234375">
        <ele>14.6000003814697265625</ele>
        <time>2026-08-05T21:13:51.000Z</time>
        <extensions>
          <ns3:TrackPointExtension>
            <ns3:atemp>31.0</ns3:atemp>
            <ns3:hr>142</ns3:hr>
            <ns3:cad>89</ns3:cad>
          </ns3:TrackPointExtension>
        </extensions>
      </trkpt>
      <trkpt lat="34.706063680350780487060546875" lon="135.22516331635415554046630859375">
        <ele>14.6000003814697265625</ele>
        <time>2026-08-05T21:13:52.000Z</time>
        <extensions>
          <ns3:TrackPointExtension>
            <ns3:atemp>31.0</ns3:atemp>
            <ns3:hr>142</ns3:hr>
            <ns3:cad>89</ns3:cad>
          </ns3:TrackPointExtension>
        </extensions>
      </trkpt>
      <trkpt lat="34.706038534641265869140625" lon="135.22515392862260341644287109375">
        <ele>14.6000003814697265625</ele>
        <time>2026-08-05T21:13:53.000Z</time>
        <extensions>
          <ns3:TrackPointExtension>
            <ns3:atemp>31.0</ns3:atemp>
            <ns3:hr>142</ns3:hr>
            <ns3:cad>89</ns3:cad>
          </ns3:TrackPointExtension>
        </extensions>
      </trkpt>
      <trkpt lat="34.70601045526564121246337890625" lon="135.22514319978654384613037109375">
        <ele>14.6000003814697265625</ele>
        <time>2026-08-05T21:13:54.000Z</time>
        <extensions>
          <ns3:TrackPointExtension>
            <ns3:atemp>31.0</ns3:atemp>
            <ns3:hr>141</ns3:hr>
            <ns3:cad>89</ns3:cad>
          </ns3:TrackPointExtension>
        </extensions>
      </trkpt>
      <trkpt lat="34.7059887461364269256591796875" lon="135.2251337282359600067138671875">
        <ele>14.3999996185302734375</ele>
        <time>2026-08-05T21:13:55.000Z</time>
        <extensions>
          <ns3:TrackPointExtension>
            <ns3:atemp>31.0</ns3:atemp>
            <ns3:hr>140</ns3:hr>
            <ns3:cad>89</ns3:cad>
          </ns3:TrackPointExtension>
        </extensions>
      </trkpt>
      <trkpt lat="34.70596552826464176177978515625" lon="135.22512408904731273651123046875">
        <ele>14.3999996185302734375</ele>
        <time>2026-08-05T21:13:56.000Z</time>
        <extensions>
          <ns3:TrackPointExtension>
            <ns3:atemp>31.0</ns3:atemp>
            <ns3:hr>140</ns3:hr>
            <ns3:cad>89</ns3:cad>
          </ns3:TrackPointExtension>
        </extensions>
      </trkpt>
      <trkpt lat="34.70593887381255626678466796875" lon="135.225112438201904296875">
        <ele>14.3999996185302734375</ele>
        <time>2026-08-05T21:13:57.000Z</time>
        <extensions>
          <ns3:TrackPointExtension>
            <ns3:atemp>31.0</ns3:atemp>
            <ns3:hr>140</ns3:hr>
            <ns3:cad>89</ns3:cad>
          </ns3:TrackPointExtension>
        </extensions>
      </trkpt>
      <trkpt lat="34.70590014941990375518798828125" lon="135.22509257309138774871826171875">
        <ele>14.3999996185302734375</ele>
        <time>2026-08-05T21:13:58.000Z</time>
        <extensions>
          <ns3:TrackPointExtension>
            <ns3:atemp>31.0</ns3:atemp>
            <ns3:hr>140</ns3:hr>
            <ns3:cad>88</ns3:cad>
          </ns3:TrackPointExtension>
        </extensions>
      </trkpt>
      <trkpt lat="34.70588204450905323028564453125" lon="135.2250837720930576324462890625">
        <ele>14.19999980926513671875</ele>
        <time>2026-08-05T21:13:59.000Z</time>
        <extensions>
          <ns3:TrackPointExtension>
            <ns3:atemp>31.0</ns3:atemp>
            <ns3:hr>139</ns3:hr>
            <ns3:cad>88</ns3:cad>
          </ns3:TrackPointExtension>
        </extensions>
      </trkpt>
      <trkpt lat="34.70586544834077358245849609375" lon="135.2250753901898860931396484375">
        <ele>14.19999980926513671875</ele>
        <time>2026-08-05T21:14:00.000Z</time>
        <extensions>
          <ns3:TrackPointExtension>
            <ns3:atemp>31.0</ns3:atemp>
            <ns3:hr>139</ns3:hr>
            <ns3:cad>88</ns3:cad>
          </ns3:TrackPointExtension>
        </extensions>
      </trkpt>
      <trkpt lat="34.7058489359915256500244140625" lon="135.22506759501993656158447265625">
        <ele>14</ele>
        <time>2026-08-05T21:14:01.000Z</time>
        <extensions>
          <ns3:TrackPointExtension>
            <ns3:atemp>31.0</ns3:atemp>
            <ns3:hr>138</ns3:hr>
            <ns3:cad>88</ns3:cad>
          </ns3:TrackPointExtension>
        </extensions>
      </trkpt>
      <trkpt lat="34.70582555048167705535888671875" lon="135.22506617009639739990234375">
        <ele>14</ele>
        <time>2026-08-05T21:14:02.000Z</time>
        <extensions>
          <ns3:TrackPointExtension>
            <ns3:atemp>31.0</ns3:atemp>
            <ns3:hr>138</ns3:hr>
            <ns3:cad>88</ns3:cad>
          </ns3:TrackPointExtension>
        </extensions>
      </trkpt>
      <trkpt lat="34.705801494419574737548828125" lon="135.22506407462060451507568359375">
        <ele>14.19999980926513671875</ele>
        <time>2026-08-05T21:14:03.000Z</time>
        <extensions>
          <ns3:TrackPointExtension>
            <ns3:atemp>31.0</ns3:atemp>
            <ns3:hr>138</ns3:hr>
            <ns3:cad>89</ns3:cad>
          </ns3:TrackPointExtension>
        </extensions>
      </trkpt>
      <trkpt lat="34.70577693544328212738037109375" lon="135.22506256587803363800048828125">
        <ele>14.19999980926513671875</ele>
        <time>2026-08-05T21:14:04.000Z</time>
        <extensions>
          <ns3:TrackPointExtension>
            <ns3:atemp>31.0</ns3:atemp>
            <ns3:hr>138</ns3:hr>
            <ns3:cad>88</ns3:cad>
          </ns3:TrackPointExtension>
        </extensions>
      </trkpt>
      <trkpt lat="34.70575128681957721710205078125" lon="135.22506617009639739990234375">
        <ele>14.19999980926513671875</ele>
        <time>2026-08-05T21:14:05.000Z</time>
        <extensions>
          <ns3:TrackPointExtension>
            <ns3:atemp>31.0</ns3:atemp>
            <ns3:hr>138</ns3:hr>
            <ns3:cad>89</ns3:cad>
          </ns3:TrackPointExtension>
        </extensions>
      </trkpt>
      <trkpt lat="34.705724380910396575927734375" lon="135.2250690199434757232666015625">
        <ele>14.3999996185302734375</ele>
        <time>2026-08-05T21:14:06.000Z</time>
        <extensions>
          <ns3:TrackPointExtension>
            <ns3:atemp>31.0</ns3:atemp>
            <ns3:hr>137</ns3:hr>
            <ns3:cad>88</ns3:cad>
          </ns3:TrackPointExtension>
        </extensions>
      </trkpt>
      <trkpt lat="34.70570082776248455047607421875" lon="135.22506675682961940765380859375">
        <ele>14.3999996185302734375</ele>
        <time>2026-08-05T21:14:07.000Z</time>
        <extensions>
          <ns3:TrackPointExtension>
            <ns3:atemp>31.0</ns3:atemp>
            <ns3:hr>136</ns3:hr>
            <ns3:cad>88</ns3:cad>
          </ns3:TrackPointExtension>
        </extensions>
      </trkpt>
      <trkpt lat="34.70567769370973110198974609375" lon="135.22506591863930225372314453125">
        <ele>14.3999996185302734375</ele>
        <time>2026-08-05T21:14:08.000Z</time>
        <extensions>
          <ns3:TrackPointExtension>
            <ns3:atemp>31.0</ns3:atemp>
            <ns3:hr>136</ns3:hr>
            <ns3:cad>88</ns3:cad>
          </ns3:TrackPointExtension>
        </extensions>
      </trkpt>
      <trkpt lat="34.705655314028263092041015625" lon="135.225066840648651123046875">
        <ele>14.3999996185302734375</ele>
        <time>2026-08-05T21:14:09.000Z</time>
        <extensions>
          <ns3:TrackPointExtension>
            <ns3:atemp>31.0</ns3:atemp>
            <ns3:hr>136</ns3:hr>
            <ns3:cad>88</ns3:cad>
          </ns3:TrackPointExtension>
        </extensions>
      </trkpt>
      <trkpt lat="34.70562773756682872772216796875" lon="135.22505669854581356048583984375">
        <ele>14.19999980926513671875</ele>
        <time>2026-08-05T21:14:10.000Z</time>
        <extensions>
          <ns3:TrackPointExtension>
            <ns3:atemp>31.0</ns3:atemp>
            <ns3:hr>136</ns3:hr>
            <ns3:cad>88</ns3:cad>
          </ns3:TrackPointExtension>
        </extensions>
      </trkpt>
      <trkpt lat="34.7055770270526409149169921875" lon="135.22503641434013843536376953125">
        <ele>14</ele>
        <time>2026-08-05T21:14:11.000Z</time>
        <extensions>
          <ns3:TrackPointExtension>
            <ns3:atemp>31.0</ns3:atemp>
            <ns3:hr>135</ns3:hr>
            <ns3:cad>88</ns3:cad>
          </ns3:TrackPointExtension>
        </extensions>
      </trkpt>
      <trkpt lat="34.7055770270526409149169921875" lon="135.22503641434013843536376953125">
        <ele>13.80000019073486328125</ele>
        <time>2026-08-05T21:14:12.000Z</time>
        <extensions>
          <ns3:TrackPointExtension>
            <ns3:atemp>31.0</ns3:atemp>
            <ns3:hr>135</ns3:hr>
            <ns3:cad>88</ns3:cad>
          </ns3:TrackPointExtension>
        </extensions>
      </trkpt>
      <trkpt lat="34.705550707876682281494140625" lon="135.22502820007503032684326171875">
        <ele>13.6000003814697265625</ele>
        <time>2026-08-05T21:14:13.000Z</time>
        <extensions>
          <ns3:TrackPointExtension>
            <ns3:atemp>31.0</ns3:atemp>
            <ns3:hr>134</ns3:hr>
            <ns3:cad>88</ns3:cad>
          </ns3:TrackPointExtension>
        </extensions>
      </trkpt>
      <trkpt lat="34.70552363432943820953369140625" lon="135.22502099163830280303955078125">
        <ele>13.6000003814697265625</ele>
        <time>2026-08-05T21:14:14.000Z</time>
        <extensions>
          <ns3:TrackPointExtension>
            <ns3:atemp>31.0</ns3:atemp>
            <ns3:hr>134</ns3:hr>
            <ns3:cad>88</ns3:cad>
          </ns3:TrackPointExtension>
        </extensions>
      </trkpt>
      <trkpt lat="34.70549966208636760711669921875" lon="135.22501361556351184844970703125">
        <ele>13.6000003814697265625</ele>
        <time>2026-08-05T21:14:15.000Z</time>
        <extensions>
          <ns3:TrackPointExtension>
            <ns3:atemp>31.0</ns3:atemp>
            <ns3:hr>134</ns3:hr>
            <ns3:cad>91</ns3:cad>
          </ns3:TrackPointExtension>
        </extensions>
      </trkpt>
      <trkpt lat="34.7054712474346160888671875" lon="135.225006155669689178466796875">
        <ele>13.3999996185302734375</ele>
        <time>2026-08-05T21:14:16.000Z</time>
        <extensions>
          <ns3:TrackPointExtension>
            <ns3:atemp>31.0</ns3:atemp>
            <ns3:hr>134</ns3:hr>
            <ns3:cad>91</ns3:cad>
          </ns3:TrackPointExtension>
        </extensions>
      </trkpt>
      <trkpt lat="34.70544719137251377105712890625" lon="135.225002132356166839599609375">
        <ele>13.3999996185302734375</ele>
        <time>2026-08-05T21:14:17.000Z</time>
        <extensions>
          <ns3:TrackPointExtension>
            <ns3:atemp>31.0</ns3:atemp>
            <ns3:hr>134</ns3:hr>
            <ns3:cad>89</ns3:cad>
          </ns3:TrackPointExtension>
        </extensions>
      </trkpt>
      <trkpt lat="34.70542372204363346099853515625" lon="135.22499098442494869232177734375">
        <ele>13.3999996185302734375</ele>
        <time>2026-08-05T21:14:18.000Z</time>
        <extensions>
          <ns3:TrackPointExtension>
            <ns3:atemp>31.0</ns3:atemp>
            <ns3:hr>134</ns3:hr>
            <ns3:cad>89</ns3:cad>
          </ns3:TrackPointExtension>
        </extensions>
      </trkpt>
      <trkpt lat="34.70540092326700687408447265625" lon="135.22498142905533313751220703125">
        <ele>13.3999996185302734375</ele>
        <time>2026-08-05T21:14:19.000Z</time>
        <extensions>
          <ns3:TrackPointExtension>
            <ns3:atemp>31.0</ns3:atemp>
            <ns3:hr>134</ns3:hr>
            <ns3:cad>88</ns3:cad>
          </ns3:TrackPointExtension>
        </extensions>
      </trkpt>
      <trkpt lat="34.70537560991942882537841796875" lon="135.22497472353279590606689453125">
        <ele>13.3999996185302734375</ele>
        <time>2026-08-05T21:14:20.000Z</time>
        <extensions>
          <ns3:TrackPointExtension>
            <ns3:atemp>31.0</ns3:atemp>
            <ns3:hr>134</ns3:hr>
            <ns3:cad>88</ns3:cad>
          </ns3:TrackPointExtension>
        </extensions>
      </trkpt>
      <trkpt lat="34.705352224409580230712890625" lon="135.22496734745800495147705078125">
        <ele>13.3999996185302734375</ele>
        <time>2026-08-05T21:14:21.000Z</time>
        <extensions>
          <ns3:TrackPointExtension>
            <ns3:atemp>31.0</ns3:atemp>
            <ns3:hr>134</ns3:hr>
            <ns3:cad>89</ns3:cad>
          </ns3:TrackPointExtension>
        </extensions>
      </trkpt>
      <trkpt lat="34.7053279168903827667236328125" lon="135.224957205355167388916015625">
        <ele>13.6000003814697265625</ele>
        <time>2026-08-05T21:14:22.000Z</time>
        <extensions>
          <ns3:TrackPointExtension>
            <ns3:atemp>31.0</ns3:atemp>
            <ns3:hr>135</ns3:hr>
            <ns3:cad>89</ns3:cad>
          </ns3:TrackPointExtension>
        </extensions>
      </trkpt>
      <trkpt lat="34.70530293881893157958984375" lon="135.2249483205378055572509765625">
        <ele>13.6000003814697265625</ele>
        <time>2026-08-05T21:14:23.000Z</time>
        <extensions>
          <ns3:TrackPointExtension>
            <ns3:atemp>31.0</ns3:atemp>
            <ns3:hr>136</ns3:hr>
            <ns3:cad>89</ns3:cad>
          </ns3:TrackPointExtension>
        </extensions>
      </trkpt>
      <trkpt lat="34.70527301542460918426513671875" lon="135.22494320757687091827392578125">
        <ele>13.80000019073486328125</ele>
        <time>2026-08-05T21:14:24.000Z</time>
        <extensions>
          <ns3:TrackPointExtension>
            <ns3:atemp>31.0</ns3:atemp>
            <ns3:hr>136</ns3:hr>
            <ns3:cad>90</ns3:cad>
          </ns3:TrackPointExtension>
        </extensions>
      </trkpt>
      <trkpt lat="34.70524770207703113555908203125" lon="135.2249322272837162017822265625">
        <ele>14</ele>
        <time>2026-08-05T21:14:25.000Z</time>
        <extensions>
          <ns3:TrackPointExtension>
            <ns3:atemp>31.0</ns3:atemp>
            <ns3:hr>137</ns3:hr>
            <ns3:cad>90</ns3:cad>
          </ns3:TrackPointExtension>
        </extensions>
      </trkpt>
      <trkpt lat="34.70521786250174045562744140625" lon="135.2249228395521640777587890625">
        <ele>14</ele>
        <time>2026-08-05T21:14:26.000Z</time>
        <extensions>
          <ns3:TrackPointExtension>
            <ns3:atemp>31.0</ns3:atemp>
            <ns3:hr>137</ns3:hr>
            <ns3:cad>89</ns3:cad>
          </ns3:TrackPointExtension>
        </extensions>
      </trkpt>
      <trkpt lat="34.70519087277352809906005859375" lon="135.22491286508738994598388671875">
        <ele>14</ele>
        <time>2026-08-05T21:14:27.000Z</time>
        <extensions>
          <ns3:TrackPointExtension>
            <ns3:atemp>31.0</ns3:atemp>
            <ns3:hr>138</ns3:hr>
            <ns3:cad>89</ns3:cad>
          </ns3:TrackPointExtension>
        </extensions>
      </trkpt>
      <trkpt lat="34.70516187138855457305908203125" lon="135.22490481846034526824951171875">
        <ele>14</ele>
        <time>2026-08-05T21:14:28.000Z</time>
        <extensions>
          <ns3:TrackPointExtension>
            <ns3:atemp>31.0</ns3:atemp>
            <ns3:hr>138</ns3:hr>
            <ns3:cad>89</ns3:cad>
          </ns3:TrackPointExtension>
        </extensions>
      </trkpt>
      <trkpt lat="34.7051354683935642242431640625" lon="135.22489945404231548309326171875">
        <ele>14</ele>
        <time>2026-08-05T21:14:29.000Z</time>
        <extensions>
          <ns3:TrackPointExtension>
            <ns3:atemp>31.0</ns3:atemp>
            <ns3:hr>138</ns3:hr>
            <ns3:cad>89</ns3:cad>
          </ns3:TrackPointExtension>
        </extensions>
      </trkpt>
      <trkpt lat="34.7051093168556690216064453125" lon="135.22489610128104686737060546875">
        <ele>14</ele>
        <time>2026-08-05T21:14:30.000Z</time>
        <extensions>
          <ns3:TrackPointExtension>
            <ns3:atemp>31.0</ns3:atemp>
            <ns3:hr>139</ns3:hr>
            <ns3:cad>88</ns3:cad>
          </ns3:TrackPointExtension>
        </extensions>
      </trkpt>
      <trkpt lat="34.705084674060344696044921875" lon="135.22488855756819248199462890625">
        <ele>14</ele>
        <time>2026-08-05T21:14:31.000Z</time>
        <extensions>
          <ns3:TrackPointExtension>
            <ns3:atemp>30.0</ns3:atemp>
            <ns3:hr>139</ns3:hr>
            <ns3:cad>88</ns3:cad>
          </ns3:TrackPointExtension>
        </extensions>
      </trkpt>
      <trkpt lat="34.705057851970195770263671875" lon="135.22488134913146495819091796875">
        <ele>14</ele>
        <time>2026-08-05T21:14:32.000Z</time>
        <extensions>
          <ns3:TrackPointExtension>
            <ns3:atemp>31.0</ns3:atemp>
            <ns3:hr>140</ns3:hr>
            <ns3:cad>88</ns3:cad>
          </ns3:TrackPointExtension>
        </extensions>
      </trkpt>
      <trkpt lat="34.70503077842295169830322265625" lon="135.224874056875705718994140625">
        <ele>13.80000019073486328125</ele>
        <time>2026-08-05T21:14:33.000Z</time>
        <extensions>
          <ns3:TrackPointExtension>
            <ns3:atemp>31.0</ns3:atemp>
            <ns3:hr>140</ns3:hr>
            <ns3:cad>89</ns3:cad>
          </ns3:TrackPointExtension>
        </extensions>
      </trkpt>
      <trkpt lat="34.70500412397086620330810546875" lon="135.224867351353168487548828125">
        <ele>13.80000019073486328125</ele>
        <time>2026-08-05T21:14:34.000Z</time>
        <extensions>
          <ns3:TrackPointExtension>
            <ns3:atemp>31.0</ns3:atemp>
            <ns3:hr>140</ns3:hr>
            <ns3:cad>90</ns3:cad>
          </ns3:TrackPointExtension>
        </extensions>
      </trkpt>
      <trkpt lat="34.70497763715684413909912109375" lon="135.2248608134686946868896484375">
        <ele>13.6000003814697265625</ele>
        <time>2026-08-05T21:14:35.000Z</time>
        <extensions>
          <ns3:TrackPointExtension>
            <ns3:atemp>31.0</ns3:atemp>
            <ns3:hr>140</ns3:hr>
            <ns3:cad>90</ns3:cad>
          </ns3:TrackPointExtension>
        </extensions>
      </trkpt>
      <trkpt lat="34.7049482166767120361328125" lon="135.2248510904610157012939453125">
        <ele>13.80000019073486328125</ele>
        <time>2026-08-05T21:14:36.000Z</time>
        <extensions>
          <ns3:TrackPointExtension>
            <ns3:atemp>31.0</ns3:atemp>
            <ns3:hr>140</ns3:hr>
            <ns3:cad>90</ns3:cad>
          </ns3:TrackPointExtension>
        </extensions>
      </trkpt>
      <trkpt lat="34.7049222327768802642822265625" lon="135.22484346292912960052490234375">
        <ele>13.6000003814697265625</ele>
        <time>2026-08-05T21:14:37.000Z</time>
        <extensions>
          <ns3:TrackPointExtension>
            <ns3:atemp>31.0</ns3:atemp>
            <ns3:hr>140</ns3:hr>
            <ns3:cad>91</ns3:cad>
          </ns3:TrackPointExtension>
        </extensions>
      </trkpt>
      <trkpt lat="34.7048960812389850616455078125" lon="135.2248386852443218231201171875">
        <ele>13.80000019073486328125</ele>
        <time>2026-08-05T21:14:38.000Z</time>
        <extensions>
          <ns3:TrackPointExtension>
            <ns3:atemp>31.0</ns3:atemp>
            <ns3:hr>140</ns3:hr>
            <ns3:cad>91</ns3:cad>
          </ns3:TrackPointExtension>
        </extensions>
      </trkpt>
      <trkpt lat="34.7048722766339778900146484375" lon="135.22483223117887973785400390625">
        <ele>13.80000019073486328125</ele>
        <time>2026-08-05T21:14:39.000Z</time>
        <extensions>
          <ns3:TrackPointExtension>
            <ns3:atemp>31.0</ns3:atemp>
            <ns3:hr>141</ns3:hr>
            <ns3:cad>90</ns3:cad>
          </ns3:TrackPointExtension>
        </extensions>
      </trkpt>
      <trkpt lat="34.7048501484096050262451171875" lon="135.224825441837310791015625">
        <ele>13.80000019073486328125</ele>
        <time>2026-08-05T21:14:40.000Z</time>
        <extensions>
          <ns3:TrackPointExtension>
            <ns3:atemp>31.0</ns3:atemp>
            <ns3:hr>141</ns3:hr>
            <ns3:cad>89</ns3:cad>
          </ns3:TrackPointExtension>
        </extensions>
      </trkpt>
      <trkpt lat="34.7048233263194561004638671875" lon="135.22481672465801239013671875">
        <ele>13.80000019073486328125</ele>
        <time>2026-08-05T21:14:41.000Z</time>
        <extensions>
          <ns3:TrackPointExtension>
            <ns3:atemp>31.0</ns3:atemp>
            <ns3:hr>142</ns3:hr>
            <ns3:cad>89</ns3:cad>
          </ns3:TrackPointExtension>
        </extensions>
      </trkpt>
      <trkpt lat="34.70479709096252918243408203125" lon="135.22481077350676059722900390625">
        <ele>13.80000019073486328125</ele>
        <time>2026-08-05T21:14:42.000Z</time>
        <extensions>
          <ns3:TrackPointExtension>
            <ns3:atemp>31.0</ns3:atemp>
            <ns3:hr>142</ns3:hr>
            <ns3:cad>89</ns3:cad>
          </ns3:TrackPointExtension>
        </extensions>
      </trkpt>
      <trkpt lat="34.70477177761495113372802734375" lon="135.22480071522295475006103515625">
        <ele>13.80000019073486328125</ele>
        <time>2026-08-05T21:14:43.000Z</time>
        <extensions>
          <ns3:TrackPointExtension>
            <ns3:atemp>31.0</ns3:atemp>
            <ns3:hr>142</ns3:hr>
            <ns3:cad>89</ns3:cad>
          </ns3:TrackPointExtension>
        </extensions>
      </trkpt>
      <trkpt lat="34.70474830828607082366943359375" lon="135.224787555634975433349609375">
        <ele>13.80000019073486328125</ele>
        <time>2026-08-05T21:14:44.000Z</time>
        <extensions>
          <ns3:TrackPointExtension>
            <ns3:atemp>31.0</ns3:atemp>
            <ns3:hr>143</ns3:hr>
            <ns3:cad>89</ns3:cad>
          </ns3:TrackPointExtension>
        </extensions>
      </trkpt>
      <trkpt lat="34.70472450368106365203857421875" lon="135.224776826798915863037109375">
        <ele>13.6000003814697265625</ele>
        <time>2026-08-05T21:14:45.000Z</time>
        <extensions>
          <ns3:TrackPointExtension>
            <ns3:atemp>31.0</ns3:atemp>
            <ns3:hr>143</ns3:hr>
            <ns3:cad>89</ns3:cad>
          </ns3:TrackPointExtension>
        </extensions>
      </trkpt>
      <trkpt lat="34.70470237545669078826904296875" lon="135.22476701997220516204833984375">
        <ele>13.6000003814697265625</ele>
        <time>2026-08-05T21:14:46.000Z</time>
        <extensions>
          <ns3:TrackPointExtension>
            <ns3:atemp>31.0</ns3:atemp>
            <ns3:hr>144</ns3:hr>
            <ns3:cad>90</ns3:cad>
          </ns3:TrackPointExtension>
        </extensions>
      </trkpt>
      <trkpt lat="34.7046788223087787628173828125" lon="135.22475444711744785308837890625">
        <ele>13.6000003814697265625</ele>
        <time>2026-08-05T21:14:47.000Z</time>
        <extensions>
          <ns3:TrackPointExtension>
            <ns3:atemp>31.0</ns3:atemp>
            <ns3:hr>144</ns3:hr>
            <ns3:cad>90</ns3:cad>
          </ns3:TrackPointExtension>
        </extensions>
      </trkpt>
      <trkpt lat="34.704655520617961883544921875" lon="135.22474220953881740570068359375">
        <ele>13.3999996185302734375</ele>
        <time>2026-08-05T21:14:48.000Z</time>
        <extensions>
          <ns3:TrackPointExtension>
            <ns3:atemp>31.0</ns3:atemp>
            <ns3:hr>144</ns3:hr>
            <ns3:cad>90</ns3:cad>
          </ns3:TrackPointExtension>
        </extensions>
      </trkpt>
      <trkpt lat="34.704630710184574127197265625" lon="135.22472896613180637359619140625">
        <ele>13.6000003814697265625</ele>
        <time>2026-08-05T21:14:49.000Z</time>
        <extensions>
          <ns3:TrackPointExtension>
            <ns3:atemp>31.0</ns3:atemp>
            <ns3:hr>144</ns3:hr>
            <ns3:cad>89</ns3:cad>
          </ns3:TrackPointExtension>
        </extensions>
      </trkpt>
      <trkpt lat="34.70460564829409122467041015625" lon="135.22471806965768337249755859375">
        <ele>13.6000003814697265625</ele>
        <time>2026-08-05T21:14:50.000Z</time>
        <extensions>
          <ns3:TrackPointExtension>
            <ns3:atemp>31.0</ns3:atemp>
            <ns3:hr>144</ns3:hr>
            <ns3:cad>89</ns3:cad>
          </ns3:TrackPointExtension>
        </extensions>
      </trkpt>
      <trkpt lat="34.70458201132714748382568359375" lon="135.2247075922787189483642578125">
        <ele>13.6000003814697265625</ele>
        <time>2026-08-05T21:14:51.000Z</time>
        <extensions>
          <ns3:TrackPointExtension>
            <ns3:atemp>31.0</ns3:atemp>
            <ns3:hr>144</ns3:hr>
            <ns3:cad>89</ns3:cad>
          </ns3:TrackPointExtension>
        </extensions>
      </trkpt>
      <trkpt lat="34.704557619988918304443359375" lon="135.2246926724910736083984375">
        <ele>13.6000003814697265625</ele>
        <time>2026-08-05T21:14:52.000Z</time>
        <extensions>
          <ns3:TrackPointExtension>
            <ns3:atemp>31.0</ns3:atemp>
            <ns3:hr>144</ns3:hr>
            <ns3:cad>89</ns3:cad>
          </ns3:TrackPointExtension>
        </extensions>
      </trkpt>
      <trkpt lat="34.704534821212291717529296875" lon="135.2246770821511745452880859375">
        <ele>13.6000003814697265625</ele>
        <time>2026-08-05T21:14:53.000Z</time>
        <extensions>
          <ns3:TrackPointExtension>
            <ns3:atemp>31.0</ns3:atemp>
            <ns3:hr>144</ns3:hr>
            <ns3:cad>89</ns3:cad>
          </ns3:TrackPointExtension>
        </extensions>
      </trkpt>
      <trkpt lat="34.704512022435665130615234375" lon="135.2246599830687046051025390625">
        <ele>13.3999996185302734375</ele>
        <time>2026-08-05T21:14:54.000Z</time>
        <extensions>
          <ns3:TrackPointExtension>
            <ns3:atemp>31.0</ns3:atemp>
            <ns3:hr>144</ns3:hr>
            <ns3:cad>89</ns3:cad>
          </ns3:TrackPointExtension>
        </extensions>
      </trkpt>
      <trkpt lat="34.704488553106784820556640625" lon="135.224643051624298095703125">
        <ele>13.3999996185302734375</ele>
        <time>2026-08-05T21:14:55.000Z</time>
        <extensions>
          <ns3:TrackPointExtension>
            <ns3:atemp>31.0</ns3:atemp>
            <ns3:hr>144</ns3:hr>
            <ns3:cad>89</ns3:cad>
          </ns3:TrackPointExtension>
        </extensions>
      </trkpt>
      <trkpt lat="34.7044645808637142181396484375" lon="135.22462536580860614776611328125">
        <ele>13.6000003814697265625</ele>
        <time>2026-08-05T21:14:56.000Z</time>
        <extensions>
          <ns3:TrackPointExtension>
            <ns3:atemp>31.0</ns3:atemp>
            <ns3:hr>144</ns3:hr>
            <ns3:cad>89</ns3:cad>
          </ns3:TrackPointExtension>
        </extensions>
      </trkpt>
      <trkpt lat="34.704444296658039093017578125" lon="135.224605165421962738037109375">
        <ele>13.3999996185302734375</ele>
        <time>2026-08-05T21:14:57.000Z</time>
        <extensions>
          <ns3:TrackPointExtension>
            <ns3:atemp>31.0</ns3:atemp>
            <ns3:hr>144</ns3:hr>
            <ns3:cad>89</ns3:cad>
          </ns3:TrackPointExtension>
        </extensions>
      </trkpt>
      <trkpt lat="34.70442183315753936767578125" lon="135.22458605468273162841796875">
        <ele>13.3999996185302734375</ele>
        <time>2026-08-05T21:14:58.000Z</time>
        <extensions>
          <ns3:TrackPointExtension>
            <ns3:atemp>31.0</ns3:atemp>
            <ns3:hr>144</ns3:hr>
            <ns3:cad>90</ns3:cad>
          </ns3:TrackPointExtension>
        </extensions>
      </trkpt>
      <trkpt lat="34.70439928583800792694091796875" lon="135.2245650999248027801513671875">
        <ele>13.3999996185302734375</ele>
        <time>2026-08-05T21:14:59.000Z</time>
        <extensions>
          <ns3:TrackPointExtension>
            <ns3:atemp>31.0</ns3:atemp>
            <ns3:hr>144</ns3:hr>
            <ns3:cad>89</ns3:cad>
          </ns3:TrackPointExtension>
        </extensions>
      </trkpt>
      <trkpt lat="34.70437833108007907867431640625" lon="135.2245451509952545166015625">
        <ele>13.3999996185302734375</ele>
        <time>2026-08-05T21:15:00.000Z</time>
        <extensions>
          <ns3:TrackPointExtension>
            <ns3:atemp>31.0</ns3:atemp>
            <ns3:hr>144</ns3:hr>
            <ns3:cad>88</ns3:cad>
          </ns3:TrackPointExtension>
        </extensions>
      </trkpt>
      <trkpt lat="34.704354107379913330078125" lon="135.22452612407505512237548828125">
        <ele>13.3999996185302734375</ele>
        <time>2026-08-05T21:15:01.000Z</time>
        <extensions>
          <ns3:TrackPointExtension>
            <ns3:atemp>31.0</ns3:atemp>
            <ns3:hr>145</ns3:hr>
            <ns3:cad>88</ns3:cad>
          </ns3:TrackPointExtension>
        </extensions>
      </trkpt>
      <trkpt lat="34.7043334878981113433837890625" lon="135.22450835444033145904541015625">
        <ele>13.19999980926513671875</ele>
        <time>2026-08-05T21:15:02.000Z</time>
        <extensions>
          <ns3:TrackPointExtension>
            <ns3:atemp>31.0</ns3:atemp>
            <ns3:hr>145</ns3:hr>
            <ns3:cad>89</ns3:cad>
          </ns3:TrackPointExtension>
        </extensions>
      </trkpt>
      <trkpt lat="34.70431161113083362579345703125" lon="135.2244886569678783416748046875">
        <ele>13.19999980926513671875</ele>
        <time>2026-08-05T21:15:03.000Z</time>
        <extensions>
          <ns3:TrackPointExtension>
            <ns3:atemp>31.0</ns3:atemp>
            <ns3:hr>145</ns3:hr>
            <ns3:cad>89</ns3:cad>
          </ns3:TrackPointExtension>
        </extensions>
      </trkpt>
      <trkpt lat="34.70428780652582645416259765625" lon="135.22447206079959869384765625">
        <ele>13.19999980926513671875</ele>
        <time>2026-08-05T21:15:04.000Z</time>
        <extensions>
          <ns3:TrackPointExtension>
            <ns3:atemp>31.0</ns3:atemp>
            <ns3:hr>145</ns3:hr>
            <ns3:cad>89</ns3:cad>
          </ns3:TrackPointExtension>
        </extensions>
      </trkpt>
      <trkpt lat="34.70426768995821475982666015625" lon="135.22445152513682842254638671875">
        <ele>13.19999980926513671875</ele>
        <time>2026-08-05T21:15:05.000Z</time>
        <extensions>
          <ns3:TrackPointExtension>
            <ns3:atemp>31.0</ns3:atemp>
            <ns3:hr>146</ns3:hr>
            <ns3:cad>89</ns3:cad>
          </ns3:TrackPointExtension>
        </extensions>
      </trkpt>
      <trkpt lat="34.7042476572096347808837890625" lon="135.22443207912147045135498046875">
        <ele>13.19999980926513671875</ele>
        <time>2026-08-05T21:15:06.000Z</time>
        <extensions>
          <ns3:TrackPointExtension>
            <ns3:atemp>31.0</ns3:atemp>
            <ns3:hr>146</ns3:hr>
            <ns3:cad>90</ns3:cad>
          </ns3:TrackPointExtension>
        </extensions>
      </trkpt>
      <trkpt lat="34.70422879792749881744384765625" lon="135.22441229782998561859130859375">
        <ele>13.19999980926513671875</ele>
        <time>2026-08-05T21:15:07.000Z</time>
        <extensions>
          <ns3:TrackPointExtension>
            <ns3:atemp>31.0</ns3:atemp>
            <ns3:hr>146</ns3:hr>
            <ns3:cad>90</ns3:cad>
          </ns3:TrackPointExtension>
        </extensions>
      </trkpt>
      <trkpt lat="34.70420851372182369232177734375" lon="135.224393941462039947509765625">
        <ele>13.19999980926513671875</ele>
        <time>2026-08-05T21:15:08.000Z</time>
        <extensions>
          <ns3:TrackPointExtension>
            <ns3:atemp>31.0</ns3:atemp>
            <ns3:hr>145</ns3:hr>
            <ns3:cad>90</ns3:cad>
          </ns3:TrackPointExtension>
        </extensions>
      </trkpt>
      <trkpt lat="34.7041926719248294830322265625" lon="135.22437474690377712249755859375">
        <ele>13.19999980926513671875</ele>
        <time>2026-08-05T21:15:09.000Z</time>
        <extensions>
          <ns3:TrackPointExtension>
            <ns3:atemp>31.0</ns3:atemp>
            <ns3:hr>145</ns3:hr>
            <ns3:cad>89</ns3:cad>
          </ns3:TrackPointExtension>
        </extensions>
      </trkpt>
      <trkpt lat="34.70417934469878673553466796875" lon="135.22435136139392852783203125">
        <ele>13.3999996185302734375</ele>
        <time>2026-08-05T21:15:10.000Z</time>
        <extensions>
          <ns3:TrackPointExtension>
            <ns3:atemp>31.0</ns3:atemp>
            <ns3:hr>145</ns3:hr>
            <ns3:cad>89</ns3:cad>
          </ns3:TrackPointExtension>
        </extensions>
      </trkpt>
      <trkpt lat="34.70418118871748447418212890625" lon="135.22432680241763591766357421875">
        <ele>13.6000003814697265625</ele>
        <time>2026-08-05T21:15:11.000Z</time>
        <extensions>
          <ns3:TrackPointExtension>
            <ns3:atemp>31.0</ns3:atemp>
            <ns3:hr>144</ns3:hr>
            <ns3:cad>89</ns3:cad>
          </ns3:TrackPointExtension>
        </extensions>
      </trkpt>
      <trkpt lat="34.7042030654847621917724609375" lon="135.22431607358157634735107421875">
        <ele>13.80000019073486328125</ele>
        <time>2026-08-05T21:15:12.000Z</time>
        <extensions>
          <ns3:TrackPointExtension>
            <ns3:atemp>31.0</ns3:atemp>
            <ns3:hr>144</ns3:hr>
            <ns3:cad>88</ns3:cad>
          </ns3:TrackPointExtension>
        </extensions>
      </trkpt>
      <trkpt lat="34.7042265348136425018310546875" lon="135.22430551238358020782470703125">
        <ele>14</ele>
        <time>2026-08-05T21:15:13.000Z</time>
        <extensions>
          <ns3:TrackPointExtension>
            <ns3:atemp>31.0</ns3:atemp>
            <ns3:hr>144</ns3:hr>
            <ns3:cad>88</ns3:cad>
          </ns3:TrackPointExtension>
        </extensions>
      </trkpt>
      <trkpt lat="34.70424673520028591156005859375" lon="135.2242928557097911834716796875">
        <ele>14.19999980926513671875</ele>
        <time>2026-08-05T21:15:14.000Z</time>
        <extensions>
          <ns3:TrackPointExtension>
            <ns3:atemp>31.0</ns3:atemp>
            <ns3:hr>144</ns3:hr>
            <ns3:cad>87</ns3:cad>
          </ns3:TrackPointExtension>
        </extensions>
      </trkpt>
      <trkpt lat="34.7042642533779144287109375" lon="135.22428086958825588226318359375">
        <ele>14.3999996185302734375</ele>
        <time>2026-08-05T21:15:15.000Z</time>
        <extensions>
          <ns3:TrackPointExtension>
            <ns3:atemp>31.0</ns3:atemp>
            <ns3:hr>144</ns3:hr>
            <ns3:cad>86</ns3:cad>
          </ns3:TrackPointExtension>
        </extensions>
      </trkpt>
      <trkpt lat="34.70428210683166980743408203125" lon="135.22426779381930828094482421875">
        <ele>14.6000003814697265625</ele>
        <time>2026-08-05T21:15:16.000Z</time>
        <extensions>
          <ns3:TrackPointExtension>
            <ns3:atemp>31.0</ns3:atemp>
            <ns3:hr>144</ns3:hr>
            <ns3:cad>86</ns3:cad>
          </ns3:TrackPointExtension>
        </extensions>
      </trkpt>
      <trkpt lat="34.70429903827607631683349609375" lon="135.22425614297389984130859375">
        <ele>15</ele>
        <time>2026-08-05T21:15:17.000Z</time>
        <extensions>
          <ns3:TrackPointExtension>
            <ns3:atemp>31.0</ns3:atemp>
            <ns3:hr>144</ns3:hr>
            <ns3:cad>86</ns3:cad>
          </ns3:TrackPointExtension>
        </extensions>
      </trkpt>
      <trkpt lat="34.704320244491100311279296875" lon="135.22424080409109592437744140625">
        <ele>15.19999980926513671875</ele>
        <time>2026-08-05T21:15:18.000Z</time>
        <extensions>
          <ns3:TrackPointExtension>
            <ns3:atemp>31.0</ns3:atemp>
            <ns3:hr>144</ns3:hr>
            <ns3:cad>86</ns3:cad>
          </ns3:TrackPointExtension>
        </extensions>
      </trkpt>
      <trkpt lat="34.70434010960161685943603515625" lon="135.22422571666538715362548828125">
        <ele>15.19999980926513671875</ele>
        <time>2026-08-05T21:15:19.000Z</time>
        <extensions>
          <ns3:TrackPointExtension>
            <ns3:atemp>31.0</ns3:atemp>
            <ns3:hr>145</ns3:hr>
            <ns3:cad>86</ns3:cad>
          </ns3:TrackPointExtension>
        </extensions>
      </trkpt>
      <trkpt lat="34.70436005853116512298583984375" lon="135.2242103777825832366943359375">
        <ele>15.3999996185302734375</ele>
        <time>2026-08-05T21:15:20.000Z</time>
        <extensions>
          <ns3:TrackPointExtension>
            <ns3:atemp>31.0</ns3:atemp>
            <ns3:hr>145</ns3:hr>
            <ns3:cad>86</ns3:cad>
          </ns3:TrackPointExtension>
        </extensions>
      </trkpt>
      <trkpt lat="34.70438252203166484832763671875" lon="135.22419981658458709716796875">
        <ele>15.3999996185302734375</ele>
        <time>2026-08-05T21:15:21.000Z</time>
        <extensions>
          <ns3:TrackPointExtension>
            <ns3:atemp>31.0</ns3:atemp>
            <ns3:hr>145</ns3:hr>
            <ns3:cad>86</ns3:cad>
          </ns3:TrackPointExtension>
        </extensions>
      </trkpt>
      <trkpt lat="34.7044008783996105194091796875" lon="135.22421146742999553680419921875">
        <ele>15.3999996185302734375</ele>
        <time>2026-08-05T21:15:22.000Z</time>
        <extensions>
          <ns3:TrackPointExtension>
            <ns3:atemp>31.0</ns3:atemp>
            <ns3:hr>146</ns3:hr>
            <ns3:cad>86</ns3:cad>
          </ns3:TrackPointExtension>
        </extensions>
      </trkpt>
      <trkpt lat="34.7044152952730655670166015625" lon="135.22422370500862598419189453125">
        <ele>15.3999996185302734375</ele>
        <time>2026-08-05T21:15:23.000Z</time>
        <extensions>
          <ns3:TrackPointExtension>
            <ns3:atemp>31.0</ns3:atemp>
            <ns3:hr>146</ns3:hr>
            <ns3:cad>87</ns3:cad>
          </ns3:TrackPointExtension>
        </extensions>
      </trkpt>
      <trkpt lat="34.7044236771762371063232421875" lon="135.2242355234920978546142578125">
        <ele>15.3999996185302734375</ele>
        <time>2026-08-05T21:15:24.000Z</time>
        <extensions>
          <ns3:TrackPointExtension>
            <ns3:atemp>31.0</ns3:atemp>
            <ns3:hr>146</ns3:hr>
            <ns3:cad>87</ns3:cad>
          </ns3:TrackPointExtension>
        </extensions>
      </trkpt>
      <trkpt lat="34.70440079458057880401611328125" lon="135.2242479287087917327880859375">
        <ele>15.3999996185302734375</ele>
        <time>2026-08-05T21:15:25.000Z</time>
        <extensions>
          <ns3:TrackPointExtension>
            <ns3:atemp>31.0</ns3:atemp>
            <ns3:hr>146</ns3:hr>
            <ns3:cad>87</ns3:cad>
          </ns3:TrackPointExtension>
        </extensions>
      </trkpt>
      <trkpt lat="34.70437682233750820159912109375" lon="135.22426762618124485015869140625">
        <ele>15.80000019073486328125</ele>
        <time>2026-08-05T21:15:26.000Z</time>
        <extensions>
          <ns3:TrackPointExtension>
            <ns3:atemp>31.0</ns3:atemp>
            <ns3:hr>147</ns3:hr>
            <ns3:cad>87</ns3:cad>
          </ns3:TrackPointExtension>
        </extensions>
      </trkpt>
      <trkpt lat="34.70435536466538906097412109375" lon="135.22428623400628566741943359375">
        <ele>16.200000762939453125</ele>
        <time>2026-08-05T21:15:27.000Z</time>
        <extensions>
          <ns3:TrackPointExtension>
            <ns3:atemp>31.0</ns3:atemp>
            <ns3:hr>148</ns3:hr>
            <ns3:cad>87</ns3:cad>
          </ns3:TrackPointExtension>
        </extensions>
      </trkpt>
      <trkpt lat="34.70433809794485569000244140625" lon="135.22430467419326305389404296875">
        <ele>16.6000003814697265625</ele>
        <time>2026-08-05T21:15:28.000Z</time>
        <extensions>
          <ns3:TrackPointExtension>
            <ns3:atemp>31.0</ns3:atemp>
            <ns3:hr>148</ns3:hr>
            <ns3:cad>87</ns3:cad>
          </ns3:TrackPointExtension>
        </extensions>
      </trkpt>
      <trkpt lat="34.7043187357485294342041015625" lon="135.2243250422179698944091796875">
        <ele>17</ele>
        <time>2026-08-05T21:15:29.000Z</time>
        <extensions>
          <ns3:TrackPointExtension>
            <ns3:atemp>31.0</ns3:atemp>
            <ns3:hr>148</ns3:hr>
            <ns3:cad>87</ns3:cad>
          </ns3:TrackPointExtension>
        </extensions>
      </trkpt>
      <trkpt lat="34.70429954119026660919189453125" lon="135.22434641607105731964111328125">
        <ele>17.200000762939453125</ele>
        <time>2026-08-05T21:15:30.000Z</time>
        <extensions>
          <ns3:TrackPointExtension>
            <ns3:atemp>31.0</ns3:atemp>
            <ns3:hr>148</ns3:hr>
            <ns3:cad>87</ns3:cad>
          </ns3:TrackPointExtension>
        </extensions>
      </trkpt>
      <trkpt lat="34.70428093336522579193115234375" lon="135.2243639342486858367919921875">
        <ele>17.3999996185302734375</ele>
        <time>2026-08-05T21:15:31.000Z</time>
        <extensions>
          <ns3:TrackPointExtension>
            <ns3:atemp>31.0</ns3:atemp>
            <ns3:hr>148</ns3:hr>
            <ns3:cad>86</ns3:cad>
          </ns3:TrackPointExtension>
        </extensions>
      </trkpt>
      <trkpt lat="34.7042657621204853057861328125" lon="135.2243796922266483306884765625">
        <ele>17.3999996185302734375</ele>
        <time>2026-08-05T21:15:32.000Z</time>
        <extensions>
          <ns3:TrackPointExtension>
            <ns3:atemp>31.0</ns3:atemp>
            <ns3:hr>149</ns3:hr>
            <ns3:cad>86</ns3:cad>
          </ns3:TrackPointExtension>
        </extensions>
      </trkpt>
      <trkpt lat="34.70424857921898365020751953125" lon="135.2243994735181331634521484375">
        <ele>17.3999996185302734375</ele>
        <time>2026-08-05T21:15:33.000Z</time>
        <extensions>
          <ns3:TrackPointExtension>
            <ns3:atemp>31.0</ns3:atemp>
            <ns3:hr>149</ns3:hr>
            <ns3:cad>86</ns3:cad>
          </ns3:TrackPointExtension>
        </extensions>
      </trkpt>
      <trkpt lat="34.70423231832683086395263671875" lon="135.2244175784289836883544921875">
        <ele>17.6000003814697265625</ele>
        <time>2026-08-05T21:15:34.000Z</time>
        <extensions>
          <ns3:TrackPointExtension>
            <ns3:atemp>31.0</ns3:atemp>
            <ns3:hr>149</ns3:hr>
            <ns3:cad>86</ns3:cad>
          </ns3:TrackPointExtension>
        </extensions>
      </trkpt>
      <trkpt lat="34.7042191587388515472412109375" lon="135.2244370244443416595458984375">
        <ele>18</ele>
        <time>2026-08-05T21:15:35.000Z</time>
        <extensions>
          <ns3:TrackPointExtension>
            <ns3:atemp>31.0</ns3:atemp>
            <ns3:hr>149</ns3:hr>
            <ns3:cad>86</ns3:cad>
          </ns3:TrackPointExtension>
        </extensions>
      </trkpt>
      <trkpt lat="34.7042060829699039459228515625" lon="135.2244614996016025543212890625">
        <ele>18.200000762939453125</ele>
        <time>2026-08-05T21:15:36.000Z</time>
        <extensions>
          <ns3:TrackPointExtension>
            <ns3:atemp>31.0</ns3:atemp>
            <ns3:hr>149</ns3:hr>
            <ns3:cad>86</ns3:cad>
          </ns3:TrackPointExtension>
        </extensions>
      </trkpt>
      <trkpt lat="34.7041950188577175140380859375" lon="135.22448739968240261077880859375">
        <ele>18.3999996185302734375</ele>
        <time>2026-08-05T21:15:37.000Z</time>
        <extensions>
          <ns3:TrackPointExtension>
            <ns3:atemp>31.0</ns3:atemp>
            <ns3:hr>149</ns3:hr>
            <ns3:cad>86</ns3:cad>
          </ns3:TrackPointExtension>
        </extensions>
      </trkpt>
      <trkpt lat="34.704182110726833343505859375" lon="135.2245151437819004058837890625">
        <ele>18.3999996185302734375</ele>
        <time>2026-08-05T21:15:38.000Z</time>
        <extensions>
          <ns3:TrackPointExtension>
            <ns3:atemp>31.0</ns3:atemp>
            <ns3:hr>149</ns3:hr>
            <ns3:cad>86</ns3:cad>
          </ns3:TrackPointExtension>
        </extensions>
      </trkpt>
      <trkpt lat="34.70417104661464691162109375" lon="135.22454121150076389312744140625">
        <ele>18.3999996185302734375</ele>
        <time>2026-08-05T21:15:39.000Z</time>
        <extensions>
          <ns3:TrackPointExtension>
            <ns3:atemp>31.0</ns3:atemp>
            <ns3:hr>149</ns3:hr>
            <ns3:cad>86</ns3:cad>
          </ns3:TrackPointExtension>
        </extensions>
      </trkpt>
      <trkpt lat="34.7041581384837627410888671875" lon="135.224567949771881103515625">
        <ele>18.3999996185302734375</ele>
        <time>2026-08-05T21:15:40.000Z</time>
        <extensions>
          <ns3:TrackPointExtension>
            <ns3:atemp>31.0</ns3:atemp>
            <ns3:hr>149</ns3:hr>
            <ns3:cad>86</ns3:cad>
          </ns3:TrackPointExtension>
        </extensions>
      </trkpt>
      <trkpt lat="34.704145900905132293701171875" lon="135.22459502331912517547607421875">
        <ele>18.3999996185302734375</ele>
        <time>2026-08-05T21:15:41.000Z</time>
        <extensions>
          <ns3:TrackPointExtension>
            <ns3:atemp>31.0</ns3:atemp>
            <ns3:hr>149</ns3:hr>
            <ns3:cad>86</ns3:cad>
          </ns3:TrackPointExtension>
        </extensions>
      </trkpt>
      <trkpt lat="34.70413039438426494598388671875" lon="135.224626958370208740234375">
        <ele>18.3999996185302734375</ele>
        <time>2026-08-05T21:15:42.000Z</time>
        <extensions>
          <ns3:TrackPointExtension>
            <ns3:atemp>31.0</ns3:atemp>
            <ns3:hr>149</ns3:hr>
            <ns3:cad>87</ns3:cad>
          </ns3:TrackPointExtension>
        </extensions>
      </trkpt>
      <trkpt lat="34.70411203801631927490234375" lon="135.22465168498456478118896484375">
        <ele>18.3999996185302734375</ele>
        <time>2026-08-05T21:15:43.000Z</time>
        <extensions>
          <ns3:TrackPointExtension>
            <ns3:atemp>31.0</ns3:atemp>
            <ns3:hr>149</ns3:hr>
            <ns3:cad>87</ns3:cad>
          </ns3:TrackPointExtension>
        </extensions>
      </trkpt>
      <trkpt lat="34.70408923923969268798828125" lon="135.224664174020290374755859375">
        <ele>18.3999996185302734375</ele>
        <time>2026-08-05T21:15:44.000Z</time>
        <extensions>
          <ns3:TrackPointExtension>
            <ns3:atemp>31.0</ns3:atemp>
            <ns3:hr>149</ns3:hr>
            <ns3:cad>87</ns3:cad>
          </ns3:TrackPointExtension>
        </extensions>
      </trkpt>
      <trkpt lat="34.704059399664402008056640625" lon="135.22466995753347873687744140625">
        <ele>18.200000762939453125</ele>
        <time>2026-08-05T21:15:45.000Z</time>
        <extensions>
          <ns3:TrackPointExtension>
            <ns3:atemp>31.0</ns3:atemp>
            <ns3:hr>149</ns3:hr>
            <ns3:cad>88</ns3:cad>
          </ns3:TrackPointExtension>
        </extensions>
      </trkpt>
      <trkpt lat="34.7040335834026336669921875" lon="135.22466895170509815216064453125">
        <ele>18.3999996185302734375</ele>
        <time>2026-08-05T21:15:46.000Z</time>
        <extensions>
          <ns3:TrackPointExtension>
            <ns3:atemp>31.0</ns3:atemp>
            <ns3:hr>149</ns3:hr>
            <ns3:cad>88</ns3:cad>
          </ns3:TrackPointExtension>
        </extensions>
      </trkpt>
      <trkpt lat="34.70401170663535594940185546875" lon="135.224667526781558990478515625">
        <ele>18.3999996185302734375</ele>
        <time>2026-08-05T21:15:47.000Z</time>
        <extensions>
          <ns3:TrackPointExtension>
            <ns3:atemp>31.0</ns3:atemp>
            <ns3:hr>149</ns3:hr>
            <ns3:cad>88</ns3:cad>
          </ns3:TrackPointExtension>
        </extensions>
      </trkpt>
      <trkpt lat="34.7039879858493804931640625" lon="135.224672891199588775634765625">
        <ele>18.6000003814697265625</ele>
        <time>2026-08-05T21:15:48.000Z</time>
        <extensions>
          <ns3:TrackPointExtension>
            <ns3:atemp>31.0</ns3:atemp>
            <ns3:hr>149</ns3:hr>
            <ns3:cad>89</ns3:cad>
          </ns3:TrackPointExtension>
        </extensions>
      </trkpt>
      <trkpt lat="34.70396719872951507568359375" lon="135.2246757410466670989990234375">
        <ele>18.6000003814697265625</ele>
        <time>2026-08-05T21:15:49.000Z</time>
        <extensions>
          <ns3:TrackPointExtension>
            <ns3:atemp>31.0</ns3:atemp>
            <ns3:hr>149</ns3:hr>
            <ns3:cad>89</ns3:cad>
          </ns3:TrackPointExtension>
        </extensions>
      </trkpt>
      <trkpt lat="34.7039449028670787811279296875" lon="135.22468202747404575347900390625">
        <ele>18.6000003814697265625</ele>
        <time>2026-08-05T21:15:50.000Z</time>
        <extensions>
          <ns3:TrackPointExtension>
            <ns3:atemp>31.0</ns3:atemp>
            <ns3:hr>149</ns3:hr>
            <ns3:cad>89</ns3:cad>
          </ns3:TrackPointExtension>
        </extensions>
      </trkpt>
      <trkpt lat="34.70393157564103603363037109375" lon="135.2246888168156147003173828125">
        <ele>18.6000003814697265625</ele>
        <time>2026-08-05T21:15:51.000Z</time>
        <extensions>
          <ns3:TrackPointExtension>
            <ns3:atemp>31.0</ns3:atemp>
            <ns3:hr>149</ns3:hr>
            <ns3:cad>89</ns3:cad>
          </ns3:TrackPointExtension>
        </extensions>
      </trkpt>
      <trkpt lat="34.703907854855060577392578125" lon="135.22469468414783477783203125">
        <ele>18.3999996185302734375</ele>
        <time>2026-08-05T21:15:52.000Z</time>
        <extensions>
          <ns3:TrackPointExtension>
            <ns3:atemp>31.0</ns3:atemp>
            <ns3:hr>148</ns3:hr>
            <ns3:cad>89</ns3:cad>
          </ns3:TrackPointExtension>
        </extensions>
      </trkpt>
      <trkpt lat="34.7038785181939601898193359375" lon="135.2247028984129428863525390625">
        <ele>18.3999996185302734375</ele>
        <time>2026-08-05T21:15:53.000Z</time>
        <extensions>
          <ns3:TrackPointExtension>
            <ns3:atemp>31.0</ns3:atemp>
            <ns3:hr>148</ns3:hr>
            <ns3:cad>89</ns3:cad>
          </ns3:TrackPointExtension>
        </extensions>
      </trkpt>
      <trkpt lat="34.7038567252457141876220703125" lon="135.2247126214206218719482421875">
        <ele>18.3999996185302734375</ele>
        <time>2026-08-05T21:15:54.000Z</time>
        <extensions>
          <ns3:TrackPointExtension>
            <ns3:atemp>31.0</ns3:atemp>
            <ns3:hr>148</ns3:hr>
            <ns3:cad>89</ns3:cad>
          </ns3:TrackPointExtension>
        </extensions>
      </trkpt>
      <trkpt lat="34.70382965169847011566162109375" lon="135.22472159005701541900634765625">
        <ele>18.3999996185302734375</ele>
        <time>2026-08-05T21:15:55.000Z</time>
        <extensions>
          <ns3:TrackPointExtension>
            <ns3:atemp>31.0</ns3:atemp>
            <ns3:hr>148</ns3:hr>
            <ns3:cad>89</ns3:cad>
          </ns3:TrackPointExtension>
        </extensions>
      </trkpt>
      <trkpt lat="34.70377944409847259521484375" lon="135.22473894059658050537109375">
        <ele>18.3999996185302734375</ele>
        <time>2026-08-05T21:15:56.000Z</time>
        <extensions>
          <ns3:TrackPointExtension>
            <ns3:atemp>31.0</ns3:atemp>
            <ns3:hr>148</ns3:hr>
            <ns3:cad>89</ns3:cad>
          </ns3:TrackPointExtension>
        </extensions>
      </trkpt>
      <trkpt lat="34.703758992254734039306640625" lon="135.2247516810894012451171875">
        <ele>18.3999996185302734375</ele>
        <time>2026-08-05T21:15:57.000Z</time>
        <extensions>
          <ns3:TrackPointExtension>
            <ns3:atemp>31.0</ns3:atemp>
            <ns3:hr>148</ns3:hr>
            <ns3:cad>89</ns3:cad>
          </ns3:TrackPointExtension>
        </extensions>
      </trkpt>
      <trkpt lat="34.7037511132657527923583984375" lon="135.22476165555417537689208984375">
        <ele>18.200000762939453125</ele>
        <time>2026-08-05T21:15:58.000Z</time>
        <extensions>
          <ns3:TrackPointExtension>
            <ns3:atemp>31.0</ns3:atemp>
            <ns3:hr>148</ns3:hr>
            <ns3:cad>89</ns3:cad>
          </ns3:TrackPointExtension>
        </extensions>
      </trkpt>
      <trkpt lat="34.7037323378026485443115234375" lon="135.2247753180563449859619140625">
        <ele>18.200000762939453125</ele>
        <time>2026-08-05T21:15:59.000Z</time>
        <extensions>
          <ns3:TrackPointExtension>
            <ns3:atemp>31.0</ns3:atemp>
            <ns3:hr>148</ns3:hr>
            <ns3:cad>90</ns3:cad>
          </ns3:TrackPointExtension>
        </extensions>
      </trkpt>
      <trkpt lat="34.70371163450181484222412109375" lon="135.22478931583464145660400390625">
        <ele>18.200000762939453125</ele>
        <time>2026-08-05T21:16:00.000Z</time>
        <extensions>
          <ns3:TrackPointExtension>
            <ns3:atemp>31.0</ns3:atemp>
            <ns3:hr>148</ns3:hr>
            <ns3:cad>89</ns3:cad>
          </ns3:TrackPointExtension>
        </extensions>
      </trkpt>
      <trkpt lat="34.70369051210582256317138671875" lon="135.22480054758489131927490234375">
        <ele>18</ele>
        <time>2026-08-05T21:16:01.000Z</time>
        <extensions>
          <ns3:TrackPointExtension>
            <ns3:atemp>31.0</ns3:atemp>
            <ns3:hr>148</ns3:hr>
            <ns3:cad>90</ns3:cad>
          </ns3:TrackPointExtension>
        </extensions>
      </trkpt>
      <trkpt lat="34.70366637222468852996826171875" lon="135.22481814958155155181884765625">
        <ele>18</ele>
        <time>2026-08-05T21:16:02.000Z</time>
        <extensions>
          <ns3:TrackPointExtension>
            <ns3:atemp>31.0</ns3:atemp>
            <ns3:hr>148</ns3:hr>
            <ns3:cad>89</ns3:cad>
          </ns3:TrackPointExtension>
        </extensions>
      </trkpt>
      <trkpt lat="34.7036446630954742431640625" lon="135.224837176501750946044921875">
        <ele>18</ele>
        <time>2026-08-05T21:16:03.000Z</time>
        <extensions>
          <ns3:TrackPointExtension>
            <ns3:atemp>31.0</ns3:atemp>
            <ns3:hr>148</ns3:hr>
            <ns3:cad>90</ns3:cad>
          </ns3:TrackPointExtension>
        </extensions>
      </trkpt>
      <trkpt lat="34.7036247141659259796142578125" lon="135.2248588018119335174560546875">
        <ele>18</ele>
        <time>2026-08-05T21:16:04.000Z</time>
        <extensions>
          <ns3:TrackPointExtension>
            <ns3:atemp>31.0</ns3:atemp>
            <ns3:hr>148</ns3:hr>
            <ns3:cad>90</ns3:cad>
          </ns3:TrackPointExtension>
        </extensions>
      </trkpt>
      <trkpt lat="34.703603088855743408203125" lon="135.22487967275083065032958984375">
        <ele>17.799999237060546875</ele>
        <time>2026-08-05T21:16:05.000Z</time>
        <extensions>
          <ns3:TrackPointExtension>
            <ns3:atemp>31.0</ns3:atemp>
            <ns3:hr>147</ns3:hr>
            <ns3:cad>89</ns3:cad>
          </ns3:TrackPointExtension>
        </extensions>
      </trkpt>
      <trkpt lat="34.703583978116512298583984375" lon="135.22489995695650577545166015625">
        <ele>17.6000003814697265625</ele>
        <time>2026-08-05T21:16:06.000Z</time>
        <extensions>
          <ns3:TrackPointExtension>
            <ns3:atemp>31.0</ns3:atemp>
            <ns3:hr>148</ns3:hr>
            <ns3:cad>89</ns3:cad>
          </ns3:TrackPointExtension>
        </extensions>
      </trkpt>
      <trkpt lat="34.70356612466275691986083984375" lon="135.22491940297186374664306640625">
        <ele>17.3999996185302734375</ele>
        <time>2026-08-05T21:16:07.000Z</time>
        <extensions>
          <ns3:TrackPointExtension>
            <ns3:atemp>31.0</ns3:atemp>
            <ns3:hr>148</ns3:hr>
            <ns3:cad>89</ns3:cad>
          </ns3:TrackPointExtension>
        </extensions>
      </trkpt>
      <trkpt lat="34.70354885794222354888916015625" lon="135.2249416150152683258056640625">
        <ele>17.200000762939453125</ele>
        <time>2026-08-05T21:16:08.000Z</time>
        <extensions>
          <ns3:TrackPointExtension>
            <ns3:atemp>31.0</ns3:atemp>
            <ns3:hr>147</ns3:hr>
            <ns3:cad>89</ns3:cad>
          </ns3:TrackPointExtension>
        </extensions>
      </trkpt>
      <trkpt lat="34.70353603363037109375" lon="135.22496885620057582855224609375">
        <ele>17.200000762939453125</ele>
        <time>2026-08-05T21:16:09.000Z</time>
        <extensions>
          <ns3:TrackPointExtension>
            <ns3:atemp>31.0</ns3:atemp>
            <ns3:hr>148</ns3:hr>
            <ns3:cad>88</ns3:cad>
          </ns3:TrackPointExtension>
        </extensions>
      </trkpt>
      <trkpt lat="34.70352186821401119232177734375" lon="135.2249930799007415771484375">
        <ele>17.3999996185302734375</ele>
        <time>2026-08-05T21:16:10.000Z</time>
        <extensions>
          <ns3:TrackPointExtension>
            <ns3:atemp>31.0</ns3:atemp>
            <ns3:hr>148</ns3:hr>
            <ns3:cad>88</ns3:cad>
          </ns3:TrackPointExtension>
        </extensions>
      </trkpt>
      <trkpt lat="34.70349915325641632080078125" lon="135.2250063233077526092529296875">
        <ele>17.3999996185302734375</ele>
        <time>2026-08-05T21:16:11.000Z</time>
        <extensions>
          <ns3:TrackPointExtension>
            <ns3:atemp>31.0</ns3:atemp>
            <ns3:hr>147</ns3:hr>
            <ns3:cad>88</ns3:cad>
          </ns3:TrackPointExtension>
        </extensions>
      </trkpt>
      <trkpt lat="34.70347945578396320343017578125" lon="135.22502065636217594146728515625">
        <ele>17.3999996185302734375</ele>
        <time>2026-08-05T21:16:12.000Z</time>
        <extensions>
          <ns3:TrackPointExtension>
            <ns3:atemp>31.0</ns3:atemp>
            <ns3:hr>148</ns3:hr>
            <ns3:cad>88</ns3:cad>
          </ns3:TrackPointExtension>
        </extensions>
      </trkpt>
      <trkpt lat="34.70345766283571720123291015625" lon="135.22503423504531383514404296875">
        <ele>17.3999996185302734375</ele>
        <time>2026-08-05T21:16:13.000Z</time>
        <extensions>
          <ns3:TrackPointExtension>
            <ns3:atemp>31.0</ns3:atemp>
            <ns3:hr>148</ns3:hr>
            <ns3:cad>88</ns3:cad>
          </ns3:TrackPointExtension>
        </extensions>
      </trkpt>
      <trkpt lat="34.7034386359155178070068359375" lon="135.22504814900457859039306640625">
        <ele>17.3999996185302734375</ele>
        <time>2026-08-05T21:16:14.000Z</time>
        <extensions>
          <ns3:TrackPointExtension>
            <ns3:atemp>31.0</ns3:atemp>
            <ns3:hr>147</ns3:hr>
            <ns3:cad>88</ns3:cad>
          </ns3:TrackPointExtension>
        </extensions>
      </trkpt>
      <trkpt lat="34.70341541804373264312744140625" lon="135.2250619791448116302490234375">
        <ele>17.200000762939453125</ele>
        <time>2026-08-05T21:16:15.000Z</time>
        <extensions>
          <ns3:TrackPointExtension>
            <ns3:atemp>31.0</ns3:atemp>
            <ns3:hr>148</ns3:hr>
            <ns3:cad>88</ns3:cad>
          </ns3:TrackPointExtension>
        </extensions>
      </trkpt>
      <trkpt lat="34.70339865423738956451416015625" lon="135.2250762283802032470703125">
        <ele>17.200000762939453125</ele>
        <time>2026-08-05T21:16:16.000Z</time>
        <extensions>
          <ns3:TrackPointExtension>
            <ns3:atemp>31.0</ns3:atemp>
            <ns3:hr>148</ns3:hr>
            <ns3:cad>88</ns3:cad>
          </ns3:TrackPointExtension>
        </extensions>
      </trkpt>
      <trkpt lat="34.70337635837495326995849609375" lon="135.225088298320770263671875">
        <ele>17.200000762939453125</ele>
        <time>2026-08-05T21:16:17.000Z</time>
        <extensions>
          <ns3:TrackPointExtension>
            <ns3:atemp>31.0</ns3:atemp>
            <ns3:hr>147</ns3:hr>
            <ns3:cad>89</ns3:cad>
          </ns3:TrackPointExtension>
        </extensions>
      </trkpt>
      <trkpt lat="34.70335900783538818359375" lon="135.225102044641971588134765625">
        <ele>17.6000003814697265625</ele>
        <time>2026-08-05T21:16:18.000Z</time>
        <extensions>
          <ns3:TrackPointExtension>
            <ns3:atemp>31.0</ns3:atemp>
            <ns3:hr>148</ns3:hr>
            <ns3:cad>89</ns3:cad>
          </ns3:TrackPointExtension>
        </extensions>
      </trkpt>
      <trkpt lat="34.70333947800099849700927734375" lon="135.22511520422995090484619140625">
        <ele>17.6000003814697265625</ele>
        <time>2026-08-05T21:16:19.000Z</time>
        <extensions>
          <ns3:TrackPointExtension>
            <ns3:atemp>31.0</ns3:atemp>
            <ns3:hr>147</ns3:hr>
            <ns3:cad>90</ns3:cad>
          </ns3:TrackPointExtension>
        </extensions>
      </trkpt>
      <trkpt lat="34.70332053489983081817626953125" lon="135.22513045929372310638427734375">
        <ele>17.6000003814697265625</ele>
        <time>2026-08-05T21:16:20.000Z</time>
        <extensions>
          <ns3:TrackPointExtension>
            <ns3:atemp>31.0</ns3:atemp>
            <ns3:hr>147</ns3:hr>
            <ns3:cad>90</ns3:cad>
          </ns3:TrackPointExtension>
        </extensions>
      </trkpt>
      <trkpt lat="34.70329656265676021575927734375" lon="135.22514470852911472320556640625">
        <ele>17.799999237060546875</ele>
        <time>2026-08-05T21:16:21.000Z</time>
        <extensions>
          <ns3:TrackPointExtension>
            <ns3:atemp>31.0</ns3:atemp>
            <ns3:hr>147</ns3:hr>
            <ns3:cad>90</ns3:cad>
          </ns3:TrackPointExtension>
        </extensions>
      </trkpt>
      <trkpt lat="34.70327611081302165985107421875" lon="135.2251593768596649169921875">
        <ele>17.6000003814697265625</ele>
        <time>2026-08-05T21:16:22.000Z</time>
        <extensions>
          <ns3:TrackPointExtension>
            <ns3:atemp>31.0</ns3:atemp>
            <ns3:hr>147</ns3:hr>
            <ns3:cad>90</ns3:cad>
          </ns3:TrackPointExtension>
        </extensions>
      </trkpt>
      <trkpt lat="34.70325280912220478057861328125" lon="135.22517655976116657257080078125">
        <ele>17.3999996185302734375</ele>
        <time>2026-08-05T21:16:23.000Z</time>
        <extensions>
          <ns3:TrackPointExtension>
            <ns3:atemp>31.0</ns3:atemp>
            <ns3:hr>146</ns3:hr>
            <ns3:cad>90</ns3:cad>
          </ns3:TrackPointExtension>
        </extensions>
      </trkpt>
      <trkpt lat="34.70323034562170505523681640625" lon="135.22519282065331935882568359375">
        <ele>17.3999996185302734375</ele>
        <time>2026-08-05T21:16:24.000Z</time>
        <extensions>
          <ns3:TrackPointExtension>
            <ns3:atemp>31.0</ns3:atemp>
            <ns3:hr>146</ns3:hr>
            <ns3:cad>89</ns3:cad>
          </ns3:TrackPointExtension>
        </extensions>
      </trkpt>
      <trkpt lat="34.70320486463606357574462890625" lon="135.22519282065331935882568359375">
        <ele>17.3999996185302734375</ele>
        <time>2026-08-05T21:16:25.000Z</time>
        <extensions>
          <ns3:TrackPointExtension>
            <ns3:atemp>31.0</ns3:atemp>
            <ns3:hr>146</ns3:hr>
            <ns3:cad>89</ns3:cad>
          </ns3:TrackPointExtension>
        </extensions>
      </trkpt>
      <trkpt lat="34.703184328973293304443359375" lon="135.22517706267535686492919921875">
        <ele>17.3999996185302734375</ele>
        <time>2026-08-05T21:16:26.000Z</time>
        <extensions>
          <ns3:TrackPointExtension>
            <ns3:atemp>31.0</ns3:atemp>
            <ns3:hr>146</ns3:hr>
            <ns3:cad>89</ns3:cad>
          </ns3:TrackPointExtension>
        </extensions>
      </trkpt>
      <trkpt lat="34.70316412858664989471435546875" lon="135.2251588739454746246337890625">
        <ele>17.3999996185302734375</ele>
        <time>2026-08-05T21:16:27.000Z</time>
        <extensions>
          <ns3:TrackPointExtension>
            <ns3:atemp>31.0</ns3:atemp>
            <ns3:hr>146</ns3:hr>
            <ns3:cad>89</ns3:cad>
          </ns3:TrackPointExtension>
        </extensions>
      </trkpt>
      <trkpt lat="34.7031429223716259002685546875" lon="135.2251494862139225006103515625">
        <ele>17.3999996185302734375</ele>
        <time>2026-08-05T21:16:28.000Z</time>
        <extensions>
          <ns3:TrackPointExtension>
            <ns3:atemp>31.0</ns3:atemp>
            <ns3:hr>146</ns3:hr>
            <ns3:cad>88</ns3:cad>
          </ns3:TrackPointExtension>
        </extensions>
      </trkpt>
      <trkpt lat="34.703115932643413543701171875" lon="135.22514806129038333892822265625">
        <ele>17.3999996185302734375</ele>
        <time>2026-08-05T21:16:29.000Z</time>
        <extensions>
          <ns3:TrackPointExtension>
            <ns3:atemp>31.0</ns3:atemp>
            <ns3:hr>146</ns3:hr>
            <ns3:cad>88</ns3:cad>
          </ns3:TrackPointExtension>
        </extensions>
      </trkpt>
      <trkpt lat="34.7030882723629474639892578125" lon="135.2251488156616687774658203125">
        <ele>17.3999996185302734375</ele>
        <time>2026-08-05T21:16:30.000Z</time>
        <extensions>
          <ns3:TrackPointExtension>
            <ns3:atemp>31.0</ns3:atemp>
            <ns3:hr>145</ns3:hr>
            <ns3:cad>88</ns3:cad>
          </ns3:TrackPointExtension>
        </extensions>
      </trkpt>
      <trkpt lat="34.7030570916831493377685546875" lon="135.22514998912811279296875">
        <ele>17.3999996185302734375</ele>
        <time>2026-08-05T21:16:31.000Z</time>
        <extensions>
          <ns3:TrackPointExtension>
            <ns3:atemp>31.0</ns3:atemp>
            <ns3:hr>146</ns3:hr>
            <ns3:cad>89</ns3:cad>
          </ns3:TrackPointExtension>
        </extensions>
      </trkpt>
      <trkpt lat="34.7030285932123661041259765625" lon="135.22514973767101764678955078125">
        <ele>17.3999996185302734375</ele>
        <time>2026-08-05T21:16:32.000Z</time>
        <extensions>
          <ns3:TrackPointExtension>
            <ns3:atemp>31.0</ns3:atemp>
            <ns3:hr>146</ns3:hr>
            <ns3:cad>89</ns3:cad>
          </ns3:TrackPointExtension>
        </extensions>
      </trkpt>
      <trkpt lat="34.70300286076962947845458984375" lon="135.2251427806913852691650390625">
        <ele>17.6000003814697265625</ele>
        <time>2026-08-05T21:16:33.000Z</time>
        <extensions>
          <ns3:TrackPointExtension>
            <ns3:atemp>31.0</ns3:atemp>
            <ns3:hr>146</ns3:hr>
            <ns3:cad>90</ns3:cad>
          </ns3:TrackPointExtension>
        </extensions>
      </trkpt>
      <trkpt lat="34.7029776312410831451416015625" lon="135.2251367457211017608642578125">
        <ele>17.6000003814697265625</ele>
        <time>2026-08-05T21:16:34.000Z</time>
        <extensions>
          <ns3:TrackPointExtension>
            <ns3:atemp>31.0</ns3:atemp>
            <ns3:hr>145</ns3:hr>
            <ns3:cad>90</ns3:cad>
          </ns3:TrackPointExtension>
        </extensions>
      </trkpt>
      <trkpt lat="34.7029581852257251739501953125" lon="135.22512911818921566009521484375">
        <ele>17.799999237060546875</ele>
        <time>2026-08-05T21:16:35.000Z</time>
        <extensions>
          <ns3:TrackPointExtension>
            <ns3:atemp>31.0</ns3:atemp>
            <ns3:hr>146</ns3:hr>
            <ns3:cad>90</ns3:cad>
          </ns3:TrackPointExtension>
        </extensions>
      </trkpt>
      <trkpt lat="34.70294469036161899566650390625" lon="135.22512744180858135223388671875">
        <ele>17.799999237060546875</ele>
        <time>2026-08-05T21:16:36.000Z</time>
        <extensions>
          <ns3:TrackPointExtension>
            <ns3:atemp>31.0</ns3:atemp>
            <ns3:hr>146</ns3:hr>
            <ns3:cad>90</ns3:cad>
          </ns3:TrackPointExtension>
        </extensions>
      </trkpt>
      <trkpt lat="34.702935554087162017822265625" lon="135.2251313813030719757080078125">
        <ele>17.799999237060546875</ele>
        <time>2026-08-05T21:16:37.000Z</time>
        <extensions>
          <ns3:TrackPointExtension>
            <ns3:atemp>31.0</ns3:atemp>
            <ns3:hr>146</ns3:hr>
            <ns3:cad>89</ns3:cad>
          </ns3:TrackPointExtension>
        </extensions>
      </trkpt>
      <trkpt lat="34.7029156051576137542724609375" lon="135.225135572254657745361328125">
        <ele>17.799999237060546875</ele>
        <time>2026-08-05T21:16:38.000Z</time>
        <extensions>
          <ns3:TrackPointExtension>
            <ns3:atemp>31.0</ns3:atemp>
            <ns3:hr>146</ns3:hr>
            <ns3:cad>89</ns3:cad>
          </ns3:TrackPointExtension>
        </extensions>
      </trkpt>
      <trkpt lat="34.7028783895075321197509765625" lon="135.2251424454152584075927734375">
        <ele>17.6000003814697265625</ele>
        <time>2026-08-05T21:16:39.000Z</time>
        <extensions>
          <ns3:TrackPointExtension>
            <ns3:atemp>31.0</ns3:atemp>
            <ns3:hr>147</ns3:hr>
            <ns3:cad>89</ns3:cad>
          </ns3:TrackPointExtension>
        </extensions>
      </trkpt>
      <trkpt lat="34.702849052846431732177734375" lon="135.22515736520290374755859375">
        <ele>17.6000003814697265625</ele>
        <time>2026-08-05T21:16:40.000Z</time>
        <extensions>
          <ns3:TrackPointExtension>
            <ns3:atemp>31.0</ns3:atemp>
            <ns3:hr>147</ns3:hr>
            <ns3:cad>89</ns3:cad>
          </ns3:TrackPointExtension>
        </extensions>
      </trkpt>
      <trkpt lat="34.70282499678432941436767578125" lon="135.2251773141324520111083984375">
        <ele>17.6000003814697265625</ele>
        <time>2026-08-05T21:16:41.000Z</time>
        <extensions>
          <ns3:TrackPointExtension>
            <ns3:atemp>31.0</ns3:atemp>
            <ns3:hr>147</ns3:hr>
            <ns3:cad>89</ns3:cad>
          </ns3:TrackPointExtension>
        </extensions>
      </trkpt>
      <trkpt lat="34.7028113342821598052978515625" lon="135.225195251405239105224609375">
        <ele>17.6000003814697265625</ele>
        <time>2026-08-05T21:16:42.000Z</time>
        <extensions>
          <ns3:TrackPointExtension>
            <ns3:atemp>31.0</ns3:atemp>
            <ns3:hr>147</ns3:hr>
            <ns3:cad>89</ns3:cad>
          </ns3:TrackPointExtension>
        </extensions>
      </trkpt>
      <trkpt lat="34.702790044248104095458984375" lon="135.22521394304931163787841796875">
        <ele>17.799999237060546875</ele>
        <time>2026-08-05T21:16:43.000Z</time>
        <extensions>
          <ns3:TrackPointExtension>
            <ns3:atemp>31.0</ns3:atemp>
            <ns3:hr>147</ns3:hr>
            <ns3:cad>89</ns3:cad>
          </ns3:TrackPointExtension>
        </extensions>
      </trkpt>
      <trkpt lat="34.70276934094727039337158203125" lon="135.22523137740790843963623046875">
        <ele>17.799999237060546875</ele>
        <time>2026-08-05T21:16:44.000Z</time>
        <extensions>
          <ns3:TrackPointExtension>
            <ns3:atemp>31.0</ns3:atemp>
            <ns3:hr>147</ns3:hr>
            <ns3:cad>90</ns3:cad>
          </ns3:TrackPointExtension>
        </extensions>
      </trkpt>
      <trkpt lat="34.7027419321238994598388671875" lon="135.22524529136717319488525390625">
        <ele>17.799999237060546875</ele>
        <time>2026-08-05T21:16:45.000Z</time>
        <extensions>
          <ns3:TrackPointExtension>
            <ns3:atemp>31.0</ns3:atemp>
            <ns3:hr>146</ns3:hr>
            <ns3:cad>90</ns3:cad>
          </ns3:TrackPointExtension>
        </extensions>
      </trkpt>
      <trkpt lat="34.70272022299468517303466796875" lon="135.225232802331447601318359375">
        <ele>17.799999237060546875</ele>
        <time>2026-08-05T21:16:46.000Z</time>
        <extensions>
          <ns3:TrackPointExtension>
            <ns3:atemp>31.0</ns3:atemp>
            <ns3:hr>146</ns3:hr>
            <ns3:cad>89</ns3:cad>
          </ns3:TrackPointExtension>
        </extensions>
      </trkpt>
      <trkpt lat="34.70271435566246509552001953125" lon="135.22520388476550579071044921875">
        <ele>17.799999237060546875</ele>
        <time>2026-08-05T21:16:47.000Z</time>
        <extensions>
          <ns3:TrackPointExtension>
            <ns3:atemp>31.0</ns3:atemp>
            <ns3:hr>146</ns3:hr>
            <ns3:cad>88</ns3:cad>
          </ns3:TrackPointExtension>
        </extensions>
      </trkpt>
      <trkpt lat="34.7027124278247356414794921875" lon="135.225175134837627410888671875">
        <ele>17.799999237060546875</ele>
        <time>2026-08-05T21:16:48.000Z</time>
        <extensions>
          <ns3:TrackPointExtension>
            <ns3:atemp>31.0</ns3:atemp>
            <ns3:hr>146</ns3:hr>
            <ns3:cad>88</ns3:cad>
          </ns3:TrackPointExtension>
        </extensions>
      </trkpt>
      <trkpt lat="34.70270513556897640228271484375" lon="135.22514521144330501556396484375">
        <ele>17.799999237060546875</ele>
        <time>2026-08-05T21:16:49.000Z</time>
        <extensions>
          <ns3:TrackPointExtension>
            <ns3:atemp>31.0</ns3:atemp>
            <ns3:hr>147</ns3:hr>
            <ns3:cad>88</ns3:cad>
          </ns3:TrackPointExtension>
        </extensions>
      </trkpt>
      <trkpt lat="34.702699184417724609375" lon="135.22511285729706287384033203125">
        <ele>17.6000003814697265625</ele>
        <time>2026-08-05T21:16:50.000Z</time>
        <extensions>
          <ns3:TrackPointExtension>
            <ns3:atemp>31.0</ns3:atemp>
            <ns3:hr>146</ns3:hr>
            <ns3:cad>88</ns3:cad>
          </ns3:TrackPointExtension>
        </extensions>
      </trkpt>
      <trkpt lat="34.70269407145678997039794921875" lon="135.22508150897920131683349609375">
        <ele>17.3999996185302734375</ele>
        <time>2026-08-05T21:16:51.000Z</time>
        <extensions>
          <ns3:TrackPointExtension>
            <ns3:atemp>31.0</ns3:atemp>
            <ns3:hr>146</ns3:hr>
            <ns3:cad>88</ns3:cad>
          </ns3:TrackPointExtension>
        </extensions>
      </trkpt>
      <trkpt lat="34.70268778502941131591796875" lon="135.22505418397486209869384765625">
        <ele>17.200000762939453125</ele>
        <time>2026-08-05T21:16:52.000Z</time>
        <extensions>
          <ns3:TrackPointExtension>
            <ns3:atemp>31.0</ns3:atemp>
            <ns3:hr>146</ns3:hr>
            <ns3:cad>89</ns3:cad>
          </ns3:TrackPointExtension>
        </extensions>
      </trkpt>
      <trkpt lat="34.70267864875495433807373046875" lon="135.22502384148538112640380859375">
        <ele>17.200000762939453125</ele>
        <time>2026-08-05T21:16:53.000Z</time>
        <extensions>
          <ns3:TrackPointExtension>
            <ns3:atemp>31.0</ns3:atemp>
            <ns3:hr>146</ns3:hr>
            <ns3:cad>89</ns3:cad>
          </ns3:TrackPointExtension>
        </extensions>
      </trkpt>
      <trkpt lat="34.70267294906079769134521484375" lon="135.22499450482428073883056640625">
        <ele>17</ele>
        <time>2026-08-05T21:16:54.000Z</time>
        <extensions>
          <ns3:TrackPointExtension>
            <ns3:atemp>31.0</ns3:atemp>
            <ns3:hr>146</ns3:hr>
            <ns3:cad>89</ns3:cad>
          </ns3:TrackPointExtension>
        </extensions>
      </trkpt>
      <trkpt lat="34.70266372896730899810791015625" lon="135.22496022284030914306640625">
        <ele>17</ele>
        <time>2026-08-05T21:16:55.000Z</time>
        <extensions>
          <ns3:TrackPointExtension>
            <ns3:atemp>31.0</ns3:atemp>
            <ns3:hr>146</ns3:hr>
            <ns3:cad>90</ns3:cad>
          </ns3:TrackPointExtension>
        </extensions>
      </trkpt>
      <trkpt lat="34.70265517942607402801513671875" lon="135.2249302156269550323486328125">
        <ele>17</ele>
        <time>2026-08-05T21:16:56.000Z</time>
        <extensions>
          <ns3:TrackPointExtension>
            <ns3:atemp>31.0</ns3:atemp>
            <ns3:hr>146</ns3:hr>
            <ns3:cad>90</ns3:cad>
          </ns3:TrackPointExtension>
        </extensions>
      </trkpt>
      <trkpt lat="34.702645204961299896240234375" lon="135.22490079514682292938232421875">
        <ele>17</ele>
        <time>2026-08-05T21:16:57.000Z</time>
        <extensions>
          <ns3:TrackPointExtension>
            <ns3:atemp>31.0</ns3:atemp>
            <ns3:hr>146</ns3:hr>
            <ns3:cad>90</ns3:cad>
          </ns3:TrackPointExtension>
        </extensions>
      </trkpt>
      <trkpt lat="34.70263573341071605682373046875" lon="135.22486927919089794158935546875">
        <ele>16.799999237060546875</ele>
        <time>2026-08-05T21:16:58.000Z</time>
        <extensions>
          <ns3:TrackPointExtension>
            <ns3:atemp>31.0</ns3:atemp>
            <ns3:hr>146</ns3:hr>
            <ns3:cad>90</ns3:cad>
          </ns3:TrackPointExtension>
        </extensions>
      </trkpt>
      <trkpt lat="34.7026245854794979095458984375" lon="135.22484011016786098480224609375">
        <ele>16.799999237060546875</ele>
        <time>2026-08-05T21:16:59.000Z</time>
        <extensions>
          <ns3:TrackPointExtension>
            <ns3:atemp>31.0</ns3:atemp>
            <ns3:hr>146</ns3:hr>
            <ns3:cad>90</ns3:cad>
          </ns3:TrackPointExtension>
        </extensions>
      </trkpt>
      <trkpt lat="34.7026098333299160003662109375" lon="135.2248078398406505584716796875">
        <ele>16.799999237060546875</ele>
        <time>2026-08-05T21:17:00.000Z</time>
        <extensions>
          <ns3:TrackPointExtension>
            <ns3:atemp>31.0</ns3:atemp>
            <ns3:hr>146</ns3:hr>
            <ns3:cad>89</ns3:cad>
          </ns3:TrackPointExtension>
        </extensions>
      </trkpt>
      <trkpt lat="34.702592231333255767822265625" lon="135.224776826798915863037109375">
        <ele>16.6000003814697265625</ele>
        <time>2026-08-05T21:17:01.000Z</time>
        <extensions>
          <ns3:TrackPointExtension>
            <ns3:atemp>31.0</ns3:atemp>
            <ns3:hr>146</ns3:hr>
            <ns3:cad>89</ns3:cad>
          </ns3:TrackPointExtension>
        </extensions>
      </trkpt>
      <trkpt lat="34.702574796974658966064453125" lon="135.22474589757621288299560546875">
        <ele>16.3999996185302734375</ele>
        <time>2026-08-05T21:17:02.000Z</time>
        <extensions>
          <ns3:TrackPointExtension>
            <ns3:atemp>31.0</ns3:atemp>
            <ns3:hr>146</ns3:hr>
            <ns3:cad>89</ns3:cad>
          </ns3:TrackPointExtension>
        </extensions>
      </trkpt>
      <trkpt lat="34.70255744643509387969970703125" lon="135.22471203468739986419677734375">
        <ele>16.200000762939453125</ele>
        <time>2026-08-05T21:17:03.000Z</time>
        <extensions>
          <ns3:TrackPointExtension>
            <ns3:atemp>31.0</ns3:atemp>
            <ns3:hr>146</ns3:hr>
            <ns3:cad>89</ns3:cad>
          </ns3:TrackPointExtension>
        </extensions>
      </trkpt>
      <trkpt lat="34.70253699459135532379150390625" lon="135.22468068636953830718994140625">
        <ele>16</ele>
        <time>2026-08-05T21:17:04.000Z</time>
        <extensions>
          <ns3:TrackPointExtension>
            <ns3:atemp>31.0</ns3:atemp>
            <ns3:hr>146</ns3:hr>
            <ns3:cad>89</ns3:cad>
          </ns3:TrackPointExtension>
        </extensions>
      </trkpt>
      <trkpt lat="34.702509753406047821044921875" lon="135.22464715875685214996337890625">
        <ele>15.6000003814697265625</ele>
        <time>2026-08-05T21:17:05.000Z</time>
        <extensions>
          <ns3:TrackPointExtension>
            <ns3:atemp>31.0</ns3:atemp>
            <ns3:hr>146</ns3:hr>
            <ns3:cad>92</ns3:cad>
          </ns3:TrackPointExtension>
        </extensions>
      </trkpt>
      <trkpt lat="34.70248234458267688751220703125" lon="135.2246127091348171234130859375">
        <ele>15</ele>
        <time>2026-08-05T21:17:06.000Z</time>
        <extensions>
          <ns3:TrackPointExtension>
            <ns3:atemp>31.0</ns3:atemp>
            <ns3:hr>146</ns3:hr>
            <ns3:cad>92</ns3:cad>
          </ns3:TrackPointExtension>
        </extensions>
      </trkpt>
      <trkpt lat="34.7024529241025447845458984375" lon="135.22457758896052837371826171875">
        <ele>14.80000019073486328125</ele>
        <time>2026-08-05T21:17:07.000Z</time>
        <extensions>
          <ns3:TrackPointExtension>
            <ns3:atemp>31.0</ns3:atemp>
            <ns3:hr>147</ns3:hr>
            <ns3:cad>92</ns3:cad>
          </ns3:TrackPointExtension>
        </extensions>
      </trkpt>
      <trkpt lat="34.70242400653660297393798828125" lon="135.22454590536653995513916015625">
        <ele>14.3999996185302734375</ele>
        <time>2026-08-05T21:17:08.000Z</time>
        <extensions>
          <ns3:TrackPointExtension>
            <ns3:atemp>31.0</ns3:atemp>
            <ns3:hr>147</ns3:hr>
            <ns3:cad>92</ns3:cad>
          </ns3:TrackPointExtension>
        </extensions>
      </trkpt>
      <trkpt lat="34.7023955918848514556884765625" lon="135.22451925091445446014404296875">
        <ele>14.19999980926513671875</ele>
        <time>2026-08-05T21:17:09.000Z</time>
        <extensions>
          <ns3:TrackPointExtension>
            <ns3:atemp>31.0</ns3:atemp>
            <ns3:hr>147</ns3:hr>
            <ns3:cad>92</ns3:cad>
          </ns3:TrackPointExtension>
        </extensions>
      </trkpt>
      <trkpt lat="34.7023667581379413604736328125" lon="135.22449485957622528076171875">
        <ele>14.19999980926513671875</ele>
        <time>2026-08-05T21:17:10.000Z</time>
        <extensions>
          <ns3:TrackPointExtension>
            <ns3:atemp>31.0</ns3:atemp>
            <ns3:hr>148</ns3:hr>
            <ns3:cad>95</ns3:cad>
          </ns3:TrackPointExtension>
        </extensions>
      </trkpt>
      <trkpt lat="34.70234001986682415008544921875" lon="135.2244749106466770172119140625">
        <ele>14.19999980926513671875</ele>
        <time>2026-08-05T21:17:11.000Z</time>
        <extensions>
          <ns3:TrackPointExtension>
            <ns3:atemp>31.0</ns3:atemp>
            <ns3:hr>148</ns3:hr>
            <ns3:cad>95</ns3:cad>
          </ns3:TrackPointExtension>
        </extensions>
      </trkpt>
      <trkpt lat="34.70231085084378719329833984375" lon="135.224454961717128753662109375">
        <ele>14</ele>
        <time>2026-08-05T21:17:12.000Z</time>
        <extensions>
          <ns3:TrackPointExtension>
            <ns3:atemp>31.0</ns3:atemp>
            <ns3:hr>148</ns3:hr>
            <ns3:cad>95</ns3:cad>
          </ns3:TrackPointExtension>
        </extensions>
      </trkpt>
      <trkpt lat="34.70227883197367191314697265625" lon="135.22444062866270542144775390625">
        <ele>14</ele>
        <time>2026-08-05T21:17:13.000Z</time>
        <extensions>
          <ns3:TrackPointExtension>
            <ns3:atemp>31.0</ns3:atemp>
            <ns3:hr>148</ns3:hr>
            <ns3:cad>95</ns3:cad>
          </ns3:TrackPointExtension>
        </extensions>
      </trkpt>
      <trkpt lat="34.70224513672292232513427734375" lon="135.2244246192276477813720703125">
        <ele>13.80000019073486328125</ele>
        <time>2026-08-05T21:17:14.000Z</time>
        <extensions>
          <ns3:TrackPointExtension>
            <ns3:atemp>31.0</ns3:atemp>
            <ns3:hr>148</ns3:hr>
            <ns3:cad>94</ns3:cad>
          </ns3:TrackPointExtension>
        </extensions>
      </trkpt>
      <trkpt lat="34.7022138722240924835205078125" lon="135.224408693611621856689453125">
        <ele>13.3999996185302734375</ele>
        <time>2026-08-05T21:17:15.000Z</time>
        <extensions>
          <ns3:TrackPointExtension>
            <ns3:atemp>31.0</ns3:atemp>
            <ns3:hr>148</ns3:hr>
            <ns3:cad>94</ns3:cad>
          </ns3:TrackPointExtension>
        </extensions>
      </trkpt>
      <trkpt lat="34.7021806798875331878662109375" lon="135.2243917621672153472900390625">
        <ele>13</ele>
        <time>2026-08-05T21:17:16.000Z</time>
        <extensions>
          <ns3:TrackPointExtension>
            <ns3:atemp>31.0</ns3:atemp>
            <ns3:hr>148</ns3:hr>
            <ns3:cad>94</ns3:cad>
          </ns3:TrackPointExtension>
        </extensions>
      </trkpt>
      <trkpt lat="34.70214807428419589996337890625" lon="135.22437877021729946136474609375">
        <ele>12.80000019073486328125</ele>
        <time>2026-08-05T21:17:17.000Z</time>
        <extensions>
          <ns3:TrackPointExtension>
            <ns3:atemp>31.0</ns3:atemp>
            <ns3:hr>149</ns3:hr>
            <ns3:cad>93</ns3:cad>
          </ns3:TrackPointExtension>
        </extensions>
      </trkpt>
      <trkpt lat="34.702115468680858612060546875" lon="135.2243713103234767913818359375">
        <ele>12.6000003814697265625</ele>
        <time>2026-08-05T21:17:18.000Z</time>
        <extensions>
          <ns3:TrackPointExtension>
            <ns3:atemp>31.0</ns3:atemp>
            <ns3:hr>149</ns3:hr>
            <ns3:cad>93</ns3:cad>
          </ns3:TrackPointExtension>
        </extensions>
      </trkpt>
      <trkpt lat="34.70208001323044300079345703125" lon="135.2243666164577007293701171875">
        <ele>12.3999996185302734375</ele>
        <time>2026-08-05T21:17:19.000Z</time>
        <extensions>
          <ns3:TrackPointExtension>
            <ns3:atemp>31.0</ns3:atemp>
            <ns3:hr>150</ns3:hr>
            <ns3:cad>93</ns3:cad>
          </ns3:TrackPointExtension>
        </extensions>
      </trkpt>
      <trkpt lat="34.70204816199839115142822265625" lon="135.2243572287261486053466796875">
        <ele>12.19999980926513671875</ele>
        <time>2026-08-05T21:17:20.000Z</time>
        <extensions>
          <ns3:TrackPointExtension>
            <ns3:atemp>31.0</ns3:atemp>
            <ns3:hr>150</ns3:hr>
            <ns3:cad>93</ns3:cad>
          </ns3:TrackPointExtension>
        </extensions>
      </trkpt>
      <trkpt lat="34.7020127065479755401611328125" lon="135.22434893064200878143310546875">
        <ele>12.19999980926513671875</ele>
        <time>2026-08-05T21:17:21.000Z</time>
        <extensions>
          <ns3:TrackPointExtension>
            <ns3:atemp>31.0</ns3:atemp>
            <ns3:hr>150</ns3:hr>
            <ns3:cad>92</ns3:cad>
          </ns3:TrackPointExtension>
        </extensions>
      </trkpt>
      <trkpt lat="34.701981358230113983154296875" lon="135.22434457205235958099365234375">
        <ele>12</ele>
        <time>2026-08-05T21:17:22.000Z</time>
        <extensions>
          <ns3:TrackPointExtension>
            <ns3:atemp>31.0</ns3:atemp>
            <ns3:hr>151</ns3:hr>
            <ns3:cad>92</ns3:cad>
          </ns3:TrackPointExtension>
        </extensions>
      </trkpt>
      <trkpt lat="34.70194623805582523345947265625" lon="135.224344991147518157958984375">
        <ele>12</ele>
        <time>2026-08-05T21:17:23.000Z</time>
        <extensions>
          <ns3:TrackPointExtension>
            <ns3:atemp>31.0</ns3:atemp>
            <ns3:hr>151</ns3:hr>
            <ns3:cad>92</ns3:cad>
          </ns3:TrackPointExtension>
        </extensions>
      </trkpt>
      <trkpt lat="34.701912961900234222412109375" lon="135.224347002804279327392578125">
        <ele>11.80000019073486328125</ele>
        <time>2026-08-05T21:17:24.000Z</time>
        <extensions>
          <ns3:TrackPointExtension>
            <ns3:atemp>31.0</ns3:atemp>
            <ns3:hr>151</ns3:hr>
            <ns3:cad>94</ns3:cad>
          </ns3:TrackPointExtension>
        </extensions>
      </trkpt>
      <trkpt lat="34.70187800936400890350341796875" lon="135.224352367222309112548828125">
        <ele>11.3999996185302734375</ele>
        <time>2026-08-05T21:17:25.000Z</time>
        <extensions>
          <ns3:TrackPointExtension>
            <ns3:atemp>31.0</ns3:atemp>
            <ns3:hr>152</ns3:hr>
            <ns3:cad>94</ns3:cad>
          </ns3:TrackPointExtension>
        </extensions>
      </trkpt>
      <trkpt lat="34.70184682868421077728271484375" lon="135.22436033003032207489013671875">
        <ele>11.3999996185302734375</ele>
        <time>2026-08-05T21:17:26.000Z</time>
        <extensions>
          <ns3:TrackPointExtension>
            <ns3:atemp>31.0</ns3:atemp>
            <ns3:hr>152</ns3:hr>
            <ns3:cad>94</ns3:cad>
          </ns3:TrackPointExtension>
        </extensions>
      </trkpt>
      <trkpt lat="34.7018105350434780120849609375" lon="135.22436083294451236724853515625">
        <ele>11.19999980926513671875</ele>
        <time>2026-08-05T21:17:27.000Z</time>
        <extensions>
          <ns3:TrackPointExtension>
            <ns3:atemp>31.0</ns3:atemp>
            <ns3:hr>152</ns3:hr>
            <ns3:cad>93</ns3:cad>
          </ns3:TrackPointExtension>
        </extensions>
      </trkpt>
      <trkpt lat="34.70177340321242809295654296875" lon="135.22435278631746768951416015625">
        <ele>11</ele>
        <time>2026-08-05T21:17:28.000Z</time>
        <extensions>
          <ns3:TrackPointExtension>
            <ns3:atemp>31.0</ns3:atemp>
            <ns3:hr>152</ns3:hr>
            <ns3:cad>93</ns3:cad>
          </ns3:TrackPointExtension>
        </extensions>
      </trkpt>
      <trkpt lat="34.70174339599907398223876953125" lon="135.2243421413004398345947265625">
        <ele>11.19999980926513671875</ele>
        <time>2026-08-05T21:17:29.000Z</time>
        <extensions>
          <ns3:TrackPointExtension>
            <ns3:atemp>31.0</ns3:atemp>
            <ns3:hr>153</ns3:hr>
            <ns3:cad>92</ns3:cad>
          </ns3:TrackPointExtension>
        </extensions>
      </trkpt>
      <trkpt lat="34.701720178127288818359375" lon="135.2243354357779026031494140625">
        <ele>11.19999980926513671875</ele>
        <time>2026-08-05T21:17:30.000Z</time>
        <extensions>
          <ns3:TrackPointExtension>
            <ns3:atemp>31.0</ns3:atemp>
            <ns3:hr>152</ns3:hr>
            <ns3:cad>91</ns3:cad>
          </ns3:TrackPointExtension>
        </extensions>
      </trkpt>
      <trkpt lat="34.70169008709490299224853515625" lon="135.2243267185986042022705078125">
        <ele>11.19999980926513671875</ele>
        <time>2026-08-05T21:17:31.000Z</time>
        <extensions>
          <ns3:TrackPointExtension>
            <ns3:atemp>31.0</ns3:atemp>
            <ns3:hr>152</ns3:hr>
            <ns3:cad>91</ns3:cad>
          </ns3:TrackPointExtension>
        </extensions>
      </trkpt>
      <trkpt lat="34.7016596607863903045654296875" lon="135.2243193425238132476806640625">
        <ele>11.19999980926513671875</ele>
        <time>2026-08-05T21:17:32.000Z</time>
        <extensions>
          <ns3:TrackPointExtension>
            <ns3:atemp>31.0</ns3:atemp>
            <ns3:hr>152</ns3:hr>
            <ns3:cad>91</ns3:cad>
          </ns3:TrackPointExtension>
        </extensions>
      </trkpt>
      <trkpt lat="34.70162319950759410858154296875" lon="135.22431473247706890106201171875">
        <ele>11</ele>
        <time>2026-08-05T21:17:33.000Z</time>
        <extensions>
          <ns3:TrackPointExtension>
            <ns3:atemp>31.0</ns3:atemp>
            <ns3:hr>153</ns3:hr>
            <ns3:cad>91</ns3:cad>
          </ns3:TrackPointExtension>
        </extensions>
      </trkpt>
      <trkpt lat="34.70158782787621021270751953125" lon="135.2243153192102909088134765625">
        <ele>11.19999980926513671875</ele>
        <time>2026-08-05T21:17:34.000Z</time>
        <extensions>
          <ns3:TrackPointExtension>
            <ns3:atemp>31.0</ns3:atemp>
            <ns3:hr>152</ns3:hr>
            <ns3:cad>91</ns3:cad>
          </ns3:TrackPointExtension>
        </extensions>
      </trkpt>
      <trkpt lat="34.70155857503414154052734375" lon="135.2243171632289886474609375">
        <ele>11.19999980926513671875</ele>
        <time>2026-08-05T21:17:35.000Z</time>
        <extensions>
          <ns3:TrackPointExtension>
            <ns3:atemp>31.0</ns3:atemp>
            <ns3:hr>152</ns3:hr>
            <ns3:cad>91</ns3:cad>
          </ns3:TrackPointExtension>
        </extensions>
      </trkpt>
      <trkpt lat="34.70152714289724826812744140625" lon="135.2243220247328281402587890625">
        <ele>11.3999996185302734375</ele>
        <time>2026-08-05T21:17:36.000Z</time>
        <extensions>
          <ns3:TrackPointExtension>
            <ns3:atemp>31.0</ns3:atemp>
            <ns3:hr>152</ns3:hr>
            <ns3:cad>88</ns3:cad>
          </ns3:TrackPointExtension>
        </extensions>
      </trkpt>
      <trkpt lat="34.70149914734065532684326171875" lon="135.22433334030210971832275390625">
        <ele>11.3999996185302734375</ele>
        <time>2026-08-05T21:17:37.000Z</time>
        <extensions>
          <ns3:TrackPointExtension>
            <ns3:atemp>31.0</ns3:atemp>
            <ns3:hr>153</ns3:hr>
            <ns3:cad>88</ns3:cad>
          </ns3:TrackPointExtension>
        </extensions>
      </trkpt>
      <trkpt lat="34.7014692239463329315185546875" lon="135.22434826008975505828857421875">
        <ele>11.3999996185302734375</ele>
        <time>2026-08-05T21:17:38.000Z</time>
        <extensions>
          <ns3:TrackPointExtension>
            <ns3:atemp>31.0</ns3:atemp>
            <ns3:hr>152</ns3:hr>
            <ns3:cad>93</ns3:cad>
          </ns3:TrackPointExtension>
        </extensions>
      </trkpt>
      <trkpt lat="34.7014424018561840057373046875" lon="135.22436116822063922882080078125">
        <ele>11.19999980926513671875</ele>
        <time>2026-08-05T21:17:39.000Z</time>
        <extensions>
          <ns3:TrackPointExtension>
            <ns3:atemp>31.0</ns3:atemp>
            <ns3:hr>152</ns3:hr>
            <ns3:cad>93</ns3:cad>
          </ns3:TrackPointExtension>
        </extensions>
      </trkpt>
      <trkpt lat="34.701410718262195587158203125" lon="135.22437407635152339935302734375">
        <ele>10.80000019073486328125</ele>
        <time>2026-08-05T21:17:40.000Z</time>
        <extensions>
          <ns3:TrackPointExtension>
            <ns3:atemp>31.0</ns3:atemp>
            <ns3:hr>153</ns3:hr>
            <ns3:cad>91</ns3:cad>
          </ns3:TrackPointExtension>
        </extensions>
      </trkpt>
      <trkpt lat="34.70138079486787319183349609375" lon="135.22438882850110530853271484375">
        <ele>10.6000003814697265625</ele>
        <time>2026-08-05T21:17:41.000Z</time>
        <extensions>
          <ns3:TrackPointExtension>
            <ns3:atemp>31.0</ns3:atemp>
            <ns3:hr>152</ns3:hr>
            <ns3:cad>91</ns3:cad>
          </ns3:TrackPointExtension>
        </extensions>
      </trkpt>
      <trkpt lat="34.70134709961712360382080078125" lon="135.22440140135586261749267578125">
        <ele>10.19999980926513671875</ele>
        <time>2026-08-05T21:17:42.000Z</time>
        <extensions>
          <ns3:TrackPointExtension>
            <ns3:atemp>31.0</ns3:atemp>
            <ns3:hr>152</ns3:hr>
            <ns3:cad>91</ns3:cad>
          </ns3:TrackPointExtension>
        </extensions>
      </trkpt>
      <trkpt lat="34.70131717622280120849609375" lon="135.22441498003900051116943359375">
        <ele>10</ele>
        <time>2026-08-05T21:17:43.000Z</time>
        <extensions>
          <ns3:TrackPointExtension>
            <ns3:atemp>31.0</ns3:atemp>
            <ns3:hr>153</ns3:hr>
            <ns3:cad>91</ns3:cad>
          </ns3:TrackPointExtension>
        </extensions>
      </trkpt>
      <trkpt lat="34.70128390006721019744873046875" lon="135.22442956455051898956298828125">
        <ele>9.80000019073486328125</ele>
        <time>2026-08-05T21:17:44.000Z</time>
        <extensions>
          <ns3:TrackPointExtension>
            <ns3:atemp>31.0</ns3:atemp>
            <ns3:hr>153</ns3:hr>
            <ns3:cad>92</ns3:cad>
          </ns3:TrackPointExtension>
        </extensions>
      </trkpt>
      <trkpt lat="34.7012516297399997711181640625" lon="135.22444381378591060638427734375">
        <ele>9.6000003814697265625</ele>
        <time>2026-08-05T21:17:45.000Z</time>
        <extensions>
          <ns3:TrackPointExtension>
            <ns3:atemp>31.0</ns3:atemp>
            <ns3:hr>154</ns3:hr>
            <ns3:cad>92</ns3:cad>
          </ns3:TrackPointExtension>
        </extensions>
      </trkpt>
      <trkpt lat="34.70121768303215503692626953125" lon="135.22446007467806339263916015625">
        <ele>9.3999996185302734375</ele>
        <time>2026-08-05T21:17:46.000Z</time>
        <extensions>
          <ns3:TrackPointExtension>
            <ns3:atemp>31.0</ns3:atemp>
            <ns3:hr>154</ns3:hr>
            <ns3:cad>92</ns3:cad>
          </ns3:TrackPointExtension>
        </extensions>
      </trkpt>
      <trkpt lat="34.70118868164718151092529296875" lon="135.22447549737989902496337890625">
        <ele>9.3999996185302734375</ele>
        <time>2026-08-05T21:17:47.000Z</time>
        <extensions>
          <ns3:TrackPointExtension>
            <ns3:atemp>31.0</ns3:atemp>
            <ns3:hr>155</ns3:hr>
            <ns3:cad>91</ns3:cad>
          </ns3:TrackPointExtension>
        </extensions>
      </trkpt>
      <trkpt lat="34.7011597640812397003173828125" lon="135.22449108771979808807373046875">
        <ele>9.6000003814697265625</ele>
        <time>2026-08-05T21:17:48.000Z</time>
        <extensions>
          <ns3:TrackPointExtension>
            <ns3:atemp>31.0</ns3:atemp>
            <ns3:hr>155</ns3:hr>
            <ns3:cad>92</ns3:cad>
          </ns3:TrackPointExtension>
        </extensions>
      </trkpt>
      <trkpt lat="34.7011319361627101898193359375" lon="135.2245070971548557281494140625">
        <ele>9.6000003814697265625</ele>
        <time>2026-08-05T21:17:49.000Z</time>
        <extensions>
          <ns3:TrackPointExtension>
            <ns3:atemp>31.0</ns3:atemp>
            <ns3:hr>156</ns3:hr>
            <ns3:cad>93</ns3:cad>
          </ns3:TrackPointExtension>
        </extensions>
      </trkpt>
      <trkpt lat="34.7011041082441806793212890625" lon="135.2245248667895793914794921875">
        <ele>9.6000003814697265625</ele>
        <time>2026-08-05T21:17:50.000Z</time>
        <extensions>
          <ns3:TrackPointExtension>
            <ns3:atemp>31.0</ns3:atemp>
            <ns3:hr>156</ns3:hr>
            <ns3:cad>93</ns3:cad>
          </ns3:TrackPointExtension>
        </extensions>
      </trkpt>
      <trkpt lat="34.70107041299343109130859375" lon="135.22453911602497100830078125">
        <ele>9.6000003814697265625</ele>
        <time>2026-08-05T21:17:51.000Z</time>
        <extensions>
          <ns3:TrackPointExtension>
            <ns3:atemp>31.0</ns3:atemp>
            <ns3:hr>157</ns3:hr>
            <ns3:cad>93</ns3:cad>
          </ns3:TrackPointExtension>
        </extensions>
      </trkpt>
      <trkpt lat="34.70104048959910869598388671875" lon="135.224551856517791748046875">
        <ele>9.3999996185302734375</ele>
        <time>2026-08-05T21:17:52.000Z</time>
        <extensions>
          <ns3:TrackPointExtension>
            <ns3:atemp>31.0</ns3:atemp>
            <ns3:hr>157</ns3:hr>
            <ns3:cad>93</ns3:cad>
          </ns3:TrackPointExtension>
        </extensions>
      </trkpt>
      <trkpt lat="34.70100813545286655426025390625" lon="135.224560908973217010498046875">
        <ele>9.3999996185302734375</ele>
        <time>2026-08-05T21:17:53.000Z</time>
        <extensions>
          <ns3:TrackPointExtension>
            <ns3:atemp>31.0</ns3:atemp>
            <ns3:hr>158</ns3:hr>
            <ns3:cad>94</ns3:cad>
          </ns3:TrackPointExtension>
        </extensions>
      </trkpt>
      <trkpt lat="34.70097997225821018218994140625" lon="135.22456970997154712677001953125">
        <ele>9.3999996185302734375</ele>
        <time>2026-08-05T21:17:54.000Z</time>
        <extensions>
          <ns3:TrackPointExtension>
            <ns3:atemp>31.0</ns3:atemp>
            <ns3:hr>158</ns3:hr>
            <ns3:cad>94</ns3:cad>
          </ns3:TrackPointExtension>
        </extensions>
      </trkpt>
      <trkpt lat="34.70094929449260234832763671875" lon="135.22457926534116268157958984375">
        <ele>9.6000003814697265625</ele>
        <time>2026-08-05T21:17:55.000Z</time>
        <extensions>
          <ns3:TrackPointExtension>
            <ns3:atemp>31.0</ns3:atemp>
            <ns3:hr>158</ns3:hr>
            <ns3:cad>93</ns3:cad>
          </ns3:TrackPointExtension>
        </extensions>
      </trkpt>
      <trkpt lat="34.70092146657407283782958984375" lon="135.2245899103581905364990234375">
        <ele>9.80000019073486328125</ele>
        <time>2026-08-05T21:17:56.000Z</time>
        <extensions>
          <ns3:TrackPointExtension>
            <ns3:atemp>31.0</ns3:atemp>
            <ns3:hr>158</ns3:hr>
            <ns3:cad>92</ns3:cad>
          </ns3:TrackPointExtension>
        </extensions>
      </trkpt>
      <trkpt lat="34.70089246518909931182861328125" lon="135.22459921427071094512939453125">
        <ele>9.80000019073486328125</ele>
        <time>2026-08-05T21:17:57.000Z</time>
        <extensions>
          <ns3:TrackPointExtension>
            <ns3:atemp>31.0</ns3:atemp>
            <ns3:hr>158</ns3:hr>
            <ns3:cad>92</ns3:cad>
          </ns3:TrackPointExtension>
        </extensions>
      </trkpt>
      <trkpt lat="34.70086363144218921661376953125" lon="135.2246130444109439849853515625">
        <ele>10</ele>
        <time>2026-08-05T21:17:58.000Z</time>
        <extensions>
          <ns3:TrackPointExtension>
            <ns3:atemp>31.0</ns3:atemp>
            <ns3:hr>158</ns3:hr>
            <ns3:cad>91</ns3:cad>
          </ns3:TrackPointExtension>
        </extensions>
      </trkpt>
      <trkpt lat="34.7008345462381839752197265625" lon="135.224624611437320709228515625">
        <ele>9.80000019073486328125</ele>
        <time>2026-08-05T21:17:59.000Z</time>
        <extensions>
          <ns3:TrackPointExtension>
            <ns3:atemp>31.0</ns3:atemp>
            <ns3:hr>158</ns3:hr>
            <ns3:cad>91</ns3:cad>
          </ns3:TrackPointExtension>
        </extensions>
      </trkpt>
      <trkpt lat="34.7008047066628932952880859375" lon="135.22463592700660228729248046875">
        <ele>9.80000019073486328125</ele>
        <time>2026-08-05T21:18:00.000Z</time>
        <extensions>
          <ns3:TrackPointExtension>
            <ns3:atemp>31.0</ns3:atemp>
            <ns3:hr>158</ns3:hr>
            <ns3:cad>91</ns3:cad>
          </ns3:TrackPointExtension>
        </extensions>
      </trkpt>
      <trkpt lat="34.70077444799244403839111328125" lon="135.22464682348072528839111328125">
        <ele>9.80000019073486328125</ele>
        <time>2026-08-05T21:18:01.000Z</time>
        <extensions>
          <ns3:TrackPointExtension>
            <ns3:atemp>31.0</ns3:atemp>
            <ns3:hr>159</ns3:hr>
            <ns3:cad>92</ns3:cad>
          </ns3:TrackPointExtension>
        </extensions>
      </trkpt>
      <trkpt lat="34.70074175857007503509521484375" lon="135.22465319372713565826416015625">
        <ele>9.6000003814697265625</ele>
        <time>2026-08-05T21:18:02.000Z</time>
        <extensions>
          <ns3:TrackPointExtension>
            <ns3:atemp>31.0</ns3:atemp>
            <ns3:hr>158</ns3:hr>
            <ns3:cad>92</ns3:cad>
          </ns3:TrackPointExtension>
        </extensions>
      </trkpt>
      <trkpt lat="34.70071627758443355560302734375" lon="135.22466040216386318206787109375">
        <ele>9.3999996185302734375</ele>
        <time>2026-08-05T21:18:03.000Z</time>
        <extensions>
          <ns3:TrackPointExtension>
            <ns3:atemp>31.0</ns3:atemp>
            <ns3:hr>158</ns3:hr>
            <ns3:cad>92</ns3:cad>
          </ns3:TrackPointExtension>
        </extensions>
      </trkpt>
      <trkpt lat="34.70068752765655517578125" lon="135.224668197333812713623046875">
        <ele>9.3999996185302734375</ele>
        <time>2026-08-05T21:18:04.000Z</time>
        <extensions>
          <ns3:TrackPointExtension>
            <ns3:atemp>31.0</ns3:atemp>
            <ns3:hr>158</ns3:hr>
            <ns3:cad>92</ns3:cad>
          </ns3:TrackPointExtension>
        </extensions>
      </trkpt>
      <trkpt lat="34.70066070556640625" lon="135.22467582486569881439208984375">
        <ele>9.3999996185302734375</ele>
        <time>2026-08-05T21:18:05.000Z</time>
        <extensions>
          <ns3:TrackPointExtension>
            <ns3:atemp>31.0</ns3:atemp>
            <ns3:hr>158</ns3:hr>
            <ns3:cad>92</ns3:cad>
          </ns3:TrackPointExtension>
        </extensions>
      </trkpt>
      <trkpt lat="34.7006293572485446929931640625" lon="135.22468437440693378448486328125">
        <ele>9</ele>
        <time>2026-08-05T21:18:06.000Z</time>
        <extensions>
          <ns3:TrackPointExtension>
            <ns3:atemp>31.0</ns3:atemp>
            <ns3:hr>159</ns3:hr>
            <ns3:cad>92</ns3:cad>
          </ns3:TrackPointExtension>
        </extensions>
      </trkpt>
      <trkpt lat="34.700598679482936859130859375" lon="135.22469527088105678558349609375">
        <ele>9</ele>
        <time>2026-08-05T21:18:07.000Z</time>
        <extensions>
          <ns3:TrackPointExtension>
            <ns3:atemp>31.0</ns3:atemp>
            <ns3:hr>158</ns3:hr>
            <ns3:cad>91</ns3:cad>
          </ns3:TrackPointExtension>
        </extensions>
      </trkpt>
      <trkpt lat="34.7005690075457096099853515625" lon="135.22470599971711635589599609375">
        <ele>9</ele>
        <time>2026-08-05T21:18:08.000Z</time>
        <extensions>
          <ns3:TrackPointExtension>
            <ns3:atemp>31.0</ns3:atemp>
            <ns3:hr>158</ns3:hr>
            <ns3:cad>91</ns3:cad>
          </ns3:TrackPointExtension>
        </extensions>
      </trkpt>
      <trkpt lat="34.7005371563136577606201171875" lon="135.22471589036285877227783203125">
        <ele>9</ele>
        <time>2026-08-05T21:18:09.000Z</time>
        <extensions>
          <ns3:TrackPointExtension>
            <ns3:atemp>31.0</ns3:atemp>
            <ns3:hr>158</ns3:hr>
            <ns3:cad>93</ns3:cad>
          </ns3:TrackPointExtension>
        </extensions>
      </trkpt>
      <trkpt lat="34.70050673000514507293701171875" lon="135.22472552955150604248046875">
        <ele>9</ele>
        <time>2026-08-05T21:18:10.000Z</time>
        <extensions>
          <ns3:TrackPointExtension>
            <ns3:atemp>31.0</ns3:atemp>
            <ns3:hr>158</ns3:hr>
            <ns3:cad>93</ns3:cad>
          </ns3:TrackPointExtension>
        </extensions>
      </trkpt>
      <trkpt lat="34.7004761360585689544677734375" lon="135.2247360907495021820068359375">
        <ele>9</ele>
        <time>2026-08-05T21:18:11.000Z</time>
        <extensions>
          <ns3:TrackPointExtension>
            <ns3:atemp>31.0</ns3:atemp>
            <ns3:hr>158</ns3:hr>
            <ns3:cad>93</ns3:cad>
          </ns3:TrackPointExtension>
        </extensions>
      </trkpt>
      <trkpt lat="34.70044755376875400543212890625" lon="135.22474757395684719085693359375">
        <ele>9</ele>
        <time>2026-08-05T21:18:12.000Z</time>
        <extensions>
          <ns3:TrackPointExtension>
            <ns3:atemp>31.0</ns3:atemp>
            <ns3:hr>158</ns3:hr>
            <ns3:cad>93</ns3:cad>
          </ns3:TrackPointExtension>
        </extensions>
      </trkpt>
      <trkpt lat="34.70041587017476558685302734375" lon="135.2247543632984161376953125">
        <ele>9.19999980926513671875</ele>
        <time>2026-08-05T21:18:13.000Z</time>
        <extensions>
          <ns3:TrackPointExtension>
            <ns3:atemp>31.0</ns3:atemp>
            <ns3:hr>158</ns3:hr>
            <ns3:cad>93</ns3:cad>
          </ns3:TrackPointExtension>
        </extensions>
      </trkpt>
      <trkpt lat="34.70038820989429950714111328125" lon="135.2247666008770465850830078125">
        <ele>9.19999980926513671875</ele>
        <time>2026-08-05T21:18:14.000Z</time>
        <extensions>
          <ns3:TrackPointExtension>
            <ns3:atemp>31.0</ns3:atemp>
            <ns3:hr>158</ns3:hr>
            <ns3:cad>93</ns3:cad>
          </ns3:TrackPointExtension>
        </extensions>
      </trkpt>
      <trkpt lat="34.70035937614738941192626953125" lon="135.22477515041828155517578125">
        <ele>9.19999980926513671875</ele>
        <time>2026-08-05T21:18:15.000Z</time>
        <extensions>
          <ns3:TrackPointExtension>
            <ns3:atemp>31.0</ns3:atemp>
            <ns3:hr>159</ns3:hr>
            <ns3:cad>93</ns3:cad>
          </ns3:TrackPointExtension>
        </extensions>
      </trkpt>
      <trkpt lat="34.70033071003854274749755859375" lon="135.22477992810308933258056640625">
        <ele>9.3999996185302734375</ele>
        <time>2026-08-05T21:18:16.000Z</time>
        <extensions>
          <ns3:TrackPointExtension>
            <ns3:atemp>31.0</ns3:atemp>
            <ns3:hr>158</ns3:hr>
            <ns3:cad>93</ns3:cad>
          </ns3:TrackPointExtension>
        </extensions>
      </trkpt>
      <trkpt lat="34.700302295386791229248046875" lon="135.22478814236819744110107421875">
        <ele>9.6000003814697265625</ele>
        <time>2026-08-05T21:18:17.000Z</time>
        <extensions>
          <ns3:TrackPointExtension>
            <ns3:atemp>31.0</ns3:atemp>
            <ns3:hr>158</ns3:hr>
            <ns3:cad>93</ns3:cad>
          </ns3:TrackPointExtension>
        </extensions>
      </trkpt>
      <trkpt lat="34.70027471892535686492919921875" lon="135.22480172105133533477783203125">
        <ele>9.80000019073486328125</ele>
        <time>2026-08-05T21:18:18.000Z</time>
        <extensions>
          <ns3:TrackPointExtension>
            <ns3:atemp>31.0</ns3:atemp>
            <ns3:hr>158</ns3:hr>
            <ns3:cad>92</ns3:cad>
          </ns3:TrackPointExtension>
        </extensions>
      </trkpt>
      <trkpt lat="34.70024538226425647735595703125" lon="135.2248142100870609283447265625">
        <ele>9.80000019073486328125</ele>
        <time>2026-08-05T21:18:19.000Z</time>
        <extensions>
          <ns3:TrackPointExtension>
            <ns3:atemp>31.0</ns3:atemp>
            <ns3:hr>159</ns3:hr>
            <ns3:cad>93</ns3:cad>
          </ns3:TrackPointExtension>
        </extensions>
      </trkpt>
      <trkpt lat="34.70021487213671207427978515625" lon="135.2248286269605159759521484375">
        <ele>10</ele>
        <time>2026-08-05T21:18:20.000Z</time>
        <extensions>
          <ns3:TrackPointExtension>
            <ns3:atemp>31.0</ns3:atemp>
            <ns3:hr>158</ns3:hr>
            <ns3:cad>93</ns3:cad>
          </ns3:TrackPointExtension>
        </extensions>
      </trkpt>
      <trkpt lat="34.70018654130399227142333984375" lon="135.22484463639557361602783203125">
        <ele>9.80000019073486328125</ele>
        <time>2026-08-05T21:18:21.000Z</time>
        <extensions>
          <ns3:TrackPointExtension>
            <ns3:atemp>31.0</ns3:atemp>
            <ns3:hr>158</ns3:hr>
            <ns3:cad>93</ns3:cad>
          </ns3:TrackPointExtension>
        </extensions>
      </trkpt>
      <trkpt lat="34.70015703700482845306396484375" lon="135.224857628345489501953125">
        <ele>9.6000003814697265625</ele>
        <time>2026-08-05T21:18:22.000Z</time>
        <extensions>
          <ns3:TrackPointExtension>
            <ns3:atemp>31.0</ns3:atemp>
            <ns3:hr>159</ns3:hr>
            <ns3:cad>93</ns3:cad>
          </ns3:TrackPointExtension>
        </extensions>
      </trkpt>
      <trkpt lat="34.7001281194388866424560546875" lon="135.22486592642962932586669921875">
        <ele>9.3999996185302734375</ele>
        <time>2026-08-05T21:18:23.000Z</time>
        <extensions>
          <ns3:TrackPointExtension>
            <ns3:atemp>31.0</ns3:atemp>
            <ns3:hr>159</ns3:hr>
            <ns3:cad>93</ns3:cad>
          </ns3:TrackPointExtension>
        </extensions>
      </trkpt>
      <trkpt lat="34.70009719021618366241455078125" lon="135.22486927919089794158935546875">
        <ele>9.3999996185302734375</ele>
        <time>2026-08-05T21:18:24.000Z</time>
        <extensions>
          <ns3:TrackPointExtension>
            <ns3:atemp>31.0</ns3:atemp>
            <ns3:hr>160</ns3:hr>
            <ns3:cad>93</ns3:cad>
          </ns3:TrackPointExtension>
        </extensions>
      </trkpt>
      <trkpt lat="34.700066260993480682373046875" lon="135.2248752303421497344970703125">
        <ele>9.3999996185302734375</ele>
        <time>2026-08-05T21:18:25.000Z</time>
        <extensions>
          <ns3:TrackPointExtension>
            <ns3:atemp>31.0</ns3:atemp>
            <ns3:hr>160</ns3:hr>
            <ns3:cad>93</ns3:cad>
          </ns3:TrackPointExtension>
        </extensions>
      </trkpt>
      <trkpt lat="34.70003583468496799468994140625" lon="135.22488101385533809661865234375">
        <ele>9.6000003814697265625</ele>
        <time>2026-08-05T21:18:26.000Z</time>
        <extensions>
          <ns3:TrackPointExtension>
            <ns3:atemp>31.0</ns3:atemp>
            <ns3:hr>160</ns3:hr>
            <ns3:cad>93</ns3:cad>
          </ns3:TrackPointExtension>
        </extensions>
      </trkpt>
      <trkpt lat="34.7000080905854701995849609375" lon="135.22488621063530445098876953125">
        <ele>9.80000019073486328125</ele>
        <time>2026-08-05T21:18:27.000Z</time>
        <extensions>
          <ns3:TrackPointExtension>
            <ns3:atemp>31.0</ns3:atemp>
            <ns3:hr>160</ns3:hr>
            <ns3:cad>94</ns3:cad>
          </ns3:TrackPointExtension>
        </extensions>
      </trkpt>
      <trkpt lat="34.6999802626669406890869140625" lon="135.224892832338809967041015625">
        <ele>10</ele>
        <time>2026-08-05T21:18:28.000Z</time>
        <extensions>
          <ns3:TrackPointExtension>
            <ns3:atemp>31.0</ns3:atemp>
            <ns3:hr>160</ns3:hr>
            <ns3:cad>94</ns3:cad>
          </ns3:TrackPointExtension>
        </extensions>
      </trkpt>
      <trkpt lat="34.699954278767108917236328125" lon="135.22490699775516986846923828125">
        <ele>10</ele>
        <time>2026-08-05T21:18:29.000Z</time>
        <extensions>
          <ns3:TrackPointExtension>
            <ns3:atemp>31.0</ns3:atemp>
            <ns3:hr>160</ns3:hr>
            <ns3:cad>94</ns3:cad>
          </ns3:TrackPointExtension>
        </extensions>
      </trkpt>
      <trkpt lat="34.69992636702954769134521484375" lon="135.224920324981212615966796875">
        <ele>10</ele>
        <time>2026-08-05T21:18:30.000Z</time>
        <extensions>
          <ns3:TrackPointExtension>
            <ns3:atemp>31.0</ns3:atemp>
            <ns3:hr>161</ns3:hr>
            <ns3:cad>94</ns3:cad>
          </ns3:TrackPointExtension>
        </extensions>
      </trkpt>
      <trkpt lat="34.6998971141874790191650390625" lon="135.2249260246753692626953125">
        <ele>10</ele>
        <time>2026-08-05T21:18:31.000Z</time>
        <extensions>
          <ns3:TrackPointExtension>
            <ns3:atemp>31.0</ns3:atemp>
            <ns3:hr>160</ns3:hr>
            <ns3:cad>94</ns3:cad>
          </ns3:TrackPointExtension>
        </extensions>
      </trkpt>
      <trkpt lat="34.69986819662153720855712890625" lon="135.22493482567369937896728515625">
        <ele>10</ele>
        <time>2026-08-05T21:18:32.000Z</time>
        <extensions>
          <ns3:TrackPointExtension>
            <ns3:atemp>31.0</ns3:atemp>
            <ns3:hr>160</ns3:hr>
            <ns3:cad>94</ns3:cad>
          </ns3:TrackPointExtension>
        </extensions>
      </trkpt>
      <trkpt lat="34.699838273227214813232421875" lon="135.22494069300591945648193359375">
        <ele>10</ele>
        <time>2026-08-05T21:18:33.000Z</time>
        <extensions>
          <ns3:TrackPointExtension>
            <ns3:atemp>31.0</ns3:atemp>
            <ns3:hr>160</ns3:hr>
            <ns3:cad>93</ns3:cad>
          </ns3:TrackPointExtension>
        </extensions>
      </trkpt>
      <trkpt lat="34.69980700872838497161865234375" lon="135.224944464862346649169921875">
        <ele>10</ele>
        <time>2026-08-05T21:18:34.000Z</time>
        <extensions>
          <ns3:TrackPointExtension>
            <ns3:atemp>31.0</ns3:atemp>
            <ns3:hr>161</ns3:hr>
            <ns3:cad>93</ns3:cad>
          </ns3:TrackPointExtension>
        </extensions>
      </trkpt>
      <trkpt lat="34.699778594076633453369140625" lon="135.22494253702461719512939453125">
        <ele>9.80000019073486328125</ele>
        <time>2026-08-05T21:18:35.000Z</time>
        <extensions>
          <ns3:TrackPointExtension>
            <ns3:atemp>31.0</ns3:atemp>
            <ns3:hr>160</ns3:hr>
            <ns3:cad>93</ns3:cad>
          </ns3:TrackPointExtension>
        </extensions>
      </trkpt>
      <trkpt lat="34.699750430881977081298828125" lon="135.22492828778922557830810546875">
        <ele>10</ele>
        <time>2026-08-05T21:18:36.000Z</time>
        <extensions>
          <ns3:TrackPointExtension>
            <ns3:atemp>31.0</ns3:atemp>
            <ns3:hr>160</ns3:hr>
            <ns3:cad>93</ns3:cad>
          </ns3:TrackPointExtension>
        </extensions>
      </trkpt>
      <trkpt lat="34.699727632105350494384765625" lon="135.22490699775516986846923828125">
        <ele>10</ele>
        <time>2026-08-05T21:18:37.000Z</time>
        <extensions>
          <ns3:TrackPointExtension>
            <ns3:atemp>31.0</ns3:atemp>
            <ns3:hr>159</ns3:hr>
            <ns3:cad>93</ns3:cad>
          </ns3:TrackPointExtension>
        </extensions>
      </trkpt>
      <trkpt lat="34.699702821671962738037109375" lon="135.22488587535917758941650390625">
        <ele>10</ele>
        <time>2026-08-05T21:18:38.000Z</time>
        <extensions>
          <ns3:TrackPointExtension>
            <ns3:atemp>31.0</ns3:atemp>
            <ns3:hr>159</ns3:hr>
            <ns3:cad>93</ns3:cad>
          </ns3:TrackPointExtension>
        </extensions>
      </trkpt>
      <trkpt lat="34.69967910088598728179931640625" lon="135.22486140020191669464111328125">
        <ele>10</ele>
        <time>2026-08-05T21:18:39.000Z</time>
        <extensions>
          <ns3:TrackPointExtension>
            <ns3:atemp>31.0</ns3:atemp>
            <ns3:hr>159</ns3:hr>
            <ns3:cad>91</ns3:cad>
          </ns3:TrackPointExtension>
        </extensions>
      </trkpt>
      <trkpt lat="34.6996629238128662109375" lon="135.2248282916843891143798828125">
        <ele>10</ele>
        <time>2026-08-05T21:18:40.000Z</time>
        <extensions>
          <ns3:TrackPointExtension>
            <ns3:atemp>31.0</ns3:atemp>
            <ns3:hr>158</ns3:hr>
            <ns3:cad>91</ns3:cad>
          </ns3:TrackPointExtension>
        </extensions>
      </trkpt>
      <trkpt lat="34.6996520273387432098388671875" lon="135.224794931709766387939453125">
        <ele>10</ele>
        <time>2026-08-05T21:18:41.000Z</time>
        <extensions>
          <ns3:TrackPointExtension>
            <ns3:atemp>31.0</ns3:atemp>
            <ns3:hr>158</ns3:hr>
            <ns3:cad>91</ns3:cad>
          </ns3:TrackPointExtension>
        </extensions>
      </trkpt>
      <trkpt lat="34.699645824730396270751953125" lon="135.224757380783557891845703125">
        <ele>10</ele>
        <time>2026-08-05T21:18:42.000Z</time>
        <extensions>
          <ns3:TrackPointExtension>
            <ns3:atemp>31.0</ns3:atemp>
            <ns3:hr>158</ns3:hr>
            <ns3:cad>93</ns3:cad>
          </ns3:TrackPointExtension>
        </extensions>
      </trkpt>
      <trkpt lat="34.69963677227497100830078125" lon="135.22472108714282512664794921875">
        <ele>10</ele>
        <time>2026-08-05T21:18:43.000Z</time>
        <extensions>
          <ns3:TrackPointExtension>
            <ns3:atemp>31.0</ns3:atemp>
            <ns3:hr>158</ns3:hr>
            <ns3:cad>93</ns3:cad>
          </ns3:TrackPointExtension>
        </extensions>
      </trkpt>
      <trkpt lat="34.6996275521814823150634765625" lon="135.22468336857855319976806640625">
        <ele>10</ele>
        <time>2026-08-05T21:18:44.000Z</time>
        <extensions>
          <ns3:TrackPointExtension>
            <ns3:atemp>31.0</ns3:atemp>
            <ns3:hr>158</ns3:hr>
            <ns3:cad>92</ns3:cad>
          </ns3:TrackPointExtension>
        </extensions>
      </trkpt>
      <trkpt lat="34.6996168233454227447509765625" lon="135.22464908659458160400390625">
        <ele>9.80000019073486328125</ele>
        <time>2026-08-05T21:18:45.000Z</time>
        <extensions>
          <ns3:TrackPointExtension>
            <ns3:atemp>31.0</ns3:atemp>
            <ns3:hr>158</ns3:hr>
            <ns3:cad>92</ns3:cad>
          </ns3:TrackPointExtension>
        </extensions>
      </trkpt>
      <trkpt lat="34.69960601069033145904541015625" lon="135.224612541496753692626953125">
        <ele>9.80000019073486328125</ele>
        <time>2026-08-05T21:18:46.000Z</time>
        <extensions>
          <ns3:TrackPointExtension>
            <ns3:atemp>31.0</ns3:atemp>
            <ns3:hr>158</ns3:hr>
            <ns3:cad>92</ns3:cad>
          </ns3:TrackPointExtension>
        </extensions>
      </trkpt>
      <trkpt lat="34.699588157236576080322265625" lon="135.2245396189391613006591796875">
        <ele>9.80000019073486328125</ele>
        <time>2026-08-05T21:18:47.000Z</time>
        <extensions>
          <ns3:TrackPointExtension>
            <ns3:atemp>31.0</ns3:atemp>
            <ns3:hr>158</ns3:hr>
            <ns3:cad>93</ns3:cad>
          </ns3:TrackPointExtension>
        </extensions>
      </trkpt>
      <trkpt lat="34.699588157236576080322265625" lon="135.2245396189391613006591796875">
        <ele>9.80000019073486328125</ele>
        <time>2026-08-05T21:18:48.000Z</time>
        <extensions>
          <ns3:TrackPointExtension>
            <ns3:atemp>31.0</ns3:atemp>
            <ns3:hr>158</ns3:hr>
            <ns3:cad>93</ns3:cad>
          </ns3:TrackPointExtension>
        </extensions>
      </trkpt>
      <trkpt lat="34.6995784342288970947265625" lon="135.22450097836554050445556640625">
        <ele>9.6000003814697265625</ele>
        <time>2026-08-05T21:18:49.000Z</time>
        <extensions>
          <ns3:TrackPointExtension>
            <ns3:atemp>31.0</ns3:atemp>
            <ns3:hr>158</ns3:hr>
            <ns3:cad>92</ns3:cad>
          </ns3:TrackPointExtension>
        </extensions>
      </trkpt>
      <trkpt lat="34.69956695102155208587646484375" lon="135.22446476854383945465087890625">
        <ele>9.6000003814697265625</ele>
        <time>2026-08-05T21:18:50.000Z</time>
        <extensions>
          <ns3:TrackPointExtension>
            <ns3:atemp>31.0</ns3:atemp>
            <ns3:hr>158</ns3:hr>
            <ns3:cad>93</ns3:cad>
          </ns3:TrackPointExtension>
        </extensions>
      </trkpt>
      <trkpt lat="34.69955756328999996185302734375" lon="135.22442704997956752777099609375">
        <ele>9.6000003814697265625</ele>
        <time>2026-08-05T21:18:51.000Z</time>
        <extensions>
          <ns3:TrackPointExtension>
            <ns3:atemp>31.0</ns3:atemp>
            <ns3:hr>158</ns3:hr>
            <ns3:cad>93</ns3:cad>
          </ns3:TrackPointExtension>
        </extensions>
      </trkpt>
      <trkpt lat="34.6995440684258937835693359375" lon="135.22439293563365936279296875">
        <ele>9.6000003814697265625</ele>
        <time>2026-08-05T21:18:52.000Z</time>
        <extensions>
          <ns3:TrackPointExtension>
            <ns3:atemp>31.0</ns3:atemp>
            <ns3:hr>158</ns3:hr>
            <ns3:cad>93</ns3:cad>
          </ns3:TrackPointExtension>
        </extensions>
      </trkpt>
      <trkpt lat="34.699531160295009613037109375" lon="135.2243568934500217437744140625">
        <ele>9.6000003814697265625</ele>
        <time>2026-08-05T21:18:53.000Z</time>
        <extensions>
          <ns3:TrackPointExtension>
            <ns3:atemp>31.0</ns3:atemp>
            <ns3:hr>158</ns3:hr>
            <ns3:cad>93</ns3:cad>
          </ns3:TrackPointExtension>
        </extensions>
      </trkpt>
      <trkpt lat="34.69951699487864971160888671875" lon="135.22432512603700160980224609375">
        <ele>9.6000003814697265625</ele>
        <time>2026-08-05T21:18:54.000Z</time>
        <extensions>
          <ns3:TrackPointExtension>
            <ns3:atemp>32.0</ns3:atemp>
            <ns3:hr>159</ns3:hr>
            <ns3:cad>93</ns3:cad>
          </ns3:TrackPointExtension>
        </extensions>
      </trkpt>
      <trkpt lat="34.6995048411190509796142578125" lon="135.2242895029485225677490234375">
        <ele>9.6000003814697265625</ele>
        <time>2026-08-05T21:18:55.000Z</time>
        <extensions>
          <ns3:TrackPointExtension>
            <ns3:atemp>31.0</ns3:atemp>
            <ns3:hr>159</ns3:hr>
            <ns3:cad>93</ns3:cad>
          </ns3:TrackPointExtension>
        </extensions>
      </trkpt>
      <trkpt lat="34.69949604012072086334228515625" lon="135.22425387986004352569580078125">
        <ele>9.6000003814697265625</ele>
        <time>2026-08-05T21:18:56.000Z</time>
        <extensions>
          <ns3:TrackPointExtension>
            <ns3:atemp>31.0</ns3:atemp>
            <ns3:hr>159</ns3:hr>
            <ns3:cad>93</ns3:cad>
          </ns3:TrackPointExtension>
        </extensions>
      </trkpt>
      <trkpt lat="34.69948883168399333953857421875" lon="135.22421867586672306060791015625">
        <ele>9.6000003814697265625</ele>
        <time>2026-08-05T21:18:57.000Z</time>
        <extensions>
          <ns3:TrackPointExtension>
            <ns3:atemp>31.0</ns3:atemp>
            <ns3:hr>160</ns3:hr>
            <ns3:cad>93</ns3:cad>
          </ns3:TrackPointExtension>
        </extensions>
      </trkpt>
      <trkpt lat="34.699480868875980377197265625" lon="135.22418246604502201080322265625">
        <ele>9.6000003814697265625</ele>
        <time>2026-08-05T21:18:58.000Z</time>
        <extensions>
          <ns3:TrackPointExtension>
            <ns3:atemp>32.0</ns3:atemp>
            <ns3:hr>160</ns3:hr>
            <ns3:cad>93</ns3:cad>
          </ns3:TrackPointExtension>
        </extensions>
      </trkpt>
      <trkpt lat="34.69947223551571369171142578125" lon="135.22414558567106723785400390625">
        <ele>9.6000003814697265625</ele>
        <time>2026-08-05T21:18:59.000Z</time>
        <extensions>
          <ns3:TrackPointExtension>
            <ns3:atemp>32.0</ns3:atemp>
            <ns3:hr>160</ns3:hr>
            <ns3:cad>92</ns3:cad>
          </ns3:TrackPointExtension>
        </extensions>
      </trkpt>
      <trkpt lat="34.69946653582155704498291015625" lon="135.22410593926906585693359375">
        <ele>9.80000019073486328125</ele>
        <time>2026-08-05T21:19:00.000Z</time>
        <extensions>
          <ns3:TrackPointExtension>
            <ns3:atemp>31.0</ns3:atemp>
            <ns3:hr>160</ns3:hr>
            <ns3:cad>92</ns3:cad>
          </ns3:TrackPointExtension>
        </extensions>
      </trkpt>
      <trkpt lat="34.6994572319090366363525390625" lon="135.2240732498466968536376953125">
        <ele>9.80000019073486328125</ele>
        <time>2026-08-05T21:19:01.000Z</time>
        <extensions>
          <ns3:TrackPointExtension>
            <ns3:atemp>31.0</ns3:atemp>
            <ns3:hr>160</ns3:hr>
            <ns3:cad>92</ns3:cad>
          </ns3:TrackPointExtension>
        </extensions>
      </trkpt>
      <trkpt lat="34.69945061020553112030029296875" lon="135.224031843245029449462890625">
        <ele>9.80000019073486328125</ele>
        <time>2026-08-05T21:19:02.000Z</time>
        <extensions>
          <ns3:TrackPointExtension>
            <ns3:atemp>32.0</ns3:atemp>
            <ns3:hr>160</ns3:hr>
            <ns3:cad>92</ns3:cad>
          </ns3:TrackPointExtension>
        </extensions>
      </trkpt>
      <trkpt lat="34.69944524578750133514404296875" lon="135.2239937894046306610107421875">
        <ele>9.80000019073486328125</ele>
        <time>2026-08-05T21:19:03.000Z</time>
        <extensions>
          <ns3:TrackPointExtension>
            <ns3:atemp>32.0</ns3:atemp>
            <ns3:hr>160</ns3:hr>
            <ns3:cad>94</ns3:cad>
          </ns3:TrackPointExtension>
        </extensions>
      </trkpt>
      <trkpt lat="34.69944189302623271942138671875" lon="135.22395598702132701873779296875">
        <ele>9.80000019073486328125</ele>
        <time>2026-08-05T21:19:04.000Z</time>
        <extensions>
          <ns3:TrackPointExtension>
            <ns3:atemp>32.0</ns3:atemp>
            <ns3:hr>160</ns3:hr>
            <ns3:cad>94</ns3:cad>
          </ns3:TrackPointExtension>
        </extensions>
      </trkpt>
      <trkpt lat="34.6994364447891712188720703125" lon="135.223915167152881622314453125">
        <ele>9.80000019073486328125</ele>
        <time>2026-08-05T21:19:05.000Z</time>
        <extensions>
          <ns3:TrackPointExtension>
            <ns3:atemp>31.0</ns3:atemp>
            <ns3:hr>160</ns3:hr>
            <ns3:cad>94</ns3:cad>
          </ns3:TrackPointExtension>
        </extensions>
      </trkpt>
      <trkpt lat="34.6994304098188877105712890625" lon="135.22387929260730743408203125">
        <ele>9.80000019073486328125</ele>
        <time>2026-08-05T21:19:06.000Z</time>
        <extensions>
          <ns3:TrackPointExtension>
            <ns3:atemp>31.0</ns3:atemp>
            <ns3:hr>160</ns3:hr>
            <ns3:cad>94</ns3:cad>
          </ns3:TrackPointExtension>
        </extensions>
      </trkpt>
      <trkpt lat="34.69942445866763591766357421875" lon="135.2238398976624011993408203125">
        <ele>9.80000019073486328125</ele>
        <time>2026-08-05T21:19:07.000Z</time>
        <extensions>
          <ns3:TrackPointExtension>
            <ns3:atemp>31.0</ns3:atemp>
            <ns3:hr>160</ns3:hr>
            <ns3:cad>94</ns3:cad>
          </ns3:TrackPointExtension>
        </extensions>
      </trkpt>
      <trkpt lat="34.69941557385027408599853515625" lon="135.22380393929779529571533203125">
        <ele>9.80000019073486328125</ele>
        <time>2026-08-05T21:19:08.000Z</time>
        <extensions>
          <ns3:TrackPointExtension>
            <ns3:atemp>31.0</ns3:atemp>
            <ns3:hr>161</ns3:hr>
            <ns3:cad>95</ns3:cad>
          </ns3:TrackPointExtension>
        </extensions>
      </trkpt>
      <trkpt lat="34.6994106285274028778076171875" lon="135.223765634000301361083984375">
        <ele>9.80000019073486328125</ele>
        <time>2026-08-05T21:19:09.000Z</time>
        <extensions>
          <ns3:TrackPointExtension>
            <ns3:atemp>31.0</ns3:atemp>
            <ns3:hr>161</ns3:hr>
            <ns3:cad>95</ns3:cad>
          </ns3:TrackPointExtension>
        </extensions>
      </trkpt>
      <trkpt lat="34.69940300099551677703857421875" lon="135.2237299270927906036376953125">
        <ele>9.80000019073486328125</ele>
        <time>2026-08-05T21:19:10.000Z</time>
        <extensions>
          <ns3:TrackPointExtension>
            <ns3:atemp>31.0</ns3:atemp>
            <ns3:hr>161</ns3:hr>
            <ns3:cad>95</ns3:cad>
          </ns3:TrackPointExtension>
        </extensions>
      </trkpt>
      <trkpt lat="34.6993955411016941070556640625" lon="135.2236943878233432769775390625">
        <ele>9.80000019073486328125</ele>
        <time>2026-08-05T21:19:11.000Z</time>
        <extensions>
          <ns3:TrackPointExtension>
            <ns3:atemp>32.0</ns3:atemp>
            <ns3:hr>162</ns3:hr>
            <ns3:cad>94</ns3:cad>
          </ns3:TrackPointExtension>
        </extensions>
      </trkpt>
      <trkpt lat="34.6993906795978546142578125" lon="135.22365591488778591156005859375">
        <ele>9.80000019073486328125</ele>
        <time>2026-08-05T21:19:12.000Z</time>
        <extensions>
          <ns3:TrackPointExtension>
            <ns3:atemp>32.0</ns3:atemp>
            <ns3:hr>162</ns3:hr>
            <ns3:cad>94</ns3:cad>
          </ns3:TrackPointExtension>
        </extensions>
      </trkpt>
      <trkpt lat="34.6993858180940151214599609375" lon="135.22361903451383113861083984375">
        <ele>10</ele>
        <time>2026-08-05T21:19:13.000Z</time>
        <extensions>
          <ns3:TrackPointExtension>
            <ns3:atemp>31.0</ns3:atemp>
            <ns3:hr>162</ns3:hr>
            <ns3:cad>94</ns3:cad>
          </ns3:TrackPointExtension>
        </extensions>
      </trkpt>
      <trkpt lat="34.69937986694276332855224609375" lon="135.2235790528357028961181640625">
        <ele>10</ele>
        <time>2026-08-05T21:19:14.000Z</time>
        <extensions>
          <ns3:TrackPointExtension>
            <ns3:atemp>31.0</ns3:atemp>
            <ns3:hr>162</ns3:hr>
            <ns3:cad>94</ns3:cad>
          </ns3:TrackPointExtension>
        </extensions>
      </trkpt>
      <trkpt lat="34.69937391579151153564453125" lon="135.22354267537593841552734375">
        <ele>10.19999980926513671875</ele>
        <time>2026-08-05T21:19:15.000Z</time>
        <extensions>
          <ns3:TrackPointExtension>
            <ns3:atemp>31.0</ns3:atemp>
            <ns3:hr>162</ns3:hr>
            <ns3:cad>94</ns3:cad>
          </ns3:TrackPointExtension>
        </extensions>
      </trkpt>
      <trkpt lat="34.69936829991638660430908203125" lon="135.22350152023136615753173828125">
        <ele>10.19999980926513671875</ele>
        <time>2026-08-05T21:19:16.000Z</time>
        <extensions>
          <ns3:TrackPointExtension>
            <ns3:atemp>32.0</ns3:atemp>
            <ns3:hr>162</ns3:hr>
            <ns3:cad>94</ns3:cad>
          </ns3:TrackPointExtension>
        </extensions>
      </trkpt>
      <trkpt lat="34.69936184585094451904296875" lon="135.22346128709614276885986328125">
        <ele>10.19999980926513671875</ele>
        <time>2026-08-05T21:19:17.000Z</time>
        <extensions>
          <ns3:TrackPointExtension>
            <ns3:atemp>32.0</ns3:atemp>
            <ns3:hr>162</ns3:hr>
            <ns3:cad>94</ns3:cad>
          </ns3:TrackPointExtension>
        </extensions>
      </trkpt>
      <trkpt lat="34.69935455359518527984619140625" lon="135.22342205978929996490478515625">
        <ele>10.19999980926513671875</ele>
        <time>2026-08-05T21:19:18.000Z</time>
        <extensions>
          <ns3:TrackPointExtension>
            <ns3:atemp>32.0</ns3:atemp>
            <ns3:hr>162</ns3:hr>
            <ns3:cad>95</ns3:cad>
          </ns3:TrackPointExtension>
        </extensions>
      </trkpt>
      <trkpt lat="34.69934835098683834075927734375" lon="135.22338015027344226837158203125">
        <ele>10.19999980926513671875</ele>
        <time>2026-08-05T21:19:19.000Z</time>
        <extensions>
          <ns3:TrackPointExtension>
            <ns3:atemp>32.0</ns3:atemp>
            <ns3:hr>162</ns3:hr>
            <ns3:cad>94</ns3:cad>
          </ns3:TrackPointExtension>
        </extensions>
      </trkpt>
      <trkpt lat="34.6993423998355865478515625" lon="135.223338492214679718017578125">
        <ele>10.3999996185302734375</ele>
        <time>2026-08-05T21:19:20.000Z</time>
        <extensions>
          <ns3:TrackPointExtension>
            <ns3:atemp>32.0</ns3:atemp>
            <ns3:hr>162</ns3:hr>
            <ns3:cad>95</ns3:cad>
          </ns3:TrackPointExtension>
        </extensions>
      </trkpt>
      <trkpt lat="34.6993372030556201934814453125" lon="135.2233006060123443603515625">
        <ele>10.3999996185302734375</ele>
        <time>2026-08-05T21:19:21.000Z</time>
        <extensions>
          <ns3:TrackPointExtension>
            <ns3:atemp>32.0</ns3:atemp>
            <ns3:hr>162</ns3:hr>
            <ns3:cad>95</ns3:cad>
          </ns3:TrackPointExtension>
        </extensions>
      </trkpt>
      <trkpt lat="34.69932672567665576934814453125" lon="135.22326213307678699493408203125">
        <ele>10.6000003814697265625</ele>
        <time>2026-08-05T21:19:22.000Z</time>
        <extensions>
          <ns3:TrackPointExtension>
            <ns3:atemp>32.0</ns3:atemp>
            <ns3:hr>162</ns3:hr>
            <ns3:cad>95</ns3:cad>
          </ns3:TrackPointExtension>
        </extensions>
      </trkpt>
      <trkpt lat="34.69931767322123050689697265625" lon="135.2232255041599273681640625">
        <ele>10.6000003814697265625</ele>
        <time>2026-08-05T21:19:23.000Z</time>
        <extensions>
          <ns3:TrackPointExtension>
            <ns3:atemp>32.0</ns3:atemp>
            <ns3:hr>163</ns3:hr>
            <ns3:cad>95</ns3:cad>
          </ns3:TrackPointExtension>
        </extensions>
      </trkpt>
      <trkpt lat="34.69930945895612239837646484375" lon="135.2231817506253719329833984375">
        <ele>10.3999996185302734375</ele>
        <time>2026-08-05T21:19:24.000Z</time>
        <extensions>
          <ns3:TrackPointExtension>
            <ns3:atemp>32.0</ns3:atemp>
            <ns3:hr>162</ns3:hr>
            <ns3:cad>94</ns3:cad>
          </ns3:TrackPointExtension>
        </extensions>
      </trkpt>
      <trkpt lat="34.6993043459951877593994140625" lon="135.22314436733722686767578125">
        <ele>10.3999996185302734375</ele>
        <time>2026-08-05T21:19:25.000Z</time>
        <extensions>
          <ns3:TrackPointExtension>
            <ns3:atemp>32.0</ns3:atemp>
            <ns3:hr>162</ns3:hr>
            <ns3:cad>94</ns3:cad>
          </ns3:TrackPointExtension>
        </extensions>
      </trkpt>
      <trkpt lat="34.6992981433868408203125" lon="135.2231021225452423095703125">
        <ele>10.3999996185302734375</ele>
        <time>2026-08-05T21:19:26.000Z</time>
        <extensions>
          <ns3:TrackPointExtension>
            <ns3:atemp>32.0</ns3:atemp>
            <ns3:hr>162</ns3:hr>
            <ns3:cad>94</ns3:cad>
          </ns3:TrackPointExtension>
        </extensions>
      </trkpt>
      <trkpt lat="34.699291102588176727294921875" lon="135.22306390106678009033203125">
        <ele>10.19999980926513671875</ele>
        <time>2026-08-05T21:19:27.000Z</time>
        <extensions>
          <ns3:TrackPointExtension>
            <ns3:atemp>32.0</ns3:atemp>
            <ns3:hr>163</ns3:hr>
            <ns3:cad>94</ns3:cad>
          </ns3:TrackPointExtension>
        </extensions>
      </trkpt>
      <trkpt lat="34.69928582198917865753173828125" lon="135.2230238355696201324462890625">
        <ele>10.3999996185302734375</ele>
        <time>2026-08-05T21:19:28.000Z</time>
        <extensions>
          <ns3:TrackPointExtension>
            <ns3:atemp>32.0</ns3:atemp>
            <ns3:hr>162</ns3:hr>
            <ns3:cad>95</ns3:cad>
          </ns3:TrackPointExtension>
        </extensions>
      </trkpt>
      <trkpt lat="34.69928062520921230316162109375" lon="135.22298720665276050567626953125">
        <ele>10.3999996185302734375</ele>
        <time>2026-08-05T21:19:29.000Z</time>
        <extensions>
          <ns3:TrackPointExtension>
            <ns3:atemp>32.0</ns3:atemp>
            <ns3:hr>162</ns3:hr>
            <ns3:cad>95</ns3:cad>
          </ns3:TrackPointExtension>
        </extensions>
      </trkpt>
      <trkpt lat="34.699277020990848541259765625" lon="135.2229470573365688323974609375">
        <ele>10.6000003814697265625</ele>
        <time>2026-08-05T21:19:30.000Z</time>
        <extensions>
          <ns3:TrackPointExtension>
            <ns3:atemp>32.0</ns3:atemp>
            <ns3:hr>163</ns3:hr>
            <ns3:cad>95</ns3:cad>
          </ns3:TrackPointExtension>
        </extensions>
      </trkpt>
      <trkpt lat="34.699266962707042694091796875" lon="135.22290967404842376708984375">
        <ele>10.6000003814697265625</ele>
        <time>2026-08-05T21:19:31.000Z</time>
        <extensions>
          <ns3:TrackPointExtension>
            <ns3:atemp>32.0</ns3:atemp>
            <ns3:hr>163</ns3:hr>
            <ns3:cad>94</ns3:cad>
          </ns3:TrackPointExtension>
        </extensions>
      </trkpt>
      <trkpt lat="34.69926017336547374725341796875" lon="135.22286918945610523223876953125">
        <ele>10.6000003814697265625</ele>
        <time>2026-08-05T21:19:32.000Z</time>
        <extensions>
          <ns3:TrackPointExtension>
            <ns3:atemp>32.0</ns3:atemp>
            <ns3:hr>163</ns3:hr>
            <ns3:cad>94</ns3:cad>
          </ns3:TrackPointExtension>
        </extensions>
      </trkpt>
      <trkpt lat="34.6992540545761585235595703125" lon="135.22282677702605724334716796875">
        <ele>10.6000003814697265625</ele>
        <time>2026-08-05T21:19:33.000Z</time>
        <extensions>
          <ns3:TrackPointExtension>
            <ns3:atemp>32.0</ns3:atemp>
            <ns3:hr>162</ns3:hr>
            <ns3:cad>94</ns3:cad>
          </ns3:TrackPointExtension>
        </extensions>
      </trkpt>
      <trkpt lat="34.6992476843297481536865234375" lon="135.22278872318565845489501953125">
        <ele>10.6000003814697265625</ele>
        <time>2026-08-05T21:19:34.000Z</time>
        <extensions>
          <ns3:TrackPointExtension>
            <ns3:atemp>32.0</ns3:atemp>
            <ns3:hr>163</ns3:hr>
            <ns3:cad>94</ns3:cad>
          </ns3:TrackPointExtension>
        </extensions>
      </trkpt>
      <trkpt lat="34.69924516975879669189453125" lon="135.2227458916604518890380859375">
        <ele>10.6000003814697265625</ele>
        <time>2026-08-05T21:19:35.000Z</time>
        <extensions>
          <ns3:TrackPointExtension>
            <ns3:atemp>32.0</ns3:atemp>
            <ns3:hr>163</ns3:hr>
            <ns3:cad>96</ns3:cad>
          </ns3:TrackPointExtension>
        </extensions>
      </trkpt>
      <trkpt lat="34.6992386318743228912353515625" lon="135.22270624525845050811767578125">
        <ele>10.6000003814697265625</ele>
        <time>2026-08-05T21:19:36.000Z</time>
        <extensions>
          <ns3:TrackPointExtension>
            <ns3:atemp>32.0</ns3:atemp>
            <ns3:hr>164</ns3:hr>
            <ns3:cad>96</ns3:cad>
          </ns3:TrackPointExtension>
        </extensions>
      </trkpt>
      <trkpt lat="34.699234105646610260009765625" lon="135.22266584448516368865966796875">
        <ele>10.6000003814697265625</ele>
        <time>2026-08-05T21:19:37.000Z</time>
        <extensions>
          <ns3:TrackPointExtension>
            <ns3:atemp>32.0</ns3:atemp>
            <ns3:hr>164</ns3:hr>
            <ns3:cad>96</ns3:cad>
          </ns3:TrackPointExtension>
        </extensions>
      </trkpt>
      <trkpt lat="34.699226729571819305419921875" lon="135.22262343205511569976806640625">
        <ele>10.6000003814697265625</ele>
        <time>2026-08-05T21:19:38.000Z</time>
        <extensions>
          <ns3:TrackPointExtension>
            <ns3:atemp>32.0</ns3:atemp>
            <ns3:hr>164</ns3:hr>
            <ns3:cad>96</ns3:cad>
          </ns3:TrackPointExtension>
        </extensions>
      </trkpt>
      <trkpt lat="34.69921826384961605072021484375" lon="135.222586132586002349853515625">
        <ele>10.3999996185302734375</ele>
        <time>2026-08-05T21:19:39.000Z</time>
        <extensions>
          <ns3:TrackPointExtension>
            <ns3:atemp>32.0</ns3:atemp>
            <ns3:hr>164</ns3:hr>
            <ns3:cad>95</ns3:cad>
          </ns3:TrackPointExtension>
        </extensions>
      </trkpt>
      <trkpt lat="34.699211306869983673095703125" lon="135.2225477434694766998291015625">
        <ele>10.19999980926513671875</ele>
        <time>2026-08-05T21:19:40.000Z</time>
        <extensions>
          <ns3:TrackPointExtension>
            <ns3:atemp>32.0</ns3:atemp>
            <ns3:hr>164</ns3:hr>
            <ns3:cad>95</ns3:cad>
          </ns3:TrackPointExtension>
        </extensions>
      </trkpt>
      <trkpt lat="34.699204266071319580078125" lon="135.22250868380069732666015625">
        <ele>10</ele>
        <time>2026-08-05T21:19:41.000Z</time>
        <extensions>
          <ns3:TrackPointExtension>
            <ns3:atemp>32.0</ns3:atemp>
            <ns3:hr>165</ns3:hr>
            <ns3:cad>95</ns3:cad>
          </ns3:TrackPointExtension>
        </extensions>
      </trkpt>
      <trkpt lat="34.699197895824909210205078125" lon="135.22246778011322021484375">
        <ele>9.80000019073486328125</ele>
        <time>2026-08-05T21:19:42.000Z</time>
        <extensions>
          <ns3:TrackPointExtension>
            <ns3:atemp>32.0</ns3:atemp>
            <ns3:hr>164</ns3:hr>
            <ns3:cad>95</ns3:cad>
          </ns3:TrackPointExtension>
        </extensions>
      </trkpt>
      <trkpt lat="34.69918959774076938629150390625" lon="135.2224270440638065338134765625">
        <ele>9.6000003814697265625</ele>
        <time>2026-08-05T21:19:43.000Z</time>
        <extensions>
          <ns3:TrackPointExtension>
            <ns3:atemp>32.0</ns3:atemp>
            <ns3:hr>164</ns3:hr>
            <ns3:cad>95</ns3:cad>
          </ns3:TrackPointExtension>
        </extensions>
      </trkpt>
      <trkpt lat="34.69918272458016872406005859375" lon="135.22238823585212230682373046875">
        <ele>9.6000003814697265625</ele>
        <time>2026-08-05T21:19:44.000Z</time>
        <extensions>
          <ns3:TrackPointExtension>
            <ns3:atemp>32.0</ns3:atemp>
            <ns3:hr>164</ns3:hr>
            <ns3:cad>95</ns3:cad>
          </ns3:TrackPointExtension>
        </extensions>
      </trkpt>
      <trkpt lat="34.69917367212474346160888671875" lon="135.22234548814594745635986328125">
        <ele>9.6000003814697265625</ele>
        <time>2026-08-05T21:19:45.000Z</time>
        <extensions>
          <ns3:TrackPointExtension>
            <ns3:atemp>32.0</ns3:atemp>
            <ns3:hr>165</ns3:hr>
            <ns3:cad>95</ns3:cad>
          </ns3:TrackPointExtension>
        </extensions>
      </trkpt>
      <trkpt lat="34.69916378147900104522705078125" lon="135.22230760194361209869384765625">
        <ele>9.6000003814697265625</ele>
        <time>2026-08-05T21:19:46.000Z</time>
        <extensions>
          <ns3:TrackPointExtension>
            <ns3:atemp>32.0</ns3:atemp>
            <ns3:hr>164</ns3:hr>
            <ns3:cad>94</ns3:cad>
          </ns3:TrackPointExtension>
        </extensions>
      </trkpt>
      <trkpt lat="34.69915531575679779052734375" lon="135.22226770408451557159423828125">
        <ele>9.80000019073486328125</ele>
        <time>2026-08-05T21:19:47.000Z</time>
        <extensions>
          <ns3:TrackPointExtension>
            <ns3:atemp>32.0</ns3:atemp>
            <ns3:hr>164</ns3:hr>
            <ns3:cad>94</ns3:cad>
          </ns3:TrackPointExtension>
        </extensions>
      </trkpt>
      <trkpt lat="34.69914617948234081268310546875" lon="135.2222325839102268218994140625">
        <ele>9.80000019073486328125</ele>
        <time>2026-08-05T21:19:48.000Z</time>
        <extensions>
          <ns3:TrackPointExtension>
            <ns3:atemp>32.0</ns3:atemp>
            <ns3:hr>164</ns3:hr>
            <ns3:cad>94</ns3:cad>
          </ns3:TrackPointExtension>
        </extensions>
      </trkpt>
      <trkpt lat="34.69913478009402751922607421875" lon="135.22219629026949405670166015625">
        <ele>9.80000019073486328125</ele>
        <time>2026-08-05T21:19:49.000Z</time>
        <extensions>
          <ns3:TrackPointExtension>
            <ns3:atemp>32.0</ns3:atemp>
            <ns3:hr>164</ns3:hr>
            <ns3:cad>94</ns3:cad>
          </ns3:TrackPointExtension>
        </extensions>
      </trkpt>
      <trkpt lat="34.69912556000053882598876953125" lon="135.2221574820578098297119140625">
        <ele>9.80000019073486328125</ele>
        <time>2026-08-05T21:19:50.000Z</time>
        <extensions>
          <ns3:TrackPointExtension>
            <ns3:atemp>32.0</ns3:atemp>
            <ns3:hr>164</ns3:hr>
            <ns3:cad>93</ns3:cad>
          </ns3:TrackPointExtension>
        </extensions>
      </trkpt>
      <trkpt lat="34.69911701045930385589599609375" lon="135.222120769321918487548828125">
        <ele>9.80000019073486328125</ele>
        <time>2026-08-05T21:19:51.000Z</time>
        <extensions>
          <ns3:TrackPointExtension>
            <ns3:atemp>32.0</ns3:atemp>
            <ns3:hr>164</ns3:hr>
            <ns3:cad>93</ns3:cad>
          </ns3:TrackPointExtension>
        </extensions>
      </trkpt>
      <trkpt lat="34.6991105563938617706298828125" lon="135.22207978181540966033935546875">
        <ele>9.6000003814697265625</ele>
        <time>2026-08-05T21:19:52.000Z</time>
        <extensions>
          <ns3:TrackPointExtension>
            <ns3:atemp>32.0</ns3:atemp>
            <ns3:hr>164</ns3:hr>
            <ns3:cad>95</ns3:cad>
          </ns3:TrackPointExtension>
        </extensions>
      </trkpt>
      <trkpt lat="34.699102342128753662109375" lon="135.22203871048986911773681640625">
        <ele>9.80000019073486328125</ele>
        <time>2026-08-05T21:19:53.000Z</time>
        <extensions>
          <ns3:TrackPointExtension>
            <ns3:atemp>32.0</ns3:atemp>
            <ns3:hr>165</ns3:hr>
            <ns3:cad>95</ns3:cad>
          </ns3:TrackPointExtension>
        </extensions>
      </trkpt>
      <trkpt lat="34.69909605570137500762939453125" lon="135.22199445404112339019775390625">
        <ele>9.80000019073486328125</ele>
        <time>2026-08-05T21:19:54.000Z</time>
        <extensions>
          <ns3:TrackPointExtension>
            <ns3:atemp>32.0</ns3:atemp>
            <ns3:hr>164</ns3:hr>
            <ns3:cad>95</ns3:cad>
          </ns3:TrackPointExtension>
        </extensions>
      </trkpt>
      <trkpt lat="34.6990904398262500762939453125" lon="135.22195438854396343231201171875">
        <ele>9.6000003814697265625</ele>
        <time>2026-08-05T21:19:55.000Z</time>
        <extensions>
          <ns3:TrackPointExtension>
            <ns3:atemp>32.0</ns3:atemp>
            <ns3:hr>164</ns3:hr>
            <ns3:cad>94</ns3:cad>
          </ns3:TrackPointExtension>
        </extensions>
      </trkpt>
      <trkpt lat="34.69908633269369602203369140625" lon="135.22191231139004230499267578125">
        <ele>9.6000003814697265625</ele>
        <time>2026-08-05T21:19:56.000Z</time>
        <extensions>
          <ns3:TrackPointExtension>
            <ns3:atemp>32.0</ns3:atemp>
            <ns3:hr>164</ns3:hr>
            <ns3:cad>94</ns3:cad>
          </ns3:TrackPointExtension>
        </extensions>
      </trkpt>
      <trkpt lat="34.69908063299953937530517578125" lon="135.2218728326261043548583984375">
        <ele>9.6000003814697265625</ele>
        <time>2026-08-05T21:19:57.000Z</time>
        <extensions>
          <ns3:TrackPointExtension>
            <ns3:atemp>32.0</ns3:atemp>
            <ns3:hr>164</ns3:hr>
            <ns3:cad>94</ns3:cad>
          </ns3:TrackPointExtension>
        </extensions>
      </trkpt>
      <trkpt lat="34.6990723349153995513916015625" lon="135.22183955647051334381103515625">
        <ele>9.6000003814697265625</ele>
        <time>2026-08-05T21:19:58.000Z</time>
        <extensions>
          <ns3:TrackPointExtension>
            <ns3:atemp>32.0</ns3:atemp>
            <ns3:hr>164</ns3:hr>
            <ns3:cad>94</ns3:cad>
          </ns3:TrackPointExtension>
        </extensions>
      </trkpt>
      <trkpt lat="34.69906554557383060455322265625" lon="135.221800915896892547607421875">
        <ele>9.6000003814697265625</ele>
        <time>2026-08-05T21:19:59.000Z</time>
        <extensions>
          <ns3:TrackPointExtension>
            <ns3:atemp>32.0</ns3:atemp>
            <ns3:hr>164</ns3:hr>
            <ns3:cad>95</ns3:cad>
          </ns3:TrackPointExtension>
        </extensions>
      </trkpt>
      <trkpt lat="34.69906152226030826568603515625" lon="135.221761353313922882080078125">
        <ele>9.3999996185302734375</ele>
        <time>2026-08-05T21:20:00.000Z</time>
        <extensions>
          <ns3:TrackPointExtension>
            <ns3:atemp>32.0</ns3:atemp>
            <ns3:hr>164</ns3:hr>
            <ns3:cad>95</ns3:cad>
          </ns3:TrackPointExtension>
        </extensions>
      </trkpt>
      <trkpt lat="34.69906085170805454254150390625" lon="135.221715755760669708251953125">
        <ele>9.3999996185302734375</ele>
        <time>2026-08-05T21:20:01.000Z</time>
        <extensions>
          <ns3:TrackPointExtension>
            <ns3:atemp>32.0</ns3:atemp>
            <ns3:hr>164</ns3:hr>
            <ns3:cad>95</ns3:cad>
          </ns3:TrackPointExtension>
        </extensions>
      </trkpt>
      <trkpt lat="34.69906101934611797332763671875" lon="135.221678204834461212158203125">
        <ele>9.3999996185302734375</ele>
        <time>2026-08-05T21:20:02.000Z</time>
        <extensions>
          <ns3:TrackPointExtension>
            <ns3:atemp>32.0</ns3:atemp>
            <ns3:hr>164</ns3:hr>
            <ns3:cad>95</ns3:cad>
          </ns3:TrackPointExtension>
        </extensions>
      </trkpt>
      <trkpt lat="34.69906470738351345062255859375" lon="135.2216384746134281158447265625">
        <ele>9.6000003814697265625</ele>
        <time>2026-08-05T21:20:03.000Z</time>
        <extensions>
          <ns3:TrackPointExtension>
            <ns3:atemp>32.0</ns3:atemp>
            <ns3:hr>165</ns3:hr>
            <ns3:cad>95</ns3:cad>
          </ns3:TrackPointExtension>
        </extensions>
      </trkpt>
      <trkpt lat="34.6990696527063846588134765625" lon="135.2216027677059173583984375">
        <ele>9.6000003814697265625</ele>
        <time>2026-08-05T21:20:04.000Z</time>
        <extensions>
          <ns3:TrackPointExtension>
            <ns3:atemp>32.0</ns3:atemp>
            <ns3:hr>164</ns3:hr>
            <ns3:cad>95</ns3:cad>
          </ns3:TrackPointExtension>
        </extensions>
      </trkpt>
      <trkpt lat="34.69907350838184356689453125" lon="135.22156463004648685455322265625">
        <ele>9.6000003814697265625</ele>
        <time>2026-08-05T21:20:05.000Z</time>
        <extensions>
          <ns3:TrackPointExtension>
            <ns3:atemp>32.0</ns3:atemp>
            <ns3:hr>164</ns3:hr>
            <ns3:cad>95</ns3:cad>
          </ns3:TrackPointExtension>
        </extensions>
      </trkpt>
      <trkpt lat="34.6990763582289218902587890625" lon="135.22152297198772430419921875">
        <ele>9.6000003814697265625</ele>
        <time>2026-08-05T21:20:06.000Z</time>
        <extensions>
          <ns3:TrackPointExtension>
            <ns3:atemp>32.0</ns3:atemp>
            <ns3:hr>164</ns3:hr>
            <ns3:cad>94</ns3:cad>
          </ns3:TrackPointExtension>
        </extensions>
      </trkpt>
      <trkpt lat="34.699075855314731597900390625" lon="135.2214815653860569000244140625">
        <ele>9.80000019073486328125</ele>
        <time>2026-08-05T21:20:07.000Z</time>
        <extensions>
          <ns3:TrackPointExtension>
            <ns3:atemp>32.0</ns3:atemp>
            <ns3:hr>165</ns3:hr>
            <ns3:cad>93</ns3:cad>
          </ns3:TrackPointExtension>
        </extensions>
      </trkpt>
      <trkpt lat="34.69907795079052448272705078125" lon="135.22144275717437267303466796875">
        <ele>9.80000019073486328125</ele>
        <time>2026-08-05T21:20:08.000Z</time>
        <extensions>
          <ns3:TrackPointExtension>
            <ns3:atemp>32.0</ns3:atemp>
            <ns3:hr>164</ns3:hr>
            <ns3:cad>93</ns3:cad>
          </ns3:TrackPointExtension>
        </extensions>
      </trkpt>
      <trkpt lat="34.6990783698856830596923828125" lon="135.2214042842388153076171875">
        <ele>9.80000019073486328125</ele>
        <time>2026-08-05T21:20:09.000Z</time>
        <extensions>
          <ns3:TrackPointExtension>
            <ns3:atemp>32.0</ns3:atemp>
            <ns3:hr>165</ns3:hr>
            <ns3:cad>93</ns3:cad>
          </ns3:TrackPointExtension>
        </extensions>
      </trkpt>
      <trkpt lat="34.69908147118985652923583984375" lon="135.2213689126074314117431640625">
        <ele>10</ele>
        <time>2026-08-05T21:20:10.000Z</time>
        <extensions>
          <ns3:TrackPointExtension>
            <ns3:atemp>32.0</ns3:atemp>
            <ns3:hr>165</ns3:hr>
            <ns3:cad>93</ns3:cad>
          </ns3:TrackPointExtension>
        </extensions>
      </trkpt>
      <trkpt lat="34.69908893108367919921875" lon="135.22132826037704944610595703125">
        <ele>10</ele>
        <time>2026-08-05T21:20:11.000Z</time>
        <extensions>
          <ns3:TrackPointExtension>
            <ns3:atemp>32.0</ns3:atemp>
            <ns3:hr>165</ns3:hr>
            <ns3:cad>93</ns3:cad>
          </ns3:TrackPointExtension>
        </extensions>
      </trkpt>
      <trkpt lat="34.69909789972007274627685546875" lon="135.22128735668957233428955078125">
        <ele>9.80000019073486328125</ele>
        <time>2026-08-05T21:20:12.000Z</time>
        <extensions>
          <ns3:TrackPointExtension>
            <ns3:atemp>32.0</ns3:atemp>
            <ns3:hr>165</ns3:hr>
            <ns3:cad>93</ns3:cad>
          </ns3:TrackPointExtension>
        </extensions>
      </trkpt>
      <trkpt lat="34.69910711981356143951416015625" lon="135.22125064395368099212646484375">
        <ele>9.80000019073486328125</ele>
        <time>2026-08-05T21:20:13.000Z</time>
        <extensions>
          <ns3:TrackPointExtension>
            <ns3:atemp>32.0</ns3:atemp>
            <ns3:hr>166</ns3:hr>
            <ns3:cad>93</ns3:cad>
          </ns3:TrackPointExtension>
        </extensions>
      </trkpt>
      <trkpt lat="34.69911784864962100982666015625" lon="135.22121451795101165771484375">
        <ele>9.80000019073486328125</ele>
        <time>2026-08-05T21:20:14.000Z</time>
        <extensions>
          <ns3:TrackPointExtension>
            <ns3:atemp>32.0</ns3:atemp>
            <ns3:hr>166</ns3:hr>
            <ns3:cad>93</ns3:cad>
          </ns3:TrackPointExtension>
        </extensions>
      </trkpt>
      <trkpt lat="34.6991305053234100341796875" lon="135.221180655062198638916015625">
        <ele>9.80000019073486328125</ele>
        <time>2026-08-05T21:20:15.000Z</time>
        <extensions>
          <ns3:TrackPointExtension>
            <ns3:atemp>32.0</ns3:atemp>
            <ns3:hr>166</ns3:hr>
            <ns3:cad>94</ns3:cad>
          </ns3:TrackPointExtension>
        </extensions>
      </trkpt>
      <trkpt lat="34.69914014451205730438232421875" lon="135.22114670835435390472412109375">
        <ele>9.80000019073486328125</ele>
        <time>2026-08-05T21:20:16.000Z</time>
        <extensions>
          <ns3:TrackPointExtension>
            <ns3:atemp>32.0</ns3:atemp>
            <ns3:hr>166</ns3:hr>
            <ns3:cad>94</ns3:cad>
          </ns3:TrackPointExtension>
        </extensions>
      </trkpt>
      <trkpt lat="34.69915204681456089019775390625" lon="135.2211094088852405548095703125">
        <ele>9.80000019073486328125</ele>
        <time>2026-08-05T21:20:17.000Z</time>
        <extensions>
          <ns3:TrackPointExtension>
            <ns3:atemp>32.0</ns3:atemp>
            <ns3:hr>166</ns3:hr>
            <ns3:cad>93</ns3:cad>
          </ns3:TrackPointExtension>
        </extensions>
      </trkpt>
      <trkpt lat="34.6991615183651447296142578125" lon="135.22107328288257122039794921875">
        <ele>9.80000019073486328125</ele>
        <time>2026-08-05T21:20:18.000Z</time>
        <extensions>
          <ns3:TrackPointExtension>
            <ns3:atemp>32.0</ns3:atemp>
            <ns3:hr>166</ns3:hr>
            <ns3:cad>93</ns3:cad>
          </ns3:TrackPointExtension>
        </extensions>
      </trkpt>
      <trkpt lat="34.6991729177534580230712890625" lon="135.2210346423089504241943359375">
        <ele>10</ele>
        <time>2026-08-05T21:20:19.000Z</time>
        <extensions>
          <ns3:TrackPointExtension>
            <ns3:atemp>32.0</ns3:atemp>
            <ns3:hr>166</ns3:hr>
            <ns3:cad>93</ns3:cad>
          </ns3:TrackPointExtension>
        </extensions>
      </trkpt>
      <trkpt lat="34.6991957165300846099853515625" lon="135.22095895372331142425537109375">
        <ele>10.19999980926513671875</ele>
        <time>2026-08-05T21:20:20.000Z</time>
        <extensions>
          <ns3:TrackPointExtension>
            <ns3:atemp>32.0</ns3:atemp>
            <ns3:hr>166</ns3:hr>
            <ns3:cad>93</ns3:cad>
          </ns3:TrackPointExtension>
        </extensions>
      </trkpt>
      <trkpt lat="34.6991957165300846099853515625" lon="135.22095895372331142425537109375">
        <ele>10.19999980926513671875</ele>
        <time>2026-08-05T21:20:21.000Z</time>
        <extensions>
          <ns3:TrackPointExtension>
            <ns3:atemp>32.0</ns3:atemp>
            <ns3:hr>166</ns3:hr>
            <ns3:cad>93</ns3:cad>
          </ns3:TrackPointExtension>
        </extensions>
      </trkpt>
      <trkpt lat="34.69920627772808074951171875" lon="135.22091939114034175872802734375">
        <ele>10.3999996185302734375</ele>
        <time>2026-08-05T21:20:22.000Z</time>
        <extensions>
          <ns3:TrackPointExtension>
            <ns3:atemp>32.0</ns3:atemp>
            <ns3:hr>166</ns3:hr>
            <ns3:cad>93</ns3:cad>
          </ns3:TrackPointExtension>
        </extensions>
      </trkpt>
      <trkpt lat="34.69921524636447429656982421875" lon="135.22088192403316497802734375">
        <ele>10.3999996185302734375</ele>
        <time>2026-08-05T21:20:23.000Z</time>
        <extensions>
          <ns3:TrackPointExtension>
            <ns3:atemp>32.0</ns3:atemp>
            <ns3:hr>166</ns3:hr>
            <ns3:cad>93</ns3:cad>
          </ns3:TrackPointExtension>
        </extensions>
      </trkpt>
      <trkpt lat="34.69922765158116817474365234375" lon="135.220846720039844512939453125">
        <ele>10.3999996185302734375</ele>
        <time>2026-08-05T21:20:24.000Z</time>
        <extensions>
          <ns3:TrackPointExtension>
            <ns3:atemp>32.0</ns3:atemp>
            <ns3:hr>167</ns3:hr>
            <ns3:cad>94</ns3:cad>
          </ns3:TrackPointExtension>
        </extensions>
      </trkpt>
      <trkpt lat="34.69923301599919795989990234375" lon="135.2208106778562068939208984375">
        <ele>10.19999980926513671875</ele>
        <time>2026-08-05T21:20:25.000Z</time>
        <extensions>
          <ns3:TrackPointExtension>
            <ns3:atemp>32.0</ns3:atemp>
            <ns3:hr>167</ns3:hr>
            <ns3:cad>94</ns3:cad>
          </ns3:TrackPointExtension>
        </extensions>
      </trkpt>
      <trkpt lat="34.6992413140833377838134765625" lon="135.22077036090195178985595703125">
        <ele>10.19999980926513671875</ele>
        <time>2026-08-05T21:20:26.000Z</time>
        <extensions>
          <ns3:TrackPointExtension>
            <ns3:atemp>32.0</ns3:atemp>
            <ns3:hr>167</ns3:hr>
            <ns3:cad>94</ns3:cad>
          </ns3:TrackPointExtension>
        </extensions>
      </trkpt>
      <trkpt lat="34.69925195910036563873291015625" lon="135.2207315526902675628662109375">
        <ele>10</ele>
        <time>2026-08-05T21:20:27.000Z</time>
        <extensions>
          <ns3:TrackPointExtension>
            <ns3:atemp>32.0</ns3:atemp>
            <ns3:hr>168</ns3:hr>
            <ns3:cad>94</ns3:cad>
          </ns3:TrackPointExtension>
        </extensions>
      </trkpt>
      <trkpt lat="34.6992614306509494781494140625" lon="135.2206908166408538818359375">
        <ele>9.80000019073486328125</ele>
        <time>2026-08-05T21:20:28.000Z</time>
        <extensions>
          <ns3:TrackPointExtension>
            <ns3:atemp>32.0</ns3:atemp>
            <ns3:hr>168</ns3:hr>
            <ns3:cad>94</ns3:cad>
          </ns3:TrackPointExtension>
        </extensions>
      </trkpt>
      <trkpt lat="34.699263609945774078369140625" lon="135.2206487394869327545166015625">
        <ele>9.80000019073486328125</ele>
        <time>2026-08-05T21:20:29.000Z</time>
        <extensions>
          <ns3:TrackPointExtension>
            <ns3:atemp>32.0</ns3:atemp>
            <ns3:hr>168</ns3:hr>
            <ns3:cad>94</ns3:cad>
          </ns3:TrackPointExtension>
        </extensions>
      </trkpt>
      <trkpt lat="34.69926168210804462432861328125" lon="135.22060967981815338134765625">
        <ele>9.80000019073486328125</ele>
        <time>2026-08-05T21:20:30.000Z</time>
        <extensions>
          <ns3:TrackPointExtension>
            <ns3:atemp>32.0</ns3:atemp>
            <ns3:hr>168</ns3:hr>
            <ns3:cad>94</ns3:cad>
          </ns3:TrackPointExtension>
        </extensions>
      </trkpt>
      <trkpt lat="34.69925933517515659332275390625" lon="135.220568440854549407958984375">
        <ele>9.80000019073486328125</ele>
        <time>2026-08-05T21:20:31.000Z</time>
        <extensions>
          <ns3:TrackPointExtension>
            <ns3:atemp>32.0</ns3:atemp>
            <ns3:hr>168</ns3:hr>
            <ns3:cad>94</ns3:cad>
          </ns3:TrackPointExtension>
        </extensions>
      </trkpt>
      <trkpt lat="34.69925447367131710052490234375" lon="135.22052829153835773468017578125">
        <ele>9.6000003814697265625</ele>
        <time>2026-08-05T21:20:32.000Z</time>
        <extensions>
          <ns3:TrackPointExtension>
            <ns3:atemp>32.0</ns3:atemp>
            <ns3:hr>168</ns3:hr>
            <ns3:cad>94</ns3:cad>
          </ns3:TrackPointExtension>
        </extensions>
      </trkpt>
      <trkpt lat="34.69924877397716045379638671875" lon="135.220487304031848907470703125">
        <ele>9.6000003814697265625</ele>
        <time>2026-08-05T21:20:33.000Z</time>
        <extensions>
          <ns3:TrackPointExtension>
            <ns3:atemp>32.0</ns3:atemp>
            <ns3:hr>168</ns3:hr>
            <ns3:cad>94</ns3:cad>
          </ns3:TrackPointExtension>
        </extensions>
      </trkpt>
      <trkpt lat="34.6992404758930206298828125" lon="135.22044816054403781890869140625">
        <ele>9.6000003814697265625</ele>
        <time>2026-08-05T21:20:34.000Z</time>
        <extensions>
          <ns3:TrackPointExtension>
            <ns3:atemp>32.0</ns3:atemp>
            <ns3:hr>168</ns3:hr>
            <ns3:cad>94</ns3:cad>
          </ns3:TrackPointExtension>
        </extensions>
      </trkpt>
      <trkpt lat="34.69923402182757854461669921875" lon="135.220410861074924468994140625">
        <ele>9.6000003814697265625</ele>
        <time>2026-08-05T21:20:35.000Z</time>
        <extensions>
          <ns3:TrackPointExtension>
            <ns3:atemp>32.0</ns3:atemp>
            <ns3:hr>168</ns3:hr>
            <ns3:cad>94</ns3:cad>
          </ns3:TrackPointExtension>
        </extensions>
      </trkpt>
      <trkpt lat="34.69922983087599277496337890625" lon="135.22037054412066936492919921875">
        <ele>9.6000003814697265625</ele>
        <time>2026-08-05T21:20:36.000Z</time>
        <extensions>
          <ns3:TrackPointExtension>
            <ns3:atemp>32.0</ns3:atemp>
            <ns3:hr>168</ns3:hr>
            <ns3:cad>95</ns3:cad>
          </ns3:TrackPointExtension>
        </extensions>
      </trkpt>
      <trkpt lat="34.6992235444486141204833984375" lon="135.220331065356731414794921875">
        <ele>9.80000019073486328125</ele>
        <time>2026-08-05T21:20:37.000Z</time>
        <extensions>
          <ns3:TrackPointExtension>
            <ns3:atemp>32.0</ns3:atemp>
            <ns3:hr>168</ns3:hr>
            <ns3:cad>95</ns3:cad>
          </ns3:TrackPointExtension>
        </extensions>
      </trkpt>
      <trkpt lat="34.69921356998383998870849609375" lon="135.220296196639537811279296875">
        <ele>9.80000019073486328125</ele>
        <time>2026-08-05T21:20:38.000Z</time>
        <extensions>
          <ns3:TrackPointExtension>
            <ns3:atemp>32.0</ns3:atemp>
            <ns3:hr>168</ns3:hr>
            <ns3:cad>95</ns3:cad>
          </ns3:TrackPointExtension>
        </extensions>
      </trkpt>
      <trkpt lat="34.69920384697616100311279296875" lon="135.220256634056568145751953125">
        <ele>9.80000019073486328125</ele>
        <time>2026-08-05T21:20:39.000Z</time>
        <extensions>
          <ns3:TrackPointExtension>
            <ns3:atemp>32.0</ns3:atemp>
            <ns3:hr>168</ns3:hr>
            <ns3:cad>95</ns3:cad>
          </ns3:TrackPointExtension>
        </extensions>
      </trkpt>
      <trkpt lat="34.69919546507298946380615234375" lon="135.22021665237843990325927734375">
        <ele>9.6000003814697265625</ele>
        <time>2026-08-05T21:20:40.000Z</time>
        <extensions>
          <ns3:TrackPointExtension>
            <ns3:atemp>32.0</ns3:atemp>
            <ns3:hr>169</ns3:hr>
            <ns3:cad>95</ns3:cad>
          </ns3:TrackPointExtension>
        </extensions>
      </trkpt>
      <trkpt lat="34.69918775372207164764404296875" lon="135.220174156129360198974609375">
        <ele>9.6000003814697265625</ele>
        <time>2026-08-05T21:20:41.000Z</time>
        <extensions>
          <ns3:TrackPointExtension>
            <ns3:atemp>32.0</ns3:atemp>
            <ns3:hr>169</ns3:hr>
            <ns3:cad>95</ns3:cad>
          </ns3:TrackPointExtension>
        </extensions>
      </trkpt>
      <trkpt lat="34.69917970709502696990966796875" lon="135.22013585083186626434326171875">
        <ele>9.3999996185302734375</ele>
        <time>2026-08-05T21:20:42.000Z</time>
        <extensions>
          <ns3:TrackPointExtension>
            <ns3:atemp>32.0</ns3:atemp>
            <ns3:hr>169</ns3:hr>
            <ns3:cad>95</ns3:cad>
          </ns3:TrackPointExtension>
        </extensions>
      </trkpt>
      <trkpt lat="34.6991707384586334228515625" lon="135.22009293548762798309326171875">
        <ele>9.3999996185302734375</ele>
        <time>2026-08-05T21:20:43.000Z</time>
        <extensions>
          <ns3:TrackPointExtension>
            <ns3:atemp>32.0</ns3:atemp>
            <ns3:hr>169</ns3:hr>
            <ns3:cad>95</ns3:cad>
          </ns3:TrackPointExtension>
        </extensions>
      </trkpt>
      <trkpt lat="34.69916093163192272186279296875" lon="135.22005136124789714813232421875">
        <ele>9.3999996185302734375</ele>
        <time>2026-08-05T21:20:44.000Z</time>
        <extensions>
          <ns3:TrackPointExtension>
            <ns3:atemp>32.0</ns3:atemp>
            <ns3:hr>169</ns3:hr>
            <ns3:cad>95</ns3:cad>
          </ns3:TrackPointExtension>
        </extensions>
      </trkpt>
      <trkpt lat="34.69915489666163921356201171875" lon="135.22001112811267375946044921875">
        <ele>9.3999996185302734375</ele>
        <time>2026-08-05T21:20:45.000Z</time>
        <extensions>
          <ns3:TrackPointExtension>
            <ns3:atemp>32.0</ns3:atemp>
            <ns3:hr>170</ns3:hr>
            <ns3:cad>95</ns3:cad>
          </ns3:TrackPointExtension>
        </extensions>
      </trkpt>
      <trkpt lat="34.6991465985774993896484375" lon="135.21997190080583095550537109375">
        <ele>9.19999980926513671875</ele>
        <time>2026-08-05T21:20:46.000Z</time>
        <extensions>
          <ns3:TrackPointExtension>
            <ns3:atemp>32.0</ns3:atemp>
            <ns3:hr>169</ns3:hr>
            <ns3:cad>95</ns3:cad>
          </ns3:TrackPointExtension>
        </extensions>
      </trkpt>
      <trkpt lat="34.69913695938885211944580078125" lon="135.21993376314640045166015625">
        <ele>9.19999980926513671875</ele>
        <time>2026-08-05T21:20:47.000Z</time>
        <extensions>
          <ns3:TrackPointExtension>
            <ns3:atemp>32.0</ns3:atemp>
            <ns3:hr>169</ns3:hr>
            <ns3:cad>95</ns3:cad>
          </ns3:TrackPointExtension>
        </extensions>
      </trkpt>
      <trkpt lat="34.6991283260285854339599609375" lon="135.2198942005634307861328125">
        <ele>9.19999980926513671875</ele>
        <time>2026-08-05T21:20:48.000Z</time>
        <extensions>
          <ns3:TrackPointExtension>
            <ns3:atemp>32.0</ns3:atemp>
            <ns3:hr>170</ns3:hr>
            <ns3:cad>95</ns3:cad>
          </ns3:TrackPointExtension>
        </extensions>
      </trkpt>
      <trkpt lat="34.69911986030638217926025390625" lon="135.2198571525514125823974609375">
        <ele>9.19999980926513671875</ele>
        <time>2026-08-05T21:20:49.000Z</time>
        <extensions>
          <ns3:TrackPointExtension>
            <ns3:atemp>32.0</ns3:atemp>
            <ns3:hr>170</ns3:hr>
            <ns3:cad>95</ns3:cad>
          </ns3:TrackPointExtension>
        </extensions>
      </trkpt>
      <trkpt lat="34.699112065136432647705078125" lon="135.21981666795909404754638671875">
        <ele>9.19999980926513671875</ele>
        <time>2026-08-05T21:20:50.000Z</time>
        <extensions>
          <ns3:TrackPointExtension>
            <ns3:atemp>32.0</ns3:atemp>
            <ns3:hr>170</ns3:hr>
            <ns3:cad>95</ns3:cad>
          </ns3:TrackPointExtension>
        </extensions>
      </trkpt>
      <trkpt lat="34.69910276122391223907470703125" lon="135.2197790332138538360595703125">
        <ele>9.19999980926513671875</ele>
        <time>2026-08-05T21:20:51.000Z</time>
        <extensions>
          <ns3:TrackPointExtension>
            <ns3:atemp>32.0</ns3:atemp>
            <ns3:hr>170</ns3:hr>
            <ns3:cad>94</ns3:cad>
          </ns3:TrackPointExtension>
        </extensions>
      </trkpt>
      <trkpt lat="34.69909471459686756134033203125" lon="135.21974022500216960906982421875">
        <ele>9.19999980926513671875</ele>
        <time>2026-08-05T21:20:52.000Z</time>
        <extensions>
          <ns3:TrackPointExtension>
            <ns3:atemp>32.0</ns3:atemp>
            <ns3:hr>170</ns3:hr>
            <ns3:cad>94</ns3:cad>
          </ns3:TrackPointExtension>
        </extensions>
      </trkpt>
      <trkpt lat="34.69908599741756916046142578125" lon="135.21970443427562713623046875">
        <ele>9.19999980926513671875</ele>
        <time>2026-08-05T21:20:53.000Z</time>
        <extensions>
          <ns3:TrackPointExtension>
            <ns3:atemp>32.0</ns3:atemp>
            <ns3:hr>170</ns3:hr>
            <ns3:cad>94</ns3:cad>
          </ns3:TrackPointExtension>
        </extensions>
      </trkpt>
      <trkpt lat="34.699078537523746490478515625" lon="135.21966814063489437103271484375">
        <ele>9.19999980926513671875</ele>
        <time>2026-08-05T21:20:54.000Z</time>
        <extensions>
          <ns3:TrackPointExtension>
            <ns3:atemp>32.0</ns3:atemp>
            <ns3:hr>170</ns3:hr>
            <ns3:cad>94</ns3:cad>
          </ns3:TrackPointExtension>
        </extensions>
      </trkpt>
      <trkpt lat="34.69907074235379695892333984375" lon="135.21962975151836872100830078125">
        <ele>9.19999980926513671875</ele>
        <time>2026-08-05T21:20:55.000Z</time>
        <extensions>
          <ns3:TrackPointExtension>
            <ns3:atemp>32.0</ns3:atemp>
            <ns3:hr>170</ns3:hr>
            <ns3:cad>94</ns3:cad>
          </ns3:TrackPointExtension>
        </extensions>
      </trkpt>
      <trkpt lat="34.6990626119077205657958984375" lon="135.2195937931537628173828125">
        <ele>9.19999980926513671875</ele>
        <time>2026-08-05T21:20:56.000Z</time>
        <extensions>
          <ns3:TrackPointExtension>
            <ns3:atemp>32.0</ns3:atemp>
            <ns3:hr>170</ns3:hr>
            <ns3:cad>94</ns3:cad>
          </ns3:TrackPointExtension>
        </extensions>
      </trkpt>
      <trkpt lat="34.699054062366485595703125" lon="135.2195577509701251983642578125">
        <ele>9.3999996185302734375</ele>
        <time>2026-08-05T21:20:57.000Z</time>
        <extensions>
          <ns3:TrackPointExtension>
            <ns3:atemp>32.0</ns3:atemp>
            <ns3:hr>170</ns3:hr>
            <ns3:cad>94</ns3:cad>
          </ns3:TrackPointExtension>
        </extensions>
      </trkpt>
      <trkpt lat="34.6990461833775043487548828125" lon="135.21952028386294841766357421875">
        <ele>9.19999980926513671875</ele>
        <time>2026-08-05T21:20:58.000Z</time>
        <extensions>
          <ns3:TrackPointExtension>
            <ns3:atemp>32.0</ns3:atemp>
            <ns3:hr>170</ns3:hr>
            <ns3:cad>95</ns3:cad>
          </ns3:TrackPointExtension>
        </extensions>
      </trkpt>
      <trkpt lat="34.69903771765530109405517578125" lon="135.21948088891804218292236328125">
        <ele>9.19999980926513671875</ele>
        <time>2026-08-05T21:20:59.000Z</time>
        <extensions>
          <ns3:TrackPointExtension>
            <ns3:atemp>32.0</ns3:atemp>
            <ns3:hr>170</ns3:hr>
            <ns3:cad>95</ns3:cad>
          </ns3:TrackPointExtension>
        </extensions>
      </trkpt>
      <trkpt lat="34.6990277431905269622802734375" lon="135.21944224834442138671875">
        <ele>9.19999980926513671875</ele>
        <time>2026-08-05T21:21:00.000Z</time>
        <extensions>
          <ns3:TrackPointExtension>
            <ns3:atemp>32.0</ns3:atemp>
            <ns3:hr>170</ns3:hr>
            <ns3:cad>95</ns3:cad>
          </ns3:TrackPointExtension>
        </extensions>
      </trkpt>
      <trkpt lat="34.6990176849067211151123046875" lon="135.219404697418212890625">
        <ele>9.19999980926513671875</ele>
        <time>2026-08-05T21:21:01.000Z</time>
        <extensions>
          <ns3:TrackPointExtension>
            <ns3:atemp>32.0</ns3:atemp>
            <ns3:hr>170</ns3:hr>
            <ns3:cad>95</ns3:cad>
          </ns3:TrackPointExtension>
        </extensions>
      </trkpt>
      <trkpt lat="34.6990059502422809600830078125" lon="135.21936236880719661712646484375">
        <ele>9.3999996185302734375</ele>
        <time>2026-08-05T21:21:02.000Z</time>
        <extensions>
          <ns3:TrackPointExtension>
            <ns3:atemp>32.0</ns3:atemp>
            <ns3:hr>170</ns3:hr>
            <ns3:cad>93</ns3:cad>
          </ns3:TrackPointExtension>
        </extensions>
      </trkpt>
      <trkpt lat="34.69899530522525310516357421875" lon="135.2193280868232250213623046875">
        <ele>9.3999996185302734375</ele>
        <time>2026-08-05T21:21:03.000Z</time>
        <extensions>
          <ns3:TrackPointExtension>
            <ns3:atemp>32.0</ns3:atemp>
            <ns3:hr>170</ns3:hr>
            <ns3:cad>93</ns3:cad>
          </ns3:TrackPointExtension>
        </extensions>
      </trkpt>
      <trkpt lat="34.6989808045327663421630859375" lon="135.21929598413407802581787109375">
        <ele>9.6000003814697265625</ele>
        <time>2026-08-05T21:21:04.000Z</time>
        <extensions>
          <ns3:TrackPointExtension>
            <ns3:atemp>32.0</ns3:atemp>
            <ns3:hr>170</ns3:hr>
            <ns3:cad>93</ns3:cad>
          </ns3:TrackPointExtension>
        </extensions>
      </trkpt>
      <trkpt lat="34.69896445982158184051513671875" lon="135.21926195360720157623291015625">
        <ele>9.3999996185302734375</ele>
        <time>2026-08-05T21:21:05.000Z</time>
        <extensions>
          <ns3:TrackPointExtension>
            <ns3:atemp>32.0</ns3:atemp>
            <ns3:hr>170</ns3:hr>
            <ns3:cad>94</ns3:cad>
          </ns3:TrackPointExtension>
        </extensions>
      </trkpt>
      <trkpt lat="34.698949791491031646728515625" lon="135.21922557614743709564208984375">
        <ele>9.6000003814697265625</ele>
        <time>2026-08-05T21:21:06.000Z</time>
        <extensions>
          <ns3:TrackPointExtension>
            <ns3:atemp>32.0</ns3:atemp>
            <ns3:hr>170</ns3:hr>
            <ns3:cad>94</ns3:cad>
          </ns3:TrackPointExtension>
        </extensions>
      </trkpt>
      <trkpt lat="34.6989305131137371063232421875" lon="135.219193808734416961669921875">
        <ele>9.3999996185302734375</ele>
        <time>2026-08-05T21:21:07.000Z</time>
        <extensions>
          <ns3:TrackPointExtension>
            <ns3:atemp>32.0</ns3:atemp>
            <ns3:hr>170</ns3:hr>
            <ns3:cad>94</ns3:cad>
          </ns3:TrackPointExtension>
        </extensions>
      </trkpt>
      <trkpt lat="34.698911570012569427490234375" lon="135.21916204132139682769775390625">
        <ele>9.19999980926513671875</ele>
        <time>2026-08-05T21:21:08.000Z</time>
        <extensions>
          <ns3:TrackPointExtension>
            <ns3:atemp>32.0</ns3:atemp>
            <ns3:hr>170</ns3:hr>
            <ns3:cad>94</ns3:cad>
          </ns3:TrackPointExtension>
        </extensions>
      </trkpt>
      <trkpt lat="34.69889421947300434112548828125" lon="135.2191289328038692474365234375">
        <ele>9</ele>
        <time>2026-08-05T21:21:09.000Z</time>
        <extensions>
          <ns3:TrackPointExtension>
            <ns3:atemp>32.0</ns3:atemp>
            <ns3:hr>170</ns3:hr>
            <ns3:cad>94</ns3:cad>
          </ns3:TrackPointExtension>
        </extensions>
      </trkpt>
      <trkpt lat="34.69887577928602695465087890625" lon="135.2190977521240711212158203125">
        <ele>9</ele>
        <time>2026-08-05T21:21:10.000Z</time>
        <extensions>
          <ns3:TrackPointExtension>
            <ns3:atemp>32.0</ns3:atemp>
            <ns3:hr>170</ns3:hr>
            <ns3:cad>94</ns3:cad>
          </ns3:TrackPointExtension>
        </extensions>
      </trkpt>
      <trkpt lat="34.69885633327066898345947265625" lon="135.2190632186830043792724609375">
        <ele>9</ele>
        <time>2026-08-05T21:21:11.000Z</time>
        <extensions>
          <ns3:TrackPointExtension>
            <ns3:atemp>32.0</ns3:atemp>
            <ns3:hr>170</ns3:hr>
            <ns3:cad>94</ns3:cad>
          </ns3:TrackPointExtension>
        </extensions>
      </trkpt>
      <trkpt lat="34.6988373063504695892333984375" lon="135.2190323732793331146240234375">
        <ele>9</ele>
        <time>2026-08-05T21:21:12.000Z</time>
        <extensions>
          <ns3:TrackPointExtension>
            <ns3:atemp>32.0</ns3:atemp>
            <ns3:hr>170</ns3:hr>
            <ns3:cad>94</ns3:cad>
          </ns3:TrackPointExtension>
        </extensions>
      </trkpt>
      <trkpt lat="34.69881962053477764129638671875" lon="135.2189991809427738189697265625">
        <ele>9</ele>
        <time>2026-08-05T21:21:13.000Z</time>
        <extensions>
          <ns3:TrackPointExtension>
            <ns3:atemp>32.0</ns3:atemp>
            <ns3:hr>170</ns3:hr>
            <ns3:cad>94</ns3:cad>
          </ns3:TrackPointExtension>
        </extensions>
      </trkpt>
      <trkpt lat="34.69880151562392711639404296875" lon="135.218965820968151092529296875">
        <ele>9</ele>
        <time>2026-08-05T21:21:14.000Z</time>
        <extensions>
          <ns3:TrackPointExtension>
            <ns3:atemp>32.0</ns3:atemp>
            <ns3:hr>170</ns3:hr>
            <ns3:cad>94</ns3:cad>
          </ns3:TrackPointExtension>
        </extensions>
      </trkpt>
      <trkpt lat="34.69878290779888629913330078125" lon="135.21893455646932125091552734375">
        <ele>9</ele>
        <time>2026-08-05T21:21:15.000Z</time>
        <extensions>
          <ns3:TrackPointExtension>
            <ns3:atemp>32.0</ns3:atemp>
            <ns3:hr>170</ns3:hr>
            <ns3:cad>93</ns3:cad>
          </ns3:TrackPointExtension>
        </extensions>
      </trkpt>
      <trkpt lat="34.69876396469771862030029296875" lon="135.21889985539019107818603515625">
        <ele>9</ele>
        <time>2026-08-05T21:21:16.000Z</time>
        <extensions>
          <ns3:TrackPointExtension>
            <ns3:atemp>32.0</ns3:atemp>
            <ns3:hr>170</ns3:hr>
            <ns3:cad>93</ns3:cad>
          </ns3:TrackPointExtension>
        </extensions>
      </trkpt>
      <trkpt lat="34.6987442672252655029296875" lon="135.21886984817683696746826171875">
        <ele>9</ele>
        <time>2026-08-05T21:21:17.000Z</time>
        <extensions>
          <ns3:TrackPointExtension>
            <ns3:atemp>32.0</ns3:atemp>
            <ns3:hr>170</ns3:hr>
            <ns3:cad>94</ns3:cad>
          </ns3:TrackPointExtension>
        </extensions>
      </trkpt>
      <trkpt lat="34.698725156486034393310546875" lon="135.2188360691070556640625">
        <ele>9</ele>
        <time>2026-08-05T21:21:18.000Z</time>
        <extensions>
          <ns3:TrackPointExtension>
            <ns3:atemp>32.0</ns3:atemp>
            <ns3:hr>170</ns3:hr>
            <ns3:cad>95</ns3:cad>
          </ns3:TrackPointExtension>
        </extensions>
      </trkpt>
      <trkpt lat="34.6987067162990570068359375" lon="135.2188047207891941070556640625">
        <ele>8.80000019073486328125</ele>
        <time>2026-08-05T21:21:19.000Z</time>
        <extensions>
          <ns3:TrackPointExtension>
            <ns3:atemp>32.0</ns3:atemp>
            <ns3:hr>170</ns3:hr>
            <ns3:cad>95</ns3:cad>
          </ns3:TrackPointExtension>
        </extensions>
      </trkpt>
      <trkpt lat="34.6986879408359527587890625" lon="135.2187745459377765655517578125">
        <ele>8.80000019073486328125</ele>
        <time>2026-08-05T21:21:20.000Z</time>
        <extensions>
          <ns3:TrackPointExtension>
            <ns3:atemp>32.0</ns3:atemp>
            <ns3:hr>170</ns3:hr>
            <ns3:cad>95</ns3:cad>
          </ns3:TrackPointExtension>
        </extensions>
      </trkpt>
      <trkpt lat="34.69866824336349964141845703125" lon="135.218743197619915008544921875">
        <ele>8.80000019073486328125</ele>
        <time>2026-08-05T21:21:21.000Z</time>
        <extensions>
          <ns3:TrackPointExtension>
            <ns3:atemp>32.0</ns3:atemp>
            <ns3:hr>170</ns3:hr>
            <ns3:cad>94</ns3:cad>
          </ns3:TrackPointExtension>
        </extensions>
      </trkpt>
      <trkpt lat="34.69864904880523681640625" lon="135.2187118493020534515380859375">
        <ele>8.80000019073486328125</ele>
        <time>2026-08-05T21:21:22.000Z</time>
        <extensions>
          <ns3:TrackPointExtension>
            <ns3:atemp>32.0</ns3:atemp>
            <ns3:hr>170</ns3:hr>
            <ns3:cad>94</ns3:cad>
          </ns3:TrackPointExtension>
        </extensions>
      </trkpt>
      <trkpt lat="34.6986311115324497222900390625" lon="135.218678824603557586669921875">
        <ele>8.80000019073486328125</ele>
        <time>2026-08-05T21:21:23.000Z</time>
        <extensions>
          <ns3:TrackPointExtension>
            <ns3:atemp>32.0</ns3:atemp>
            <ns3:hr>170</ns3:hr>
            <ns3:cad>93</ns3:cad>
          </ns3:TrackPointExtension>
        </extensions>
      </trkpt>
      <trkpt lat="34.69861275516450405120849609375" lon="135.218647979199886322021484375">
        <ele>9</ele>
        <time>2026-08-05T21:21:24.000Z</time>
        <extensions>
          <ns3:TrackPointExtension>
            <ns3:atemp>32.0</ns3:atemp>
            <ns3:hr>171</ns3:hr>
            <ns3:cad>93</ns3:cad>
          </ns3:TrackPointExtension>
        </extensions>
      </trkpt>
      <trkpt lat="34.69859280623495578765869140625" lon="135.21861352957785129547119140625">
        <ele>9</ele>
        <time>2026-08-05T21:21:25.000Z</time>
        <extensions>
          <ns3:TrackPointExtension>
            <ns3:atemp>32.0</ns3:atemp>
            <ns3:hr>170</ns3:hr>
            <ns3:cad>93</ns3:cad>
          </ns3:TrackPointExtension>
        </extensions>
      </trkpt>
      <trkpt lat="34.6985764615237712860107421875" lon="135.21858151070773601531982421875">
        <ele>9</ele>
        <time>2026-08-05T21:21:26.000Z</time>
        <extensions>
          <ns3:TrackPointExtension>
            <ns3:atemp>32.0</ns3:atemp>
            <ns3:hr>170</ns3:hr>
            <ns3:cad>93</ns3:cad>
          </ns3:TrackPointExtension>
        </extensions>
      </trkpt>
      <trkpt lat="34.69855994917452335357666015625" lon="135.2185472287237644195556640625">
        <ele>9</ele>
        <time>2026-08-05T21:21:27.000Z</time>
        <extensions>
          <ns3:TrackPointExtension>
            <ns3:atemp>32.0</ns3:atemp>
            <ns3:hr>170</ns3:hr>
            <ns3:cad>93</ns3:cad>
          </ns3:TrackPointExtension>
        </extensions>
      </trkpt>
      <trkpt lat="34.6985402517020702362060546875" lon="135.21851353347301483154296875">
        <ele>9</ele>
        <time>2026-08-05T21:21:28.000Z</time>
        <extensions>
          <ns3:TrackPointExtension>
            <ns3:atemp>32.0</ns3:atemp>
            <ns3:hr>171</ns3:hr>
            <ns3:cad>93</ns3:cad>
          </ns3:TrackPointExtension>
        </extensions>
      </trkpt>
      <trkpt lat="34.6985208056867122650146484375" lon="135.21848293952643871307373046875">
        <ele>9</ele>
        <time>2026-08-05T21:21:29.000Z</time>
        <extensions>
          <ns3:TrackPointExtension>
            <ns3:atemp>32.0</ns3:atemp>
            <ns3:hr>171</ns3:hr>
            <ns3:cad>93</ns3:cad>
          </ns3:TrackPointExtension>
        </extensions>
      </trkpt>
      <trkpt lat="34.6985003538429737091064453125" lon="135.218450836837291717529296875">
        <ele>9.19999980926513671875</ele>
        <time>2026-08-05T21:21:30.000Z</time>
        <extensions>
          <ns3:TrackPointExtension>
            <ns3:atemp>32.0</ns3:atemp>
            <ns3:hr>171</ns3:hr>
            <ns3:cad>93</ns3:cad>
          </ns3:TrackPointExtension>
        </extensions>
      </trkpt>
      <trkpt lat="34.6984812431037425994873046875" lon="135.21841689012944698333740234375">
        <ele>9</ele>
        <time>2026-08-05T21:21:31.000Z</time>
        <extensions>
          <ns3:TrackPointExtension>
            <ns3:atemp>32.0</ns3:atemp>
            <ns3:hr>171</ns3:hr>
            <ns3:cad>95</ns3:cad>
          </ns3:TrackPointExtension>
        </extensions>
      </trkpt>
      <trkpt lat="34.69846330583095550537109375" lon="135.21838285960257053375244140625">
        <ele>9</ele>
        <time>2026-08-05T21:21:32.000Z</time>
        <extensions>
          <ns3:TrackPointExtension>
            <ns3:atemp>32.0</ns3:atemp>
            <ns3:hr>171</ns3:hr>
            <ns3:cad>95</ns3:cad>
          </ns3:TrackPointExtension>
        </extensions>
      </trkpt>
      <trkpt lat="34.69844520092010498046875" lon="135.2183517627418041229248046875">
        <ele>9</ele>
        <time>2026-08-05T21:21:33.000Z</time>
        <extensions>
          <ns3:TrackPointExtension>
            <ns3:atemp>32.0</ns3:atemp>
            <ns3:hr>171</ns3:hr>
            <ns3:cad>95</ns3:cad>
          </ns3:TrackPointExtension>
        </extensions>
      </trkpt>
      <trkpt lat="34.69842684455215930938720703125" lon="135.21831781603395938873291015625">
        <ele>9</ele>
        <time>2026-08-05T21:21:34.000Z</time>
        <extensions>
          <ns3:TrackPointExtension>
            <ns3:atemp>32.0</ns3:atemp>
            <ns3:hr>171</ns3:hr>
            <ns3:cad>94</ns3:cad>
          </ns3:TrackPointExtension>
        </extensions>
      </trkpt>
      <trkpt lat="34.69840790145099163055419921875" lon="135.21828697063028812408447265625">
        <ele>9</ele>
        <time>2026-08-05T21:21:35.000Z</time>
        <extensions>
          <ns3:TrackPointExtension>
            <ns3:atemp>32.0</ns3:atemp>
            <ns3:hr>171</ns3:hr>
            <ns3:cad>93</ns3:cad>
          </ns3:TrackPointExtension>
        </extensions>
      </trkpt>
      <trkpt lat="34.69838946126401424407958984375" lon="135.21825344301760196685791015625">
        <ele>9</ele>
        <time>2026-08-05T21:21:36.000Z</time>
        <extensions>
          <ns3:TrackPointExtension>
            <ns3:atemp>32.0</ns3:atemp>
            <ns3:hr>171</ns3:hr>
            <ns3:cad>93</ns3:cad>
          </ns3:TrackPointExtension>
        </extensions>
      </trkpt>
      <trkpt lat="34.6983689256012439727783203125" lon="135.21821823902428150177001953125">
        <ele>9</ele>
        <time>2026-08-05T21:21:37.000Z</time>
        <extensions>
          <ns3:TrackPointExtension>
            <ns3:atemp>32.0</ns3:atemp>
            <ns3:hr>171</ns3:hr>
            <ns3:cad>93</ns3:cad>
          </ns3:TrackPointExtension>
        </extensions>
      </trkpt>
      <trkpt lat="34.6983488090336322784423828125" lon="135.21818655543029308319091796875">
        <ele>9</ele>
        <time>2026-08-05T21:21:38.000Z</time>
        <extensions>
          <ns3:TrackPointExtension>
            <ns3:atemp>32.0</ns3:atemp>
            <ns3:hr>171</ns3:hr>
            <ns3:cad>93</ns3:cad>
          </ns3:TrackPointExtension>
        </extensions>
      </trkpt>
      <trkpt lat="34.69832961447536945343017578125" lon="135.21815118379890918731689453125">
        <ele>9</ele>
        <time>2026-08-05T21:21:39.000Z</time>
        <extensions>
          <ns3:TrackPointExtension>
            <ns3:atemp>32.0</ns3:atemp>
            <ns3:hr>171</ns3:hr>
            <ns3:cad>95</ns3:cad>
          </ns3:TrackPointExtension>
        </extensions>
      </trkpt>
      <trkpt lat="34.69831167720258235931396484375" lon="135.2181210927665233612060546875">
        <ele>9.19999980926513671875</ele>
        <time>2026-08-05T21:21:40.000Z</time>
        <extensions>
          <ns3:TrackPointExtension>
            <ns3:atemp>32.0</ns3:atemp>
            <ns3:hr>171</ns3:hr>
            <ns3:cad>95</ns3:cad>
          </ns3:TrackPointExtension>
        </extensions>
      </trkpt>
      <trkpt lat="34.698292315006256103515625" lon="135.2180855534970760345458984375">
        <ele>9.19999980926513671875</ele>
        <time>2026-08-05T21:21:41.000Z</time>
        <extensions>
          <ns3:TrackPointExtension>
            <ns3:atemp>32.0</ns3:atemp>
            <ns3:hr>171</ns3:hr>
            <ns3:cad>95</ns3:cad>
          </ns3:TrackPointExtension>
        </extensions>
      </trkpt>
      <trkpt lat="34.69827462919056415557861328125" lon="135.218053199350833892822265625">
        <ele>9.19999980926513671875</ele>
        <time>2026-08-05T21:21:42.000Z</time>
        <extensions>
          <ns3:TrackPointExtension>
            <ns3:atemp>32.0</ns3:atemp>
            <ns3:hr>171</ns3:hr>
            <ns3:cad>95</ns3:cad>
          </ns3:TrackPointExtension>
        </extensions>
      </trkpt>
      <trkpt lat="34.6982515789568424224853515625" lon="135.2180268801748752593994140625">
        <ele>9.19999980926513671875</ele>
        <time>2026-08-05T21:21:43.000Z</time>
        <extensions>
          <ns3:TrackPointExtension>
            <ns3:atemp>32.0</ns3:atemp>
            <ns3:hr>171</ns3:hr>
            <ns3:cad>95</ns3:cad>
          </ns3:TrackPointExtension>
        </extensions>
      </trkpt>
      <trkpt lat="34.698232971131801605224609375" lon="135.2179916761815547943115234375">
        <ele>9.19999980926513671875</ele>
        <time>2026-08-05T21:21:44.000Z</time>
        <extensions>
          <ns3:TrackPointExtension>
            <ns3:atemp>32.0</ns3:atemp>
            <ns3:hr>170</ns3:hr>
            <ns3:cad>95</ns3:cad>
          </ns3:TrackPointExtension>
        </extensions>
      </trkpt>
      <trkpt lat="34.69821511767804622650146484375" lon="135.21795437671244144439697265625">
        <ele>9.19999980926513671875</ele>
        <time>2026-08-05T21:21:45.000Z</time>
        <extensions>
          <ns3:TrackPointExtension>
            <ns3:atemp>32.0</ns3:atemp>
            <ns3:hr>170</ns3:hr>
            <ns3:cad>94</ns3:cad>
          </ns3:TrackPointExtension>
        </extensions>
      </trkpt>
      <trkpt lat="34.69819910824298858642578125" lon="135.21792168729007244110107421875">
        <ele>9.19999980926513671875</ele>
        <time>2026-08-05T21:21:46.000Z</time>
        <extensions>
          <ns3:TrackPointExtension>
            <ns3:atemp>32.0</ns3:atemp>
            <ns3:hr>170</ns3:hr>
            <ns3:cad>93</ns3:cad>
          </ns3:TrackPointExtension>
        </extensions>
      </trkpt>
      <trkpt lat="34.6981794945895671844482421875" lon="135.21789117716252803802490234375">
        <ele>9</ele>
        <time>2026-08-05T21:21:47.000Z</time>
        <extensions>
          <ns3:TrackPointExtension>
            <ns3:atemp>32.0</ns3:atemp>
            <ns3:hr>170</ns3:hr>
            <ns3:cad>93</ns3:cad>
          </ns3:TrackPointExtension>
        </extensions>
      </trkpt>
      <trkpt lat="34.69815962947905063629150390625" lon="135.21785496734082698822021484375">
        <ele>9</ele>
        <time>2026-08-05T21:21:48.000Z</time>
        <extensions>
          <ns3:TrackPointExtension>
            <ns3:atemp>32.0</ns3:atemp>
            <ns3:hr>170</ns3:hr>
            <ns3:cad>93</ns3:cad>
          </ns3:TrackPointExtension>
        </extensions>
      </trkpt>
      <trkpt lat="34.69814353622496128082275390625" lon="135.21782076917588710784912109375">
        <ele>9.19999980926513671875</ele>
        <time>2026-08-05T21:21:49.000Z</time>
        <extensions>
          <ns3:TrackPointExtension>
            <ns3:atemp>32.0</ns3:atemp>
            <ns3:hr>170</ns3:hr>
            <ns3:cad>93</ns3:cad>
          </ns3:TrackPointExtension>
        </extensions>
      </trkpt>
      <trkpt lat="34.69812509603798389434814453125" lon="135.21778925321996212005615234375">
        <ele>9.19999980926513671875</ele>
        <time>2026-08-05T21:21:50.000Z</time>
        <extensions>
          <ns3:TrackPointExtension>
            <ns3:atemp>32.0</ns3:atemp>
            <ns3:hr>170</ns3:hr>
            <ns3:cad>93</ns3:cad>
          </ns3:TrackPointExtension>
        </extensions>
      </trkpt>
      <trkpt lat="34.6981033869087696075439453125" lon="135.2177606709301471710205078125">
        <ele>9.19999980926513671875</ele>
        <time>2026-08-05T21:21:51.000Z</time>
        <extensions>
          <ns3:TrackPointExtension>
            <ns3:atemp>32.0</ns3:atemp>
            <ns3:hr>170</ns3:hr>
            <ns3:cad>94</ns3:cad>
          </ns3:TrackPointExtension>
        </extensions>
      </trkpt>
      <trkpt lat="34.69808486290276050567626953125" lon="135.2177281491458415985107421875">
        <ele>9.19999980926513671875</ele>
        <time>2026-08-05T21:21:52.000Z</time>
        <extensions>
          <ns3:TrackPointExtension>
            <ns3:atemp>32.0</ns3:atemp>
            <ns3:hr>170</ns3:hr>
            <ns3:cad>94</ns3:cad>
          </ns3:TrackPointExtension>
        </extensions>
      </trkpt>
      <trkpt lat="34.6980675123631954193115234375" lon="135.217695794999599456787109375">
        <ele>9.19999980926513671875</ele>
        <time>2026-08-05T21:21:53.000Z</time>
        <extensions>
          <ns3:TrackPointExtension>
            <ns3:atemp>32.0</ns3:atemp>
            <ns3:hr>171</ns3:hr>
            <ns3:cad>94</ns3:cad>
          </ns3:TrackPointExtension>
        </extensions>
      </trkpt>
      <trkpt lat="34.69805167056620121002197265625" lon="135.21766302175819873809814453125">
        <ele>9</ele>
        <time>2026-08-05T21:21:54.000Z</time>
        <extensions>
          <ns3:TrackPointExtension>
            <ns3:atemp>32.0</ns3:atemp>
            <ns3:hr>170</ns3:hr>
            <ns3:cad>94</ns3:cad>
          </ns3:TrackPointExtension>
        </extensions>
      </trkpt>
      <trkpt lat="34.6980356611311435699462890625" lon="135.217628739774227142333984375">
        <ele>9</ele>
        <time>2026-08-05T21:21:55.000Z</time>
        <extensions>
          <ns3:TrackPointExtension>
            <ns3:atemp>32.0</ns3:atemp>
            <ns3:hr>170</ns3:hr>
            <ns3:cad>94</ns3:cad>
          </ns3:TrackPointExtension>
        </extensions>
      </trkpt>
      <trkpt lat="34.69801579602062702178955078125" lon="135.21759680472314357757568359375">
        <ele>9</ele>
        <time>2026-08-05T21:21:56.000Z</time>
        <extensions>
          <ns3:TrackPointExtension>
            <ns3:atemp>32.0</ns3:atemp>
            <ns3:hr>170</ns3:hr>
            <ns3:cad>94</ns3:cad>
          </ns3:TrackPointExtension>
        </extensions>
      </trkpt>
      <trkpt lat="34.6979984454810619354248046875" lon="135.2175621874630451202392578125">
        <ele>9</ele>
        <time>2026-08-05T21:21:57.000Z</time>
        <extensions>
          <ns3:TrackPointExtension>
            <ns3:atemp>32.0</ns3:atemp>
            <ns3:hr>170</ns3:hr>
            <ns3:cad>93</ns3:cad>
          </ns3:TrackPointExtension>
        </extensions>
      </trkpt>
      <trkpt lat="34.6979789994657039642333984375" lon="135.2175310067832469940185546875">
        <ele>9</ele>
        <time>2026-08-05T21:21:58.000Z</time>
        <extensions>
          <ns3:TrackPointExtension>
            <ns3:atemp>32.0</ns3:atemp>
            <ns3:hr>170</ns3:hr>
            <ns3:cad>93</ns3:cad>
          </ns3:TrackPointExtension>
        </extensions>
      </trkpt>
      <trkpt lat="34.697958715260028839111328125" lon="135.2175004966557025909423828125">
        <ele>9</ele>
        <time>2026-08-05T21:21:59.000Z</time>
        <extensions>
          <ns3:TrackPointExtension>
            <ns3:atemp>32.0</ns3:atemp>
            <ns3:hr>170</ns3:hr>
            <ns3:cad>95</ns3:cad>
          </ns3:TrackPointExtension>
        </extensions>
      </trkpt>
      <trkpt lat="34.69794237054884433746337890625" lon="135.2174666337668895721435546875">
        <ele>9</ele>
        <time>2026-08-05T21:22:00.000Z</time>
        <extensions>
          <ns3:TrackPointExtension>
            <ns3:atemp>32.0</ns3:atemp>
            <ns3:hr>170</ns3:hr>
            <ns3:cad>95</ns3:cad>
          </ns3:TrackPointExtension>
        </extensions>
      </trkpt>
      <trkpt lat="34.69792359508574008941650390625" lon="135.217434950172901153564453125">
        <ele>9.19999980926513671875</ele>
        <time>2026-08-05T21:22:01.000Z</time>
        <extensions>
          <ns3:TrackPointExtension>
            <ns3:atemp>32.0</ns3:atemp>
            <ns3:hr>170</ns3:hr>
            <ns3:cad>95</ns3:cad>
          </ns3:TrackPointExtension>
        </extensions>
      </trkpt>
      <trkpt lat="34.69790230505168437957763671875" lon="135.2174025960266590118408203125">
        <ele>9.19999980926513671875</ele>
        <time>2026-08-05T21:22:02.000Z</time>
        <extensions>
          <ns3:TrackPointExtension>
            <ns3:atemp>32.0</ns3:atemp>
            <ns3:hr>171</ns3:hr>
            <ns3:cad>94</ns3:cad>
          </ns3:TrackPointExtension>
        </extensions>
      </trkpt>
      <trkpt lat="34.6978827752172946929931640625" lon="135.21737317554652690887451171875">
        <ele>9.19999980926513671875</ele>
        <time>2026-08-05T21:22:03.000Z</time>
        <extensions>
          <ns3:TrackPointExtension>
            <ns3:atemp>32.0</ns3:atemp>
            <ns3:hr>171</ns3:hr>
            <ns3:cad>94</ns3:cad>
          </ns3:TrackPointExtension>
        </extensions>
      </trkpt>
      <trkpt lat="34.69786458648741245269775390625" lon="135.21734048612415790557861328125">
        <ele>9</ele>
        <time>2026-08-05T21:22:04.000Z</time>
        <extensions>
          <ns3:TrackPointExtension>
            <ns3:atemp>32.0</ns3:atemp>
            <ns3:hr>171</ns3:hr>
            <ns3:cad>94</ns3:cad>
          </ns3:TrackPointExtension>
        </extensions>
      </trkpt>
      <trkpt lat="34.6978438831865787506103515625" lon="135.21730762906372547149658203125">
        <ele>9</ele>
        <time>2026-08-05T21:22:05.000Z</time>
        <extensions>
          <ns3:TrackPointExtension>
            <ns3:atemp>32.0</ns3:atemp>
            <ns3:hr>171</ns3:hr>
            <ns3:cad>94</ns3:cad>
          </ns3:TrackPointExtension>
        </extensions>
      </trkpt>
      <trkpt lat="34.69782494008541107177734375" lon="135.21727577783167362213134765625">
        <ele>9</ele>
        <time>2026-08-05T21:22:06.000Z</time>
        <extensions>
          <ns3:TrackPointExtension>
            <ns3:atemp>32.0</ns3:atemp>
            <ns3:hr>172</ns3:hr>
            <ns3:cad>94</ns3:cad>
          </ns3:TrackPointExtension>
        </extensions>
      </trkpt>
      <trkpt lat="34.6978086791932582855224609375" lon="135.21724375896155834197998046875">
        <ele>9</ele>
        <time>2026-08-05T21:22:07.000Z</time>
        <extensions>
          <ns3:TrackPointExtension>
            <ns3:atemp>32.0</ns3:atemp>
            <ns3:hr>172</ns3:hr>
            <ns3:cad>93</ns3:cad>
          </ns3:TrackPointExtension>
        </extensions>
      </trkpt>
      <trkpt lat="34.69778931699693202972412109375" lon="135.21721257828176021575927734375">
        <ele>9</ele>
        <time>2026-08-05T21:22:08.000Z</time>
        <extensions>
          <ns3:TrackPointExtension>
            <ns3:atemp>32.0</ns3:atemp>
            <ns3:hr>172</ns3:hr>
            <ns3:cad>93</ns3:cad>
          </ns3:TrackPointExtension>
        </extensions>
      </trkpt>
      <trkpt lat="34.6977701224386692047119140625" lon="135.2171779610216617584228515625">
        <ele>9</ele>
        <time>2026-08-05T21:22:09.000Z</time>
        <extensions>
          <ns3:TrackPointExtension>
            <ns3:atemp>32.0</ns3:atemp>
            <ns3:hr>172</ns3:hr>
            <ns3:cad>93</ns3:cad>
          </ns3:TrackPointExtension>
        </extensions>
      </trkpt>
      <trkpt lat="34.69775126315653324127197265625" lon="135.21714703179895877838134765625">
        <ele>8.80000019073486328125</ele>
        <time>2026-08-05T21:22:10.000Z</time>
        <extensions>
          <ns3:TrackPointExtension>
            <ns3:atemp>32.0</ns3:atemp>
            <ns3:hr>172</ns3:hr>
            <ns3:cad>93</ns3:cad>
          </ns3:TrackPointExtension>
        </extensions>
      </trkpt>
      <trkpt lat="34.69773508608341217041015625" lon="135.21711434237658977508544921875">
        <ele>9</ele>
        <time>2026-08-05T21:22:11.000Z</time>
        <extensions>
          <ns3:TrackPointExtension>
            <ns3:atemp>32.0</ns3:atemp>
            <ns3:hr>172</ns3:hr>
            <ns3:cad>93</ns3:cad>
          </ns3:TrackPointExtension>
        </extensions>
      </trkpt>
      <trkpt lat="34.697714634239673614501953125" lon="135.21708282642066478729248046875">
        <ele>9</ele>
        <time>2026-08-05T21:22:12.000Z</time>
        <extensions>
          <ns3:TrackPointExtension>
            <ns3:atemp>32.0</ns3:atemp>
            <ns3:hr>172</ns3:hr>
            <ns3:cad>94</ns3:cad>
          </ns3:TrackPointExtension>
        </extensions>
      </trkpt>
      <trkpt lat="34.69769678078591823577880859375" lon="135.217052064836025238037109375">
        <ele>9</ele>
        <time>2026-08-05T21:22:13.000Z</time>
        <extensions>
          <ns3:TrackPointExtension>
            <ns3:atemp>32.0</ns3:atemp>
            <ns3:hr>172</ns3:hr>
            <ns3:cad>94</ns3:cad>
          </ns3:TrackPointExtension>
        </extensions>
      </trkpt>
      <trkpt lat="34.69767683185636997222900390625" lon="135.2170207165181636810302734375">
        <ele>9</ele>
        <time>2026-08-05T21:22:14.000Z</time>
        <extensions>
          <ns3:TrackPointExtension>
            <ns3:atemp>32.0</ns3:atemp>
            <ns3:hr>172</ns3:hr>
            <ns3:cad>94</ns3:cad>
          </ns3:TrackPointExtension>
        </extensions>
      </trkpt>
      <trkpt lat="34.69765855930745601654052734375" lon="135.21699045784771442413330078125">
        <ele>8.80000019073486328125</ele>
        <time>2026-08-05T21:22:15.000Z</time>
        <extensions>
          <ns3:TrackPointExtension>
            <ns3:atemp>32.0</ns3:atemp>
            <ns3:hr>172</ns3:hr>
            <ns3:cad>94</ns3:cad>
          </ns3:TrackPointExtension>
        </extensions>
      </trkpt>
      <trkpt lat="34.6976407058537006378173828125" lon="135.21695659495890140533447265625">
        <ele>8.80000019073486328125</ele>
        <time>2026-08-05T21:22:16.000Z</time>
        <extensions>
          <ns3:TrackPointExtension>
            <ns3:atemp>32.0</ns3:atemp>
            <ns3:hr>173</ns3:hr>
            <ns3:cad>94</ns3:cad>
          </ns3:TrackPointExtension>
        </extensions>
      </trkpt>
      <trkpt lat="34.69762243330478668212890625" lon="135.2169268392026424407958984375">
        <ele>8.80000019073486328125</ele>
        <time>2026-08-05T21:22:17.000Z</time>
        <extensions>
          <ns3:TrackPointExtension>
            <ns3:atemp>32.0</ns3:atemp>
            <ns3:hr>173</ns3:hr>
            <ns3:cad>93</ns3:cad>
          </ns3:TrackPointExtension>
        </extensions>
      </trkpt>
      <trkpt lat="34.69760659150779247283935546875" lon="135.216895155608654022216796875">
        <ele>9</ele>
        <time>2026-08-05T21:22:18.000Z</time>
        <extensions>
          <ns3:TrackPointExtension>
            <ns3:atemp>32.0</ns3:atemp>
            <ns3:hr>173</ns3:hr>
            <ns3:cad>93</ns3:cad>
          </ns3:TrackPointExtension>
        </extensions>
      </trkpt>
      <trkpt lat="34.69758764840662479400634765625" lon="135.21686372347176074981689453125">
        <ele>9</ele>
        <time>2026-08-05T21:22:19.000Z</time>
        <extensions>
          <ns3:TrackPointExtension>
            <ns3:atemp>32.0</ns3:atemp>
            <ns3:hr>173</ns3:hr>
            <ns3:cad>93</ns3:cad>
          </ns3:TrackPointExtension>
        </extensions>
      </trkpt>
      <trkpt lat="34.69757105223834514617919921875" lon="135.21683053113520145416259765625">
        <ele>9.19999980926513671875</ele>
        <time>2026-08-05T21:22:20.000Z</time>
        <extensions>
          <ns3:TrackPointExtension>
            <ns3:atemp>32.0</ns3:atemp>
            <ns3:hr>174</ns3:hr>
            <ns3:cad>93</ns3:cad>
          </ns3:TrackPointExtension>
        </extensions>
      </trkpt>
      <trkpt lat="34.6975531987845897674560546875" lon="135.216799937188625335693359375">
        <ele>9.3999996185302734375</ele>
        <time>2026-08-05T21:22:21.000Z</time>
        <extensions>
          <ns3:TrackPointExtension>
            <ns3:atemp>32.0</ns3:atemp>
            <ns3:hr>174</ns3:hr>
            <ns3:cad>93</ns3:cad>
          </ns3:TrackPointExtension>
        </extensions>
      </trkpt>
      <trkpt lat="34.6975317411124706268310546875" lon="135.21677252836525440216064453125">
        <ele>9.3999996185302734375</ele>
        <time>2026-08-05T21:22:22.000Z</time>
        <extensions>
          <ns3:TrackPointExtension>
            <ns3:atemp>32.0</ns3:atemp>
            <ns3:hr>174</ns3:hr>
            <ns3:cad>93</ns3:cad>
          </ns3:TrackPointExtension>
        </extensions>
      </trkpt>
      <trkpt lat="34.69751019962131977081298828125" lon="135.21673883311450481414794921875">
        <ele>9.3999996185302734375</ele>
        <time>2026-08-05T21:22:23.000Z</time>
        <extensions>
          <ns3:TrackPointExtension>
            <ns3:atemp>32.0</ns3:atemp>
            <ns3:hr>174</ns3:hr>
            <ns3:cad>92</ns3:cad>
          </ns3:TrackPointExtension>
        </extensions>
      </trkpt>
      <trkpt lat="34.6974915079772472381591796875" lon="135.216704718768596649169921875">
        <ele>9.3999996185302734375</ele>
        <time>2026-08-05T21:22:24.000Z</time>
        <extensions>
          <ns3:TrackPointExtension>
            <ns3:atemp>32.0</ns3:atemp>
            <ns3:hr>174</ns3:hr>
            <ns3:cad>96</ns3:cad>
          </ns3:TrackPointExtension>
        </extensions>
      </trkpt>
      <trkpt lat="34.6974737383425235748291015625" lon="135.21667093969881534576416015625">
        <ele>9.19999980926513671875</ele>
        <time>2026-08-05T21:22:25.000Z</time>
        <extensions>
          <ns3:TrackPointExtension>
            <ns3:atemp>32.0</ns3:atemp>
            <ns3:hr>174</ns3:hr>
            <ns3:cad>96</ns3:cad>
          </ns3:TrackPointExtension>
        </extensions>
      </trkpt>
      <trkpt lat="34.6974539570510387420654296875" lon="135.21663858555257320404052734375">
        <ele>9.19999980926513671875</ele>
        <time>2026-08-05T21:22:26.000Z</time>
        <extensions>
          <ns3:TrackPointExtension>
            <ns3:atemp>32.0</ns3:atemp>
            <ns3:hr>174</ns3:hr>
            <ns3:cad>96</ns3:cad>
          </ns3:TrackPointExtension>
        </extensions>
      </trkpt>
      <trkpt lat="34.69743392430245876312255859375" lon="135.21660380065441131591796875">
        <ele>9.19999980926513671875</ele>
        <time>2026-08-05T21:22:27.000Z</time>
        <extensions>
          <ns3:TrackPointExtension>
            <ns3:atemp>32.0</ns3:atemp>
            <ns3:hr>174</ns3:hr>
            <ns3:cad>95</ns3:cad>
          </ns3:TrackPointExtension>
        </extensions>
      </trkpt>
      <trkpt lat="34.69741498120129108428955078125" lon="135.2165684290230274200439453125">
        <ele>9.19999980926513671875</ele>
        <time>2026-08-05T21:22:28.000Z</time>
        <extensions>
          <ns3:TrackPointExtension>
            <ns3:atemp>32.0</ns3:atemp>
            <ns3:hr>174</ns3:hr>
            <ns3:cad>95</ns3:cad>
          </ns3:TrackPointExtension>
        </extensions>
      </trkpt>
      <trkpt lat="34.69739637337625026702880859375" lon="135.2165362425148487091064453125">
        <ele>9.19999980926513671875</ele>
        <time>2026-08-05T21:22:29.000Z</time>
        <extensions>
          <ns3:TrackPointExtension>
            <ns3:atemp>32.0</ns3:atemp>
            <ns3:hr>174</ns3:hr>
            <ns3:cad>94</ns3:cad>
          </ns3:TrackPointExtension>
        </extensions>
      </trkpt>
      <trkpt lat="34.6973761729896068572998046875" lon="135.2165023796260356903076171875">
        <ele>9.19999980926513671875</ele>
        <time>2026-08-05T21:22:30.000Z</time>
        <extensions>
          <ns3:TrackPointExtension>
            <ns3:atemp>32.0</ns3:atemp>
            <ns3:hr>174</ns3:hr>
            <ns3:cad>93</ns3:cad>
          </ns3:TrackPointExtension>
        </extensions>
      </trkpt>
      <trkpt lat="34.69735781662166118621826171875" lon="135.21647245623171329498291015625">
        <ele>9.19999980926513671875</ele>
        <time>2026-08-05T21:22:31.000Z</time>
        <extensions>
          <ns3:TrackPointExtension>
            <ns3:atemp>32.0</ns3:atemp>
            <ns3:hr>174</ns3:hr>
            <ns3:cad>93</ns3:cad>
          </ns3:TrackPointExtension>
        </extensions>
      </trkpt>
      <trkpt lat="34.697339795529842376708984375" lon="135.216437168419361114501953125">
        <ele>9.19999980926513671875</ele>
        <time>2026-08-05T21:22:32.000Z</time>
        <extensions>
          <ns3:TrackPointExtension>
            <ns3:atemp>32.0</ns3:atemp>
            <ns3:hr>174</ns3:hr>
            <ns3:cad>94</ns3:cad>
          </ns3:TrackPointExtension>
        </extensions>
      </trkpt>
      <trkpt lat="34.69732026569545269012451171875" lon="135.21640598773956298828125">
        <ele>9.19999980926513671875</ele>
        <time>2026-08-05T21:22:33.000Z</time>
        <extensions>
          <ns3:TrackPointExtension>
            <ns3:atemp>32.0</ns3:atemp>
            <ns3:hr>174</ns3:hr>
            <ns3:cad>95</ns3:cad>
          </ns3:TrackPointExtension>
        </extensions>
      </trkpt>
      <trkpt lat="34.69730149023234844207763671875" lon="135.21637505851686000823974609375">
        <ele>9.19999980926513671875</ele>
        <time>2026-08-05T21:22:34.000Z</time>
        <extensions>
          <ns3:TrackPointExtension>
            <ns3:atemp>32.0</ns3:atemp>
            <ns3:hr>173</ns3:hr>
            <ns3:cad>95</ns3:cad>
          </ns3:TrackPointExtension>
        </extensions>
      </trkpt>
      <trkpt lat="34.69728204421699047088623046875" lon="135.2163401059806346893310546875">
        <ele>9.19999980926513671875</ele>
        <time>2026-08-05T21:22:35.000Z</time>
        <extensions>
          <ns3:TrackPointExtension>
            <ns3:atemp>32.0</ns3:atemp>
            <ns3:hr>174</ns3:hr>
            <ns3:cad>95</ns3:cad>
          </ns3:TrackPointExtension>
        </extensions>
      </trkpt>
      <trkpt lat="34.69726561568677425384521484375" lon="135.2163072489202022552490234375">
        <ele>9</ele>
        <time>2026-08-05T21:22:36.000Z</time>
        <extensions>
          <ns3:TrackPointExtension>
            <ns3:atemp>32.0</ns3:atemp>
            <ns3:hr>174</ns3:hr>
            <ns3:cad>95</ns3:cad>
          </ns3:TrackPointExtension>
        </extensions>
      </trkpt>
      <trkpt lat="34.6972460858523845672607421875" lon="135.216272212564945220947265625">
        <ele>8.80000019073486328125</ele>
        <time>2026-08-05T21:22:37.000Z</time>
        <extensions>
          <ns3:TrackPointExtension>
            <ns3:atemp>32.0</ns3:atemp>
            <ns3:hr>173</ns3:hr>
            <ns3:cad>94</ns3:cad>
          </ns3:TrackPointExtension>
        </extensions>
      </trkpt>
      <trkpt lat="34.6972256340086460113525390625" lon="135.2162371762096881866455078125">
        <ele>8.80000019073486328125</ele>
        <time>2026-08-05T21:22:38.000Z</time>
        <extensions>
          <ns3:TrackPointExtension>
            <ns3:atemp>32.0</ns3:atemp>
            <ns3:hr>173</ns3:hr>
            <ns3:cad>94</ns3:cad>
          </ns3:TrackPointExtension>
        </extensions>
      </trkpt>
      <trkpt lat="34.697206020355224609375" lon="135.21619937382638454437255859375">
        <ele>9</ele>
        <time>2026-08-05T21:22:39.000Z</time>
        <extensions>
          <ns3:TrackPointExtension>
            <ns3:atemp>32.0</ns3:atemp>
            <ns3:hr>173</ns3:hr>
            <ns3:cad>94</ns3:cad>
          </ns3:TrackPointExtension>
        </extensions>
      </trkpt>
      <trkpt lat="34.6971864067018032073974609375" lon="135.2161657623946666717529296875">
        <ele>9</ele>
        <time>2026-08-05T21:22:40.000Z</time>
        <extensions>
          <ns3:TrackPointExtension>
            <ns3:atemp>32.0</ns3:atemp>
            <ns3:hr>172</ns3:hr>
            <ns3:cad>93</ns3:cad>
          </ns3:TrackPointExtension>
        </extensions>
      </trkpt>
      <trkpt lat="34.69716587103903293609619140625" lon="135.21613198332488536834716796875">
        <ele>9.19999980926513671875</ele>
        <time>2026-08-05T21:22:41.000Z</time>
        <extensions>
          <ns3:TrackPointExtension>
            <ns3:atemp>32.0</ns3:atemp>
            <ns3:hr>172</ns3:hr>
            <ns3:cad>93</ns3:cad>
          </ns3:TrackPointExtension>
        </extensions>
      </trkpt>
      <trkpt lat="34.69714726321399211883544921875" lon="135.2161007188260555267333984375">
        <ele>9.19999980926513671875</ele>
        <time>2026-08-05T21:22:42.000Z</time>
        <extensions>
          <ns3:TrackPointExtension>
            <ns3:atemp>32.0</ns3:atemp>
            <ns3:hr>172</ns3:hr>
            <ns3:cad>93</ns3:cad>
          </ns3:TrackPointExtension>
        </extensions>
      </trkpt>
      <trkpt lat="34.697131253778934478759765625" lon="135.21606677211821079254150390625">
        <ele>9.19999980926513671875</ele>
        <time>2026-08-05T21:22:43.000Z</time>
        <extensions>
          <ns3:TrackPointExtension>
            <ns3:atemp>32.0</ns3:atemp>
            <ns3:hr>172</ns3:hr>
            <ns3:cad>94</ns3:cad>
          </ns3:TrackPointExtension>
        </extensions>
      </trkpt>
      <trkpt lat="34.69711155630648136138916015625" lon="135.2160373516380786895751953125">
        <ele>9</ele>
        <time>2026-08-05T21:22:44.000Z</time>
        <extensions>
          <ns3:TrackPointExtension>
            <ns3:atemp>32.0</ns3:atemp>
            <ns3:hr>172</ns3:hr>
            <ns3:cad>94</ns3:cad>
          </ns3:TrackPointExtension>
        </extensions>
      </trkpt>
      <trkpt lat="34.6970931999385356903076171875" lon="135.2160078473389148712158203125">
        <ele>9</ele>
        <time>2026-08-05T21:22:45.000Z</time>
        <extensions>
          <ns3:TrackPointExtension>
            <ns3:atemp>32.0</ns3:atemp>
            <ns3:hr>172</ns3:hr>
            <ns3:cad>94</ns3:cad>
          </ns3:TrackPointExtension>
        </extensions>
      </trkpt>
      <trkpt lat="34.6970747597515583038330078125" lon="135.2159773372113704681396484375">
        <ele>8.80000019073486328125</ele>
        <time>2026-08-05T21:22:46.000Z</time>
        <extensions>
          <ns3:TrackPointExtension>
            <ns3:atemp>32.0</ns3:atemp>
            <ns3:hr>172</ns3:hr>
            <ns3:cad>94</ns3:cad>
          </ns3:TrackPointExtension>
        </extensions>
      </trkpt>
      <trkpt lat="34.697055481374263763427734375" lon="135.215944312512874603271484375">
        <ele>9</ele>
        <time>2026-08-05T21:22:47.000Z</time>
        <extensions>
          <ns3:TrackPointExtension>
            <ns3:atemp>32.0</ns3:atemp>
            <ns3:hr>172</ns3:hr>
            <ns3:cad>95</ns3:cad>
          </ns3:TrackPointExtension>
        </extensions>
      </trkpt>
      <trkpt lat="34.69703813083469867706298828125" lon="135.21591053344309329986572265625">
        <ele>9</ele>
        <time>2026-08-05T21:22:48.000Z</time>
        <extensions>
          <ns3:TrackPointExtension>
            <ns3:atemp>32.0</ns3:atemp>
            <ns3:hr>172</ns3:hr>
            <ns3:cad>95</ns3:cad>
          </ns3:TrackPointExtension>
        </extensions>
      </trkpt>
      <trkpt lat="34.69702069647610187530517578125" lon="135.21587767638266086578369140625">
        <ele>9</ele>
        <time>2026-08-05T21:22:49.000Z</time>
        <extensions>
          <ns3:TrackPointExtension>
            <ns3:atemp>32.0</ns3:atemp>
            <ns3:hr>173</ns3:hr>
            <ns3:cad>95</ns3:cad>
          </ns3:TrackPointExtension>
        </extensions>
      </trkpt>
      <trkpt lat="34.6970033459365367889404296875" lon="135.21584481932222843170166015625">
        <ele>9</ele>
        <time>2026-08-05T21:22:50.000Z</time>
        <extensions>
          <ns3:TrackPointExtension>
            <ns3:atemp>32.0</ns3:atemp>
            <ns3:hr>173</ns3:hr>
            <ns3:cad>95</ns3:cad>
          </ns3:TrackPointExtension>
        </extensions>
      </trkpt>
      <trkpt lat="34.69698582775890827178955078125" lon="135.21581045351922512054443359375">
        <ele>9</ele>
        <time>2026-08-05T21:22:51.000Z</time>
        <extensions>
          <ns3:TrackPointExtension>
            <ns3:atemp>32.0</ns3:atemp>
            <ns3:hr>172</ns3:hr>
            <ns3:cad>95</ns3:cad>
          </ns3:TrackPointExtension>
        </extensions>
      </trkpt>
      <trkpt lat="34.69696554355323314666748046875" lon="135.21577893756330013275146484375">
        <ele>9</ele>
        <time>2026-08-05T21:22:52.000Z</time>
        <extensions>
          <ns3:TrackPointExtension>
            <ns3:atemp>32.0</ns3:atemp>
            <ns3:hr>172</ns3:hr>
            <ns3:cad>95</ns3:cad>
          </ns3:TrackPointExtension>
        </extensions>
      </trkpt>
      <trkpt lat="34.696947522461414337158203125" lon="135.21574415266513824462890625">
        <ele>9</ele>
        <time>2026-08-05T21:22:53.000Z</time>
        <extensions>
          <ns3:TrackPointExtension>
            <ns3:atemp>32.0</ns3:atemp>
            <ns3:hr>172</ns3:hr>
            <ns3:cad>93</ns3:cad>
          </ns3:TrackPointExtension>
        </extensions>
      </trkpt>
      <trkpt lat="34.69693117775022983551025390625" lon="135.215711630880832672119140625">
        <ele>9</ele>
        <time>2026-08-05T21:22:54.000Z</time>
        <extensions>
          <ns3:TrackPointExtension>
            <ns3:atemp>32.0</ns3:atemp>
            <ns3:hr>172</ns3:hr>
            <ns3:cad>93</ns3:cad>
          </ns3:TrackPointExtension>
        </extensions>
      </trkpt>
      <trkpt lat="34.69691223464906215667724609375" lon="135.21567734889686107635498046875">
        <ele>9</ele>
        <time>2026-08-05T21:22:55.000Z</time>
        <extensions>
          <ns3:TrackPointExtension>
            <ns3:atemp>32.0</ns3:atemp>
            <ns3:hr>173</ns3:hr>
            <ns3:cad>93</ns3:cad>
          </ns3:TrackPointExtension>
        </extensions>
      </trkpt>
      <trkpt lat="34.69689153134822845458984375" lon="135.2156455814838409423828125">
        <ele>9</ele>
        <time>2026-08-05T21:22:56.000Z</time>
        <extensions>
          <ns3:TrackPointExtension>
            <ns3:atemp>32.0</ns3:atemp>
            <ns3:hr>172</ns3:hr>
            <ns3:cad>93</ns3:cad>
          </ns3:TrackPointExtension>
        </extensions>
      </trkpt>
      <trkpt lat="34.69687200151383876800537109375" lon="135.21561481989920139312744140625">
        <ele>9</ele>
        <time>2026-08-05T21:22:57.000Z</time>
        <extensions>
          <ns3:TrackPointExtension>
            <ns3:atemp>32.0</ns3:atemp>
            <ns3:hr>172</ns3:hr>
            <ns3:cad>93</ns3:cad>
          </ns3:TrackPointExtension>
        </extensions>
      </trkpt>
      <trkpt lat="34.696852304041385650634765625" lon="135.21557944826781749725341796875">
        <ele>9</ele>
        <time>2026-08-05T21:22:58.000Z</time>
        <extensions>
          <ns3:TrackPointExtension>
            <ns3:atemp>32.0</ns3:atemp>
            <ns3:hr>172</ns3:hr>
            <ns3:cad>92</ns3:cad>
          </ns3:TrackPointExtension>
        </extensions>
      </trkpt>
      <trkpt lat="34.69683629460632801055908203125" lon="135.21554776467382907867431640625">
        <ele>9</ele>
        <time>2026-08-05T21:22:59.000Z</time>
        <extensions>
          <ns3:TrackPointExtension>
            <ns3:atemp>32.0</ns3:atemp>
            <ns3:hr>173</ns3:hr>
            <ns3:cad>92</ns3:cad>
          </ns3:TrackPointExtension>
        </extensions>
      </trkpt>
      <trkpt lat="34.696818776428699493408203125" lon="135.21551423706114292144775390625">
        <ele>9</ele>
        <time>2026-08-05T21:23:00.000Z</time>
        <extensions>
          <ns3:TrackPointExtension>
            <ns3:atemp>32.0</ns3:atemp>
            <ns3:hr>173</ns3:hr>
            <ns3:cad>92</ns3:cad>
          </ns3:TrackPointExtension>
        </extensions>
      </trkpt>
      <trkpt lat="34.6967988274991512298583984375" lon="135.215483643114566802978515625">
        <ele>9</ele>
        <time>2026-08-05T21:23:01.000Z</time>
        <extensions>
          <ns3:TrackPointExtension>
            <ns3:atemp>32.0</ns3:atemp>
            <ns3:hr>173</ns3:hr>
            <ns3:cad>92</ns3:cad>
          </ns3:TrackPointExtension>
        </extensions>
      </trkpt>
      <trkpt lat="34.6967807225883007049560546875" lon="135.2154489420354366302490234375">
        <ele>9</ele>
        <time>2026-08-05T21:23:02.000Z</time>
        <extensions>
          <ns3:TrackPointExtension>
            <ns3:atemp>32.0</ns3:atemp>
            <ns3:hr>173</ns3:hr>
            <ns3:cad>92</ns3:cad>
          </ns3:TrackPointExtension>
        </extensions>
      </trkpt>
      <trkpt lat="34.6967626176774501800537109375" lon="135.2154187671840190887451171875">
        <ele>9.19999980926513671875</ele>
        <time>2026-08-05T21:23:03.000Z</time>
        <extensions>
          <ns3:TrackPointExtension>
            <ns3:atemp>32.0</ns3:atemp>
            <ns3:hr>174</ns3:hr>
            <ns3:cad>92</ns3:cad>
          </ns3:TrackPointExtension>
        </extensions>
      </trkpt>
      <trkpt lat="34.6967446804046630859375" lon="135.2153869159519672393798828125">
        <ele>9.3999996185302734375</ele>
        <time>2026-08-05T21:23:04.000Z</time>
        <extensions>
          <ns3:TrackPointExtension>
            <ns3:atemp>32.0</ns3:atemp>
            <ns3:hr>174</ns3:hr>
            <ns3:cad>93</ns3:cad>
          </ns3:TrackPointExtension>
        </extensions>
      </trkpt>
      <trkpt lat="34.6967240609228610992431640625" lon="135.21535565145313739776611328125">
        <ele>9.3999996185302734375</ele>
        <time>2026-08-05T21:23:05.000Z</time>
        <extensions>
          <ns3:TrackPointExtension>
            <ns3:atemp>32.0</ns3:atemp>
            <ns3:hr>174</ns3:hr>
            <ns3:cad>93</ns3:cad>
          </ns3:TrackPointExtension>
        </extensions>
      </trkpt>
      <trkpt lat="34.6967017650604248046875" lon="135.21532380022108554840087890625">
        <ele>9.6000003814697265625</ele>
        <time>2026-08-05T21:23:06.000Z</time>
        <extensions>
          <ns3:TrackPointExtension>
            <ns3:atemp>32.0</ns3:atemp>
            <ns3:hr>174</ns3:hr>
            <ns3:cad>94</ns3:cad>
          </ns3:TrackPointExtension>
        </extensions>
      </trkpt>
      <trkpt lat="34.69668072648346424102783203125" lon="135.2152937091886997222900390625">
        <ele>9.3999996185302734375</ele>
        <time>2026-08-05T21:23:07.000Z</time>
        <extensions>
          <ns3:TrackPointExtension>
            <ns3:atemp>32.0</ns3:atemp>
            <ns3:hr>174</ns3:hr>
            <ns3:cad>94</ns3:cad>
          </ns3:TrackPointExtension>
        </extensions>
      </trkpt>
      <trkpt lat="34.696661531925201416015625" lon="135.21526345051825046539306640625">
        <ele>9.19999980926513671875</ele>
        <time>2026-08-05T21:23:08.000Z</time>
        <extensions>
          <ns3:TrackPointExtension>
            <ns3:atemp>32.0</ns3:atemp>
            <ns3:hr>174</ns3:hr>
            <ns3:cad>94</ns3:cad>
          </ns3:TrackPointExtension>
        </extensions>
      </trkpt>
      <trkpt lat="34.69664485193789005279541015625" lon="135.21522807888686656951904296875">
        <ele>9.19999980926513671875</ele>
        <time>2026-08-05T21:23:09.000Z</time>
        <extensions>
          <ns3:TrackPointExtension>
            <ns3:atemp>32.0</ns3:atemp>
            <ns3:hr>174</ns3:hr>
            <ns3:cad>94</ns3:cad>
          </ns3:TrackPointExtension>
        </extensions>
      </trkpt>
      <trkpt lat="34.6966280043125152587890625" lon="135.2151941321790218353271484375">
        <ele>9</ele>
        <time>2026-08-05T21:23:10.000Z</time>
        <extensions>
          <ns3:TrackPointExtension>
            <ns3:atemp>32.0</ns3:atemp>
            <ns3:hr>174</ns3:hr>
            <ns3:cad>95</ns3:cad>
          </ns3:TrackPointExtension>
        </extensions>
      </trkpt>
      <trkpt lat="34.6966090612113475799560546875" lon="135.21515867672860622406005859375">
        <ele>8.80000019073486328125</ele>
        <time>2026-08-05T21:23:11.000Z</time>
        <extensions>
          <ns3:TrackPointExtension>
            <ns3:atemp>32.0</ns3:atemp>
            <ns3:hr>174</ns3:hr>
            <ns3:cad>95</ns3:cad>
          </ns3:TrackPointExtension>
        </extensions>
      </trkpt>
      <trkpt lat="34.69658835791051387786865234375" lon="135.21512464620172977447509765625">
        <ele>8.80000019073486328125</ele>
        <time>2026-08-05T21:23:12.000Z</time>
        <extensions>
          <ns3:TrackPointExtension>
            <ns3:atemp>32.0</ns3:atemp>
            <ns3:hr>174</ns3:hr>
            <ns3:cad>95</ns3:cad>
          </ns3:TrackPointExtension>
        </extensions>
      </trkpt>
      <trkpt lat="34.6965688280761241912841796875" lon="135.21509371697902679443359375">
        <ele>8.80000019073486328125</ele>
        <time>2026-08-05T21:23:13.000Z</time>
        <extensions>
          <ns3:TrackPointExtension>
            <ns3:atemp>32.0</ns3:atemp>
            <ns3:hr>175</ns3:hr>
            <ns3:cad>93</ns3:cad>
          </ns3:TrackPointExtension>
        </extensions>
      </trkpt>
      <trkpt lat="34.69655089080333709716796875" lon="135.21505842916667461395263671875">
        <ele>8.80000019073486328125</ele>
        <time>2026-08-05T21:23:14.000Z</time>
        <extensions>
          <ns3:TrackPointExtension>
            <ns3:atemp>32.0</ns3:atemp>
            <ns3:hr>175</ns3:hr>
            <ns3:cad>93</ns3:cad>
          </ns3:TrackPointExtension>
        </extensions>
      </trkpt>
      <trkpt lat="34.69653404317796230316162109375" lon="135.215026997029781341552734375">
        <ele>8.80000019073486328125</ele>
        <time>2026-08-05T21:23:15.000Z</time>
        <extensions>
          <ns3:TrackPointExtension>
            <ns3:atemp>32.0</ns3:atemp>
            <ns3:hr>175</ns3:hr>
            <ns3:cad>94</ns3:cad>
          </ns3:TrackPointExtension>
        </extensions>
      </trkpt>
      <trkpt lat="34.69651468098163604736328125" lon="135.2149943076074123382568359375">
        <ele>8.80000019073486328125</ele>
        <time>2026-08-05T21:23:16.000Z</time>
        <extensions>
          <ns3:TrackPointExtension>
            <ns3:atemp>32.0</ns3:atemp>
            <ns3:hr>175</ns3:hr>
            <ns3:cad>94</ns3:cad>
          </ns3:TrackPointExtension>
        </extensions>
      </trkpt>
      <trkpt lat="34.6964927203953266143798828125" lon="135.21496404893696308135986328125">
        <ele>8.80000019073486328125</ele>
        <time>2026-08-05T21:23:17.000Z</time>
        <extensions>
          <ns3:TrackPointExtension>
            <ns3:atemp>32.0</ns3:atemp>
            <ns3:hr>175</ns3:hr>
            <ns3:cad>94</ns3:cad>
          </ns3:TrackPointExtension>
        </extensions>
      </trkpt>
      <trkpt lat="34.6964722685515880584716796875" lon="135.2149329520761966705322265625">
        <ele>8.80000019073486328125</ele>
        <time>2026-08-05T21:23:18.000Z</time>
        <extensions>
          <ns3:TrackPointExtension>
            <ns3:atemp>32.0</ns3:atemp>
            <ns3:hr>176</ns3:hr>
            <ns3:cad>94</ns3:cad>
          </ns3:TrackPointExtension>
        </extensions>
      </trkpt>
      <trkpt lat="34.69645005650818347930908203125" lon="135.214901603758335113525390625">
        <ele>8.80000019073486328125</ele>
        <time>2026-08-05T21:23:19.000Z</time>
        <extensions>
          <ns3:TrackPointExtension>
            <ns3:atemp>32.0</ns3:atemp>
            <ns3:hr>176</ns3:hr>
            <ns3:cad>94</ns3:cad>
          </ns3:TrackPointExtension>
        </extensions>
      </trkpt>
      <trkpt lat="34.6964276768267154693603515625" lon="135.2148699201643466949462890625">
        <ele>9</ele>
        <time>2026-08-05T21:23:20.000Z</time>
        <extensions>
          <ns3:TrackPointExtension>
            <ns3:atemp>32.0</ns3:atemp>
            <ns3:hr>176</ns3:hr>
            <ns3:cad>93</ns3:cad>
          </ns3:TrackPointExtension>
        </extensions>
      </trkpt>
      <trkpt lat="34.6964052133262157440185546875" lon="135.21483832038938999176025390625">
        <ele>9</ele>
        <time>2026-08-05T21:23:21.000Z</time>
        <extensions>
          <ns3:TrackPointExtension>
            <ns3:atemp>32.0</ns3:atemp>
            <ns3:hr>176</ns3:hr>
            <ns3:cad>93</ns3:cad>
          </ns3:TrackPointExtension>
        </extensions>
      </trkpt>
      <trkpt lat="34.6963812410831451416015625" lon="135.21481552161276340484619140625">
        <ele>9</ele>
        <time>2026-08-05T21:23:22.000Z</time>
        <extensions>
          <ns3:TrackPointExtension>
            <ns3:atemp>32.0</ns3:atemp>
            <ns3:hr>176</ns3:hr>
            <ns3:cad>93</ns3:cad>
          </ns3:TrackPointExtension>
        </extensions>
      </trkpt>
      <trkpt lat="34.69635768793523311614990234375" lon="135.2147911302745342254638671875">
        <ele>9</ele>
        <time>2026-08-05T21:23:23.000Z</time>
        <extensions>
          <ns3:TrackPointExtension>
            <ns3:atemp>32.0</ns3:atemp>
            <ns3:hr>176</ns3:hr>
            <ns3:cad>93</ns3:cad>
          </ns3:TrackPointExtension>
        </extensions>
      </trkpt>
      <trkpt lat="34.6963324584066867828369140625" lon="135.21476321853697299957275390625">
        <ele>9</ele>
        <time>2026-08-05T21:23:24.000Z</time>
        <extensions>
          <ns3:TrackPointExtension>
            <ns3:atemp>32.0</ns3:atemp>
            <ns3:hr>176</ns3:hr>
            <ns3:cad>93</ns3:cad>
          </ns3:TrackPointExtension>
        </extensions>
      </trkpt>
      <trkpt lat="34.69630991108715534210205078125" lon="135.21473354659974575042724609375">
        <ele>9</ele>
        <time>2026-08-05T21:23:25.000Z</time>
        <extensions>
          <ns3:TrackPointExtension>
            <ns3:atemp>32.0</ns3:atemp>
            <ns3:hr>176</ns3:hr>
            <ns3:cad>94</ns3:cad>
          </ns3:TrackPointExtension>
        </extensions>
      </trkpt>
      <trkpt lat="34.69628870487213134765625" lon="135.214708484709262847900390625">
        <ele>9</ele>
        <time>2026-08-05T21:23:26.000Z</time>
        <extensions>
          <ns3:TrackPointExtension>
            <ns3:atemp>32.0</ns3:atemp>
            <ns3:hr>176</ns3:hr>
            <ns3:cad>94</ns3:cad>
          </ns3:TrackPointExtension>
        </extensions>
      </trkpt>
      <trkpt lat="34.6962660737335681915283203125" lon="135.21467889659106731414794921875">
        <ele>9</ele>
        <time>2026-08-05T21:23:27.000Z</time>
        <extensions>
          <ns3:TrackPointExtension>
            <ns3:atemp>32.0</ns3:atemp>
            <ns3:hr>176</ns3:hr>
            <ns3:cad>94</ns3:cad>
          </ns3:TrackPointExtension>
        </extensions>
      </trkpt>
      <trkpt lat="34.69624185003340244293212890625" lon="135.21465073339641094207763671875">
        <ele>9</ele>
        <time>2026-08-05T21:23:28.000Z</time>
        <extensions>
          <ns3:TrackPointExtension>
            <ns3:atemp>32.0</ns3:atemp>
            <ns3:hr>176</ns3:hr>
            <ns3:cad>94</ns3:cad>
          </ns3:TrackPointExtension>
        </extensions>
      </trkpt>
      <trkpt lat="34.69621871598064899444580078125" lon="135.21462441422045230865478515625">
        <ele>8.80000019073486328125</ele>
        <time>2026-08-05T21:23:29.000Z</time>
        <extensions>
          <ns3:TrackPointExtension>
            <ns3:atemp>32.0</ns3:atemp>
            <ns3:hr>175</ns3:hr>
            <ns3:cad>94</ns3:cad>
          </ns3:TrackPointExtension>
        </extensions>
      </trkpt>
      <trkpt lat="34.696195162832736968994140625" lon="135.214595496654510498046875">
        <ele>8.80000019073486328125</ele>
        <time>2026-08-05T21:23:30.000Z</time>
        <extensions>
          <ns3:TrackPointExtension>
            <ns3:atemp>32.0</ns3:atemp>
            <ns3:hr>176</ns3:hr>
            <ns3:cad>94</ns3:cad>
          </ns3:TrackPointExtension>
        </extensions>
      </trkpt>
      <trkpt lat="34.69617077149450778961181640625" lon="135.21456842310726642608642578125">
        <ele>8.80000019073486328125</ele>
        <time>2026-08-05T21:23:31.000Z</time>
        <extensions>
          <ns3:TrackPointExtension>
            <ns3:atemp>32.0</ns3:atemp>
            <ns3:hr>176</ns3:hr>
            <ns3:cad>94</ns3:cad>
          </ns3:TrackPointExtension>
        </extensions>
      </trkpt>
      <trkpt lat="34.69614990055561065673828125" lon="135.21453841589391231536865234375">
        <ele>8.80000019073486328125</ele>
        <time>2026-08-05T21:23:32.000Z</time>
        <extensions>
          <ns3:TrackPointExtension>
            <ns3:atemp>32.0</ns3:atemp>
            <ns3:hr>176</ns3:hr>
            <ns3:cad>93</ns3:cad>
          </ns3:TrackPointExtension>
        </extensions>
      </trkpt>
      <trkpt lat="34.69612768851220607757568359375" lon="135.21451125852763652801513671875">
        <ele>8.80000019073486328125</ele>
        <time>2026-08-05T21:23:33.000Z</time>
        <extensions>
          <ns3:TrackPointExtension>
            <ns3:atemp>32.0</ns3:atemp>
            <ns3:hr>175</ns3:hr>
            <ns3:cad>93</ns3:cad>
          </ns3:TrackPointExtension>
        </extensions>
      </trkpt>
      <trkpt lat="34.6961034648120403289794921875" lon="135.21448292769491672515869140625">
        <ele>8.80000019073486328125</ele>
        <time>2026-08-05T21:23:34.000Z</time>
        <extensions>
          <ns3:TrackPointExtension>
            <ns3:atemp>32.0</ns3:atemp>
            <ns3:hr>175</ns3:hr>
            <ns3:cad>94</ns3:cad>
          </ns3:TrackPointExtension>
        </extensions>
      </trkpt>
      <trkpt lat="34.6960789896547794342041015625" lon="135.214457027614116668701171875">
        <ele>9</ele>
        <time>2026-08-05T21:23:35.000Z</time>
        <extensions>
          <ns3:TrackPointExtension>
            <ns3:atemp>32.0</ns3:atemp>
            <ns3:hr>175</ns3:hr>
            <ns3:cad>94</ns3:cad>
          </ns3:TrackPointExtension>
        </extensions>
      </trkpt>
      <trkpt lat="34.696055352687835693359375" lon="135.21442878060042858123779296875">
        <ele>9</ele>
        <time>2026-08-05T21:23:36.000Z</time>
        <extensions>
          <ns3:TrackPointExtension>
            <ns3:atemp>32.0</ns3:atemp>
            <ns3:hr>175</ns3:hr>
            <ns3:cad>94</ns3:cad>
          </ns3:TrackPointExtension>
        </extensions>
      </trkpt>
      <trkpt lat="34.69602827914059162139892578125" lon="135.2144058980047702789306640625">
        <ele>9</ele>
        <time>2026-08-05T21:23:37.000Z</time>
        <extensions>
          <ns3:TrackPointExtension>
            <ns3:atemp>32.0</ns3:atemp>
            <ns3:hr>175</ns3:hr>
            <ns3:cad>94</ns3:cad>
          </ns3:TrackPointExtension>
        </extensions>
      </trkpt>
      <trkpt lat="34.696004390716552734375" lon="135.2143837697803974151611328125">
        <ele>9</ele>
        <time>2026-08-05T21:23:38.000Z</time>
        <extensions>
          <ns3:TrackPointExtension>
            <ns3:atemp>32.0</ns3:atemp>
            <ns3:hr>175</ns3:hr>
            <ns3:cad>94</ns3:cad>
          </ns3:TrackPointExtension>
        </extensions>
      </trkpt>
      <trkpt lat="34.69595812261104583740234375" lon="135.21433465182781219482421875">
        <ele>9</ele>
        <time>2026-08-05T21:23:39.000Z</time>
        <extensions>
          <ns3:TrackPointExtension>
            <ns3:atemp>32.0</ns3:atemp>
            <ns3:hr>174</ns3:hr>
            <ns3:cad>94</ns3:cad>
          </ns3:TrackPointExtension>
        </extensions>
      </trkpt>
      <trkpt lat="34.69595812261104583740234375" lon="135.21433465182781219482421875">
        <ele>9</ele>
        <time>2026-08-05T21:23:40.000Z</time>
        <extensions>
          <ns3:TrackPointExtension>
            <ns3:atemp>32.0</ns3:atemp>
            <ns3:hr>174</ns3:hr>
            <ns3:cad>94</ns3:cad>
          </ns3:TrackPointExtension>
        </extensions>
      </trkpt>
      <trkpt lat="34.69593490473926067352294921875" lon="135.214304141700267791748046875">
        <ele>9</ele>
        <time>2026-08-05T21:23:41.000Z</time>
        <extensions>
          <ns3:TrackPointExtension>
            <ns3:atemp>32.0</ns3:atemp>
            <ns3:hr>175</ns3:hr>
            <ns3:cad>93</ns3:cad>
          </ns3:TrackPointExtension>
        </extensions>
      </trkpt>
      <trkpt lat="34.69591260887682437896728515625" lon="135.2142781578004360198974609375">
        <ele>9</ele>
        <time>2026-08-05T21:23:42.000Z</time>
        <extensions>
          <ns3:TrackPointExtension>
            <ns3:atemp>32.0</ns3:atemp>
            <ns3:hr>175</ns3:hr>
            <ns3:cad>93</ns3:cad>
          </ns3:TrackPointExtension>
        </extensions>
      </trkpt>
      <trkpt lat="34.69589014537632465362548828125" lon="135.214250497519969940185546875">
        <ele>9</ele>
        <time>2026-08-05T21:23:43.000Z</time>
        <extensions>
          <ns3:TrackPointExtension>
            <ns3:atemp>32.0</ns3:atemp>
            <ns3:hr>175</ns3:hr>
            <ns3:cad>93</ns3:cad>
          </ns3:TrackPointExtension>
        </extensions>
      </trkpt>
      <trkpt lat="34.69586466439068317413330078125" lon="135.2142238430678844451904296875">
        <ele>9</ele>
        <time>2026-08-05T21:23:44.000Z</time>
        <extensions>
          <ns3:TrackPointExtension>
            <ns3:atemp>32.0</ns3:atemp>
            <ns3:hr>175</ns3:hr>
            <ns3:cad>93</ns3:cad>
          </ns3:TrackPointExtension>
        </extensions>
      </trkpt>
      <trkpt lat="34.6958394348621368408203125" lon="135.2141936682164669036865234375">
        <ele>9</ele>
        <time>2026-08-05T21:23:45.000Z</time>
        <extensions>
          <ns3:TrackPointExtension>
            <ns3:atemp>32.0</ns3:atemp>
            <ns3:hr>175</ns3:hr>
            <ns3:cad>94</ns3:cad>
          </ns3:TrackPointExtension>
        </extensions>
      </trkpt>
      <trkpt lat="34.69581236131489276885986328125" lon="135.2141695283353328704833984375">
        <ele>9</ele>
        <time>2026-08-05T21:23:46.000Z</time>
        <extensions>
          <ns3:TrackPointExtension>
            <ns3:atemp>32.0</ns3:atemp>
            <ns3:hr>175</ns3:hr>
            <ns3:cad>95</ns3:cad>
          </ns3:TrackPointExtension>
        </extensions>
      </trkpt>
      <trkpt lat="34.69578788615763187408447265625" lon="135.2141457237303256988525390625">
        <ele>9</ele>
        <time>2026-08-05T21:23:47.000Z</time>
        <extensions>
          <ns3:TrackPointExtension>
            <ns3:atemp>32.0</ns3:atemp>
            <ns3:hr>176</ns3:hr>
            <ns3:cad>95</ns3:cad>
          </ns3:TrackPointExtension>
        </extensions>
      </trkpt>
      <trkpt lat="34.6957638300955295562744140625" lon="135.2141142077744007110595703125">
        <ele>9</ele>
        <time>2026-08-05T21:23:48.000Z</time>
        <extensions>
          <ns3:TrackPointExtension>
            <ns3:atemp>32.0</ns3:atemp>
            <ns3:hr>176</ns3:hr>
            <ns3:cad>94</ns3:cad>
          </ns3:TrackPointExtension>
        </extensions>
      </trkpt>
      <trkpt lat="34.6957396902143955230712890625" lon="135.21408881060779094696044921875">
        <ele>9</ele>
        <time>2026-08-05T21:23:49.000Z</time>
        <extensions>
          <ns3:TrackPointExtension>
            <ns3:atemp>32.0</ns3:atemp>
            <ns3:hr>176</ns3:hr>
            <ns3:cad>94</ns3:cad>
          </ns3:TrackPointExtension>
        </extensions>
      </trkpt>
      <trkpt lat="34.695715047419071197509765625" lon="135.21406508982181549072265625">
        <ele>8.80000019073486328125</ele>
        <time>2026-08-05T21:23:50.000Z</time>
        <extensions>
          <ns3:TrackPointExtension>
            <ns3:atemp>32.0</ns3:atemp>
            <ns3:hr>176</ns3:hr>
            <ns3:cad>94</ns3:cad>
          </ns3:TrackPointExtension>
        </extensions>
      </trkpt>
      <trkpt lat="34.69568990170955657958984375" lon="135.214039944112300872802734375">
        <ele>8.80000019073486328125</ele>
        <time>2026-08-05T21:23:51.000Z</time>
        <extensions>
          <ns3:TrackPointExtension>
            <ns3:atemp>32.0</ns3:atemp>
            <ns3:hr>176</ns3:hr>
            <ns3:cad>94</ns3:cad>
          </ns3:TrackPointExtension>
        </extensions>
      </trkpt>
      <trkpt lat="34.69566500745713710784912109375" lon="135.2140153013169765472412109375">
        <ele>8.80000019073486328125</ele>
        <time>2026-08-05T21:23:52.000Z</time>
        <extensions>
          <ns3:TrackPointExtension>
            <ns3:atemp>32.0</ns3:atemp>
            <ns3:hr>176</ns3:hr>
            <ns3:cad>94</ns3:cad>
          </ns3:TrackPointExtension>
        </extensions>
      </trkpt>
      <trkpt lat="34.6956397779285907745361328125" lon="135.21398730576038360595703125">
        <ele>8.80000019073486328125</ele>
        <time>2026-08-05T21:23:53.000Z</time>
        <extensions>
          <ns3:TrackPointExtension>
            <ns3:atemp>32.0</ns3:atemp>
            <ns3:hr>175</ns3:hr>
            <ns3:cad>93</ns3:cad>
          </ns3:TrackPointExtension>
        </extensions>
      </trkpt>
      <trkpt lat="34.69561572186648845672607421875" lon="135.21396140567958354949951171875">
        <ele>8.80000019073486328125</ele>
        <time>2026-08-05T21:23:54.000Z</time>
        <extensions>
          <ns3:TrackPointExtension>
            <ns3:atemp>32.0</ns3:atemp>
            <ns3:hr>176</ns3:hr>
            <ns3:cad>93</ns3:cad>
          </ns3:TrackPointExtension>
        </extensions>
      </trkpt>
      <trkpt lat="34.69559191726148128509521484375" lon="135.2139308117330074310302734375">
        <ele>8.80000019073486328125</ele>
        <time>2026-08-05T21:23:55.000Z</time>
        <extensions>
          <ns3:TrackPointExtension>
            <ns3:atemp>32.0</ns3:atemp>
            <ns3:hr>176</ns3:hr>
            <ns3:cad>93</ns3:cad>
          </ns3:TrackPointExtension>
        </extensions>
      </trkpt>
      <trkpt lat="34.69556660391390323638916015625" lon="135.2139023132622241973876953125">
        <ele>8.80000019073486328125</ele>
        <time>2026-08-05T21:23:56.000Z</time>
        <extensions>
          <ns3:TrackPointExtension>
            <ns3:atemp>32.0</ns3:atemp>
            <ns3:hr>176</ns3:hr>
            <ns3:cad>94</ns3:cad>
          </ns3:TrackPointExtension>
        </extensions>
      </trkpt>
      <trkpt lat="34.6955425478518009185791015625" lon="135.21387440152466297149658203125">
        <ele>8.80000019073486328125</ele>
        <time>2026-08-05T21:23:57.000Z</time>
        <extensions>
          <ns3:TrackPointExtension>
            <ns3:atemp>32.0</ns3:atemp>
            <ns3:hr>176</ns3:hr>
            <ns3:cad>94</ns3:cad>
          </ns3:TrackPointExtension>
        </extensions>
      </trkpt>
      <trkpt lat="34.69552033580839633941650390625" lon="135.2138483338057994842529296875">
        <ele>8.80000019073486328125</ele>
        <time>2026-08-05T21:23:58.000Z</time>
        <extensions>
          <ns3:TrackPointExtension>
            <ns3:atemp>32.0</ns3:atemp>
            <ns3:hr>175</ns3:hr>
            <ns3:cad>94</ns3:cad>
          </ns3:TrackPointExtension>
        </extensions>
      </trkpt>
      <trkpt lat="34.6954966150224208831787109375" lon="135.2138221822679042816162109375">
        <ele>8.80000019073486328125</ele>
        <time>2026-08-05T21:23:59.000Z</time>
        <extensions>
          <ns3:TrackPointExtension>
            <ns3:atemp>32.0</ns3:atemp>
            <ns3:hr>176</ns3:hr>
            <ns3:cad>94</ns3:cad>
          </ns3:TrackPointExtension>
        </extensions>
      </trkpt>
      <trkpt lat="34.69547222368419170379638671875" lon="135.21379393525421619415283203125">
        <ele>8.80000019073486328125</ele>
        <time>2026-08-05T21:24:00.000Z</time>
        <extensions>
          <ns3:TrackPointExtension>
            <ns3:atemp>32.0</ns3:atemp>
            <ns3:hr>176</ns3:hr>
            <ns3:cad>93</ns3:cad>
          </ns3:TrackPointExtension>
        </extensions>
      </trkpt>
      <trkpt lat="34.6954503469169139862060546875" lon="135.21376694552600383758544921875">
        <ele>9</ele>
        <time>2026-08-05T21:24:01.000Z</time>
        <extensions>
          <ns3:TrackPointExtension>
            <ns3:atemp>32.0</ns3:atemp>
            <ns3:hr>176</ns3:hr>
            <ns3:cad>93</ns3:cad>
          </ns3:TrackPointExtension>
        </extensions>
      </trkpt>
      <trkpt lat="34.695428721606731414794921875" lon="135.21373710595071315765380859375">
        <ele>9</ele>
        <time>2026-08-05T21:24:02.000Z</time>
        <extensions>
          <ns3:TrackPointExtension>
            <ns3:atemp>32.0</ns3:atemp>
            <ns3:hr>176</ns3:hr>
            <ns3:cad>93</ns3:cad>
          </ns3:TrackPointExtension>
        </extensions>
      </trkpt>
      <trkpt lat="34.695406593382358551025390625" lon="135.21371128968894481658935546875">
        <ele>9</ele>
        <time>2026-08-05T21:24:03.000Z</time>
        <extensions>
          <ns3:TrackPointExtension>
            <ns3:atemp>32.0</ns3:atemp>
            <ns3:hr>176</ns3:hr>
            <ns3:cad>93</ns3:cad>
          </ns3:TrackPointExtension>
        </extensions>
      </trkpt>
      <trkpt lat="34.6953834593296051025390625" lon="135.21368329413235187530517578125">
        <ele>9</ele>
        <time>2026-08-05T21:24:04.000Z</time>
        <extensions>
          <ns3:TrackPointExtension>
            <ns3:atemp>32.0</ns3:atemp>
            <ns3:hr>176</ns3:hr>
            <ns3:cad>93</ns3:cad>
          </ns3:TrackPointExtension>
        </extensions>
      </trkpt>
      <trkpt lat="34.6953593194484710693359375" lon="135.2136585675179958343505859375">
        <ele>9</ele>
        <time>2026-08-05T21:24:05.000Z</time>
        <extensions>
          <ns3:TrackPointExtension>
            <ns3:atemp>32.0</ns3:atemp>
            <ns3:hr>175</ns3:hr>
            <ns3:cad>94</ns3:cad>
          </ns3:TrackPointExtension>
        </extensions>
      </trkpt>
      <trkpt lat="34.695336185395717620849609375" lon="135.2136344276368618011474609375">
        <ele>9</ele>
        <time>2026-08-05T21:24:06.000Z</time>
        <extensions>
          <ns3:TrackPointExtension>
            <ns3:atemp>32.0</ns3:atemp>
            <ns3:hr>176</ns3:hr>
            <ns3:cad>94</ns3:cad>
          </ns3:TrackPointExtension>
        </extensions>
      </trkpt>
      <trkpt lat="34.69531179405748844146728515625" lon="135.2136096172034740447998046875">
        <ele>9.19999980926513671875</ele>
        <time>2026-08-05T21:24:07.000Z</time>
        <extensions>
          <ns3:TrackPointExtension>
            <ns3:atemp>32.0</ns3:atemp>
            <ns3:hr>176</ns3:hr>
            <ns3:cad>94</ns3:cad>
          </ns3:TrackPointExtension>
        </extensions>
      </trkpt>
      <trkpt lat="34.69528564251959323883056640625" lon="135.21358690224587917327880859375">
        <ele>9.19999980926513671875</ele>
        <time>2026-08-05T21:24:08.000Z</time>
        <extensions>
          <ns3:TrackPointExtension>
            <ns3:atemp>32.0</ns3:atemp>
            <ns3:hr>176</ns3:hr>
            <ns3:cad>95</ns3:cad>
          </ns3:TrackPointExtension>
        </extensions>
      </trkpt>
      <trkpt lat="34.69525798223912715911865234375" lon="135.2135615050792694091796875">
        <ele>9.19999980926513671875</ele>
        <time>2026-08-05T21:24:09.000Z</time>
        <extensions>
          <ns3:TrackPointExtension>
            <ns3:atemp>32.0</ns3:atemp>
            <ns3:hr>176</ns3:hr>
            <ns3:cad>95</ns3:cad>
          </ns3:TrackPointExtension>
        </extensions>
      </trkpt>
      <trkpt lat="34.695232920348644256591796875" lon="135.2135351859033107757568359375">
        <ele>9.19999980926513671875</ele>
        <time>2026-08-05T21:24:10.000Z</time>
        <extensions>
          <ns3:TrackPointExtension>
            <ns3:atemp>32.0</ns3:atemp>
            <ns3:hr>176</ns3:hr>
            <ns3:cad>95</ns3:cad>
          </ns3:TrackPointExtension>
        </extensions>
      </trkpt>
      <trkpt lat="34.6952091157436370849609375" lon="135.213507525622844696044921875">
        <ele>9.19999980926513671875</ele>
        <time>2026-08-05T21:24:11.000Z</time>
        <extensions>
          <ns3:TrackPointExtension>
            <ns3:atemp>32.0</ns3:atemp>
            <ns3:hr>176</ns3:hr>
            <ns3:cad>94</ns3:cad>
          </ns3:TrackPointExtension>
        </extensions>
      </trkpt>
      <trkpt lat="34.69518296420574188232421875" lon="135.21347860805690288543701171875">
        <ele>9</ele>
        <time>2026-08-05T21:24:12.000Z</time>
        <extensions>
          <ns3:TrackPointExtension>
            <ns3:atemp>32.0</ns3:atemp>
            <ns3:hr>176</ns3:hr>
            <ns3:cad>94</ns3:cad>
          </ns3:TrackPointExtension>
        </extensions>
      </trkpt>
      <trkpt lat="34.69515907578170299530029296875" lon="135.213449858129024505615234375">
        <ele>9</ele>
        <time>2026-08-05T21:24:13.000Z</time>
        <extensions>
          <ns3:TrackPointExtension>
            <ns3:atemp>32.0</ns3:atemp>
            <ns3:hr>175</ns3:hr>
            <ns3:cad>94</ns3:cad>
          </ns3:TrackPointExtension>
        </extensions>
      </trkpt>
      <trkpt lat="34.6951331757009029388427734375" lon="135.213419683277606964111328125">
        <ele>9</ele>
        <time>2026-08-05T21:24:14.000Z</time>
        <extensions>
          <ns3:TrackPointExtension>
            <ns3:atemp>32.0</ns3:atemp>
            <ns3:hr>176</ns3:hr>
            <ns3:cad>94</ns3:cad>
          </ns3:TrackPointExtension>
        </extensions>
      </trkpt>
      <trkpt lat="34.6951087005436420440673828125" lon="135.2133920229971408843994140625">
        <ele>8.80000019073486328125</ele>
        <time>2026-08-05T21:24:15.000Z</time>
        <extensions>
          <ns3:TrackPointExtension>
            <ns3:atemp>32.0</ns3:atemp>
            <ns3:hr>176</ns3:hr>
            <ns3:cad>94</ns3:cad>
          </ns3:TrackPointExtension>
        </extensions>
      </trkpt>
      <trkpt lat="34.69508531503379344940185546875" lon="135.21336277015507221221923828125">
        <ele>9</ele>
        <time>2026-08-05T21:24:16.000Z</time>
        <extensions>
          <ns3:TrackPointExtension>
            <ns3:atemp>32.0</ns3:atemp>
            <ns3:hr>176</ns3:hr>
            <ns3:cad>94</ns3:cad>
          </ns3:TrackPointExtension>
        </extensions>
      </trkpt>
      <trkpt lat="34.6950607560575008392333984375" lon="135.21333276294171810150146484375">
        <ele>9</ele>
        <time>2026-08-05T21:24:17.000Z</time>
        <extensions>
          <ns3:TrackPointExtension>
            <ns3:atemp>32.0</ns3:atemp>
            <ns3:hr>176</ns3:hr>
            <ns3:cad>94</ns3:cad>
          </ns3:TrackPointExtension>
        </extensions>
      </trkpt>
      <trkpt lat="34.69503636471927165985107421875" lon="135.21330359391868114471435546875">
        <ele>9</ele>
        <time>2026-08-05T21:24:18.000Z</time>
        <extensions>
          <ns3:TrackPointExtension>
            <ns3:atemp>32.0</ns3:atemp>
            <ns3:hr>176</ns3:hr>
            <ns3:cad>94</ns3:cad>
          </ns3:TrackPointExtension>
        </extensions>
      </trkpt>
      <trkpt lat="34.69500996172428131103515625" lon="135.2132770232856273651123046875">
        <ele>9.19999980926513671875</ele>
        <time>2026-08-05T21:24:19.000Z</time>
        <extensions>
          <ns3:TrackPointExtension>
            <ns3:atemp>32.0</ns3:atemp>
            <ns3:hr>176</ns3:hr>
            <ns3:cad>94</ns3:cad>
          </ns3:TrackPointExtension>
        </extensions>
      </trkpt>
      <trkpt lat="34.6949866600334644317626953125" lon="135.2132545597851276397705078125">
        <ele>9</ele>
        <time>2026-08-05T21:24:20.000Z</time>
        <extensions>
          <ns3:TrackPointExtension>
            <ns3:atemp>32.0</ns3:atemp>
            <ns3:hr>176</ns3:hr>
            <ns3:cad>94</ns3:cad>
          </ns3:TrackPointExtension>
        </extensions>
      </trkpt>
      <trkpt lat="34.694961346685886383056640625" lon="135.21322631277143955230712890625">
        <ele>9</ele>
        <time>2026-08-05T21:24:21.000Z</time>
        <extensions>
          <ns3:TrackPointExtension>
            <ns3:atemp>32.0</ns3:atemp>
            <ns3:hr>176</ns3:hr>
            <ns3:cad>94</ns3:cad>
          </ns3:TrackPointExtension>
        </extensions>
      </trkpt>
      <trkpt lat="34.694938547909259796142578125" lon="135.213200412690639495849609375">
        <ele>9</ele>
        <time>2026-08-05T21:24:22.000Z</time>
        <extensions>
          <ns3:TrackPointExtension>
            <ns3:atemp>32.0</ns3:atemp>
            <ns3:hr>176</ns3:hr>
            <ns3:cad>93</ns3:cad>
          </ns3:TrackPointExtension>
        </extensions>
      </trkpt>
      <trkpt lat="34.6949145756661891937255859375" lon="135.21316948346793651580810546875">
        <ele>8.80000019073486328125</ele>
        <time>2026-08-05T21:24:23.000Z</time>
        <extensions>
          <ns3:TrackPointExtension>
            <ns3:atemp>32.0</ns3:atemp>
            <ns3:hr>176</ns3:hr>
            <ns3:cad>93</ns3:cad>
          </ns3:TrackPointExtension>
        </extensions>
      </trkpt>
      <trkpt lat="34.694890938699245452880859375" lon="135.2131419070065021514892578125">
        <ele>8.80000019073486328125</ele>
        <time>2026-08-05T21:24:24.000Z</time>
        <extensions>
          <ns3:TrackPointExtension>
            <ns3:atemp>32.0</ns3:atemp>
            <ns3:hr>176</ns3:hr>
            <ns3:cad>93</ns3:cad>
          </ns3:TrackPointExtension>
        </extensions>
      </trkpt>
      <trkpt lat="34.6948696486651897430419921875" lon="135.21311030723154544830322265625">
        <ele>8.80000019073486328125</ele>
        <time>2026-08-05T21:24:25.000Z</time>
        <extensions>
          <ns3:TrackPointExtension>
            <ns3:atemp>32.0</ns3:atemp>
            <ns3:hr>176</ns3:hr>
            <ns3:cad>93</ns3:cad>
          </ns3:TrackPointExtension>
        </extensions>
      </trkpt>
      <trkpt lat="34.6948478557169437408447265625" lon="135.21307594142854213714599609375">
        <ele>8.80000019073486328125</ele>
        <time>2026-08-05T21:24:26.000Z</time>
        <extensions>
          <ns3:TrackPointExtension>
            <ns3:atemp>32.0</ns3:atemp>
            <ns3:hr>176</ns3:hr>
            <ns3:cad>93</ns3:cad>
          </ns3:TrackPointExtension>
        </extensions>
      </trkpt>
      <trkpt lat="34.694829247891902923583984375" lon="135.21304325200617313385009765625">
        <ele>9</ele>
        <time>2026-08-05T21:24:27.000Z</time>
        <extensions>
          <ns3:TrackPointExtension>
            <ns3:atemp>32.0</ns3:atemp>
            <ns3:hr>176</ns3:hr>
            <ns3:cad>94</ns3:cad>
          </ns3:TrackPointExtension>
        </extensions>
      </trkpt>
      <trkpt lat="34.6948180161416530609130859375" lon="135.213005281984806060791015625">
        <ele>9</ele>
        <time>2026-08-05T21:24:28.000Z</time>
        <extensions>
          <ns3:TrackPointExtension>
            <ns3:atemp>32.0</ns3:atemp>
            <ns3:hr>176</ns3:hr>
            <ns3:cad>94</ns3:cad>
          </ns3:TrackPointExtension>
        </extensions>
      </trkpt>
      <trkpt lat="34.69480938278138637542724609375" lon="135.2129662223160266876220703125">
        <ele>9</ele>
        <time>2026-08-05T21:24:29.000Z</time>
        <extensions>
          <ns3:TrackPointExtension>
            <ns3:atemp>32.0</ns3:atemp>
            <ns3:hr>176</ns3:hr>
            <ns3:cad>93</ns3:cad>
          </ns3:TrackPointExtension>
        </extensions>
      </trkpt>
      <trkpt lat="34.6948014199733734130859375" lon="135.2129280008375644683837890625">
        <ele>9</ele>
        <time>2026-08-05T21:24:30.000Z</time>
        <extensions>
          <ns3:TrackPointExtension>
            <ns3:atemp>32.0</ns3:atemp>
            <ns3:hr>176</ns3:hr>
            <ns3:cad>93</ns3:cad>
          </ns3:TrackPointExtension>
        </extensions>
      </trkpt>
      <trkpt lat="34.69479396007955074310302734375" lon="135.21289170719683170318603515625">
        <ele>9</ele>
        <time>2026-08-05T21:24:31.000Z</time>
        <extensions>
          <ns3:TrackPointExtension>
            <ns3:atemp>32.0</ns3:atemp>
            <ns3:hr>176</ns3:hr>
            <ns3:cad>93</ns3:cad>
          </ns3:TrackPointExtension>
        </extensions>
      </trkpt>
      <trkpt lat="34.69479136168956756591796875" lon="135.21285030059516429901123046875">
        <ele>9</ele>
        <time>2026-08-05T21:24:32.000Z</time>
        <extensions>
          <ns3:TrackPointExtension>
            <ns3:atemp>33.0</ns3:atemp>
            <ns3:hr>176</ns3:hr>
            <ns3:cad>94</ns3:cad>
          </ns3:TrackPointExtension>
        </extensions>
      </trkpt>
      <trkpt lat="34.69478758983314037322998046875" lon="135.2128113247454166412353515625">
        <ele>8.80000019073486328125</ele>
        <time>2026-08-05T21:24:33.000Z</time>
        <extensions>
          <ns3:TrackPointExtension>
            <ns3:atemp>32.0</ns3:atemp>
            <ns3:hr>176</ns3:hr>
            <ns3:cad>94</ns3:cad>
          </ns3:TrackPointExtension>
        </extensions>
      </trkpt>
      <trkpt lat="34.69478909857571125030517578125" lon="135.21277234889566898345947265625">
        <ele>8.80000019073486328125</ele>
        <time>2026-08-05T21:24:34.000Z</time>
        <extensions>
          <ns3:TrackPointExtension>
            <ns3:atemp>32.0</ns3:atemp>
            <ns3:hr>176</ns3:hr>
            <ns3:cad>94</ns3:cad>
          </ns3:TrackPointExtension>
        </extensions>
      </trkpt>
      <trkpt lat="34.69479211606085300445556640625" lon="135.2127332054078578948974609375">
        <ele>8.80000019073486328125</ele>
        <time>2026-08-05T21:24:35.000Z</time>
        <extensions>
          <ns3:TrackPointExtension>
            <ns3:atemp>32.0</ns3:atemp>
            <ns3:hr>176</ns3:hr>
            <ns3:cad>94</ns3:cad>
          </ns3:TrackPointExtension>
        </extensions>
      </trkpt>
      <trkpt lat="34.69479404389858245849609375" lon="135.21269640885293483734130859375">
        <ele>8.80000019073486328125</ele>
        <time>2026-08-05T21:24:36.000Z</time>
        <extensions>
          <ns3:TrackPointExtension>
            <ns3:atemp>32.0</ns3:atemp>
            <ns3:hr>177</ns3:hr>
            <ns3:cad>94</ns3:cad>
          </ns3:TrackPointExtension>
        </extensions>
      </trkpt>
      <trkpt lat="34.6948022581636905670166015625" lon="135.21265558898448944091796875">
        <ele>8.80000019073486328125</ele>
        <time>2026-08-05T21:24:37.000Z</time>
        <extensions>
          <ns3:TrackPointExtension>
            <ns3:atemp>32.0</ns3:atemp>
            <ns3:hr>176</ns3:hr>
            <ns3:cad>95</ns3:cad>
          </ns3:TrackPointExtension>
        </extensions>
      </trkpt>
      <trkpt lat="34.694810807704925537109375" lon="135.2126171998679637908935546875">
        <ele>8.80000019073486328125</ele>
        <time>2026-08-05T21:24:38.000Z</time>
        <extensions>
          <ns3:TrackPointExtension>
            <ns3:atemp>32.0</ns3:atemp>
            <ns3:hr>176</ns3:hr>
            <ns3:cad>95</ns3:cad>
          </ns3:TrackPointExtension>
        </extensions>
      </trkpt>
      <trkpt lat="34.694821536540985107421875" lon="135.21257721818983554840087890625">
        <ele>8.80000019073486328125</ele>
        <time>2026-08-05T21:24:39.000Z</time>
        <extensions>
          <ns3:TrackPointExtension>
            <ns3:atemp>32.0</ns3:atemp>
            <ns3:hr>176</ns3:hr>
            <ns3:cad>94</ns3:cad>
          </ns3:TrackPointExtension>
        </extensions>
      </trkpt>
      <trkpt lat="34.69483218155801296234130859375" lon="135.21254134364426136016845703125">
        <ele>8.80000019073486328125</ele>
        <time>2026-08-05T21:24:40.000Z</time>
        <extensions>
          <ns3:TrackPointExtension>
            <ns3:atemp>32.0</ns3:atemp>
            <ns3:hr>177</ns3:hr>
            <ns3:cad>93</ns3:cad>
          </ns3:TrackPointExtension>
        </extensions>
      </trkpt>
      <trkpt lat="34.69484626315534114837646484375" lon="135.212505050003528594970703125">
        <ele>8.80000019073486328125</ele>
        <time>2026-08-05T21:24:41.000Z</time>
        <extensions>
          <ns3:TrackPointExtension>
            <ns3:atemp>32.0</ns3:atemp>
            <ns3:hr>176</ns3:hr>
            <ns3:cad>93</ns3:cad>
          </ns3:TrackPointExtension>
        </extensions>
      </trkpt>
      <trkpt lat="34.6948572434484958648681640625" lon="135.212466828525066375732421875">
        <ele>8.80000019073486328125</ele>
        <time>2026-08-05T21:24:42.000Z</time>
        <extensions>
          <ns3:TrackPointExtension>
            <ns3:atemp>32.0</ns3:atemp>
            <ns3:hr>176</ns3:hr>
            <ns3:cad>92</ns3:cad>
          </ns3:TrackPointExtension>
        </extensions>
      </trkpt>
      <trkpt lat="34.69487409107387065887451171875" lon="135.21243405528366565704345703125">
        <ele>8.80000019073486328125</ele>
        <time>2026-08-05T21:24:43.000Z</time>
        <extensions>
          <ns3:TrackPointExtension>
            <ns3:atemp>32.0</ns3:atemp>
            <ns3:hr>176</ns3:hr>
            <ns3:cad>92</ns3:cad>
          </ns3:TrackPointExtension>
        </extensions>
      </trkpt>
      <trkpt lat="34.69489538110792636871337890625" lon="135.21240480244159698486328125">
        <ele>8.80000019073486328125</ele>
        <time>2026-08-05T21:24:44.000Z</time>
        <extensions>
          <ns3:TrackPointExtension>
            <ns3:atemp>32.0</ns3:atemp>
            <ns3:hr>176</ns3:hr>
            <ns3:cad>92</ns3:cad>
          </ns3:TrackPointExtension>
        </extensions>
      </trkpt>
      <trkpt lat="34.69491968862712383270263671875" lon="135.21237789653241634368896484375">
        <ele>8.80000019073486328125</ele>
        <time>2026-08-05T21:24:45.000Z</time>
        <extensions>
          <ns3:TrackPointExtension>
            <ns3:atemp>32.0</ns3:atemp>
            <ns3:hr>176</ns3:hr>
            <ns3:cad>92</ns3:cad>
          </ns3:TrackPointExtension>
        </extensions>
      </trkpt>
      <trkpt lat="34.6949460916221141815185546875" lon="135.21235761232674121856689453125">
        <ele>9</ele>
        <time>2026-08-05T21:24:46.000Z</time>
        <extensions>
          <ns3:TrackPointExtension>
            <ns3:atemp>32.0</ns3:atemp>
            <ns3:hr>176</ns3:hr>
            <ns3:cad>92</ns3:cad>
          </ns3:TrackPointExtension>
        </extensions>
      </trkpt>
      <trkpt lat="34.69496930949389934539794921875" lon="135.21233581937849521636962890625">
        <ele>9</ele>
        <time>2026-08-05T21:24:47.000Z</time>
        <extensions>
          <ns3:TrackPointExtension>
            <ns3:atemp>32.0</ns3:atemp>
            <ns3:hr>176</ns3:hr>
            <ns3:cad>94</ns3:cad>
          </ns3:TrackPointExtension>
        </extensions>
      </trkpt>
      <trkpt lat="34.6949957124888896942138671875" lon="135.21231486462056636810302734375">
        <ele>8.80000019073486328125</ele>
        <time>2026-08-05T21:24:48.000Z</time>
        <extensions>
          <ns3:TrackPointExtension>
            <ns3:atemp>32.0</ns3:atemp>
            <ns3:hr>176</ns3:hr>
            <ns3:cad>94</ns3:cad>
          </ns3:TrackPointExtension>
        </extensions>
      </trkpt>
      <trkpt lat="34.6950221993029117584228515625" lon="135.21229474805295467376708984375">
        <ele>8.80000019073486328125</ele>
        <time>2026-08-05T21:24:49.000Z</time>
        <extensions>
          <ns3:TrackPointExtension>
            <ns3:atemp>32.0</ns3:atemp>
            <ns3:hr>176</ns3:hr>
            <ns3:cad>93</ns3:cad>
          </ns3:TrackPointExtension>
        </extensions>
      </trkpt>
      <trkpt lat="34.69505044631659984588623046875" lon="135.2122740447521209716796875">
        <ele>9</ele>
        <time>2026-08-05T21:24:50.000Z</time>
        <extensions>
          <ns3:TrackPointExtension>
            <ns3:atemp>32.0</ns3:atemp>
            <ns3:hr>176</ns3:hr>
            <ns3:cad>93</ns3:cad>
          </ns3:TrackPointExtension>
        </extensions>
      </trkpt>
      <trkpt lat="34.69507274217903614044189453125" lon="135.2122483961284160614013671875">
        <ele>9</ele>
        <time>2026-08-05T21:24:51.000Z</time>
        <extensions>
          <ns3:TrackPointExtension>
            <ns3:atemp>32.0</ns3:atemp>
            <ns3:hr>176</ns3:hr>
            <ns3:cad>92</ns3:cad>
          </ns3:TrackPointExtension>
        </extensions>
      </trkpt>
      <trkpt lat="34.69509973190724849700927734375" lon="135.21222534589469432830810546875">
        <ele>9.19999980926513671875</ele>
        <time>2026-08-05T21:24:52.000Z</time>
        <extensions>
          <ns3:TrackPointExtension>
            <ns3:atemp>32.0</ns3:atemp>
            <ns3:hr>176</ns3:hr>
            <ns3:cad>92</ns3:cad>
          </ns3:TrackPointExtension>
        </extensions>
      </trkpt>
      <trkpt lat="34.695126973092555999755859375" lon="135.2122021280229091644287109375">
        <ele>9.19999980926513671875</ele>
        <time>2026-08-05T21:24:53.000Z</time>
        <extensions>
          <ns3:TrackPointExtension>
            <ns3:atemp>32.0</ns3:atemp>
            <ns3:hr>176</ns3:hr>
            <ns3:cad>93</ns3:cad>
          </ns3:TrackPointExtension>
        </extensions>
      </trkpt>
      <trkpt lat="34.6951529569923877716064453125" lon="135.21218226291239261627197265625">
        <ele>9.19999980926513671875</ele>
        <time>2026-08-05T21:24:54.000Z</time>
        <extensions>
          <ns3:TrackPointExtension>
            <ns3:atemp>32.0</ns3:atemp>
            <ns3:hr>176</ns3:hr>
            <ns3:cad>94</ns3:cad>
          </ns3:TrackPointExtension>
        </extensions>
      </trkpt>
      <trkpt lat="34.6951838023960590362548828125" lon="135.21215879358351230621337890625">
        <ele>9</ele>
        <time>2026-08-05T21:24:55.000Z</time>
        <extensions>
          <ns3:TrackPointExtension>
            <ns3:atemp>32.0</ns3:atemp>
            <ns3:hr>176</ns3:hr>
            <ns3:cad>94</ns3:cad>
          </ns3:TrackPointExtension>
        </extensions>
      </trkpt>
      <trkpt lat="34.69520978629589080810546875" lon="135.2121320553123950958251953125">
        <ele>9</ele>
        <time>2026-08-05T21:24:56.000Z</time>
        <extensions>
          <ns3:TrackPointExtension>
            <ns3:atemp>32.0</ns3:atemp>
            <ns3:hr>176</ns3:hr>
            <ns3:cad>94</ns3:cad>
          </ns3:TrackPointExtension>
        </extensions>
      </trkpt>
      <trkpt lat="34.69523753039538860321044921875" lon="135.21210917271673679351806640625">
        <ele>9</ele>
        <time>2026-08-05T21:24:57.000Z</time>
        <extensions>
          <ns3:TrackPointExtension>
            <ns3:atemp>32.0</ns3:atemp>
            <ns3:hr>176</ns3:hr>
            <ns3:cad>94</ns3:cad>
          </ns3:TrackPointExtension>
        </extensions>
      </trkpt>
      <trkpt lat="34.6952652744948863983154296875" lon="135.212082602083683013916015625">
        <ele>9</ele>
        <time>2026-08-05T21:24:58.000Z</time>
        <extensions>
          <ns3:TrackPointExtension>
            <ns3:atemp>32.0</ns3:atemp>
            <ns3:hr>176</ns3:hr>
            <ns3:cad>94</ns3:cad>
          </ns3:TrackPointExtension>
        </extensions>
      </trkpt>
      <trkpt lat="34.6952922642230987548828125" lon="135.2120572887361049652099609375">
        <ele>9</ele>
        <time>2026-08-05T21:24:59.000Z</time>
        <extensions>
          <ns3:TrackPointExtension>
            <ns3:atemp>32.0</ns3:atemp>
            <ns3:hr>176</ns3:hr>
            <ns3:cad>94</ns3:cad>
          </ns3:TrackPointExtension>
        </extensions>
      </trkpt>
      <trkpt lat="34.69531841576099395751953125" lon="135.21202920936048030853271484375">
        <ele>8.80000019073486328125</ele>
        <time>2026-08-05T21:25:00.000Z</time>
        <extensions>
          <ns3:TrackPointExtension>
            <ns3:atemp>32.0</ns3:atemp>
            <ns3:hr>176</ns3:hr>
            <ns3:cad>93</ns3:cad>
          </ns3:TrackPointExtension>
        </extensions>
      </trkpt>
      <trkpt lat="34.69534247182309627532958984375" lon="135.21200506947934627532958984375">
        <ele>8.80000019073486328125</ele>
        <time>2026-08-05T21:25:01.000Z</time>
        <extensions>
          <ns3:TrackPointExtension>
            <ns3:atemp>32.0</ns3:atemp>
            <ns3:hr>176</ns3:hr>
            <ns3:cad>93</ns3:cad>
          </ns3:TrackPointExtension>
        </extensions>
      </trkpt>
      <trkpt lat="34.69537046737968921661376953125" lon="135.21197992376983165740966796875">
        <ele>8.80000019073486328125</ele>
        <time>2026-08-05T21:25:02.000Z</time>
        <extensions>
          <ns3:TrackPointExtension>
            <ns3:atemp>32.0</ns3:atemp>
            <ns3:hr>176</ns3:hr>
            <ns3:cad>94</ns3:cad>
          </ns3:TrackPointExtension>
        </extensions>
      </trkpt>
      <trkpt lat="34.69539628364145755767822265625" lon="135.21195393986999988555908203125">
        <ele>8.80000019073486328125</ele>
        <time>2026-08-05T21:25:03.000Z</time>
        <extensions>
          <ns3:TrackPointExtension>
            <ns3:atemp>32.0</ns3:atemp>
            <ns3:hr>176</ns3:hr>
            <ns3:cad>95</ns3:cad>
          </ns3:TrackPointExtension>
        </extensions>
      </trkpt>
      <trkpt lat="34.69542226754128932952880859375" lon="135.21192778833210468292236328125">
        <ele>9</ele>
        <time>2026-08-05T21:25:04.000Z</time>
        <extensions>
          <ns3:TrackPointExtension>
            <ns3:atemp>32.0</ns3:atemp>
            <ns3:hr>176</ns3:hr>
            <ns3:cad>95</ns3:cad>
          </ns3:TrackPointExtension>
        </extensions>
      </trkpt>
      <trkpt lat="34.695449508726596832275390625" lon="135.21190331317484378814697265625">
        <ele>9.19999980926513671875</ele>
        <time>2026-08-05T21:25:05.000Z</time>
        <extensions>
          <ns3:TrackPointExtension>
            <ns3:atemp>32.0</ns3:atemp>
            <ns3:hr>176</ns3:hr>
            <ns3:cad>95</ns3:cad>
          </ns3:TrackPointExtension>
        </extensions>
      </trkpt>
      <trkpt lat="34.69547607935965061187744140625" lon="135.2118795923888683319091796875">
        <ele>9.19999980926513671875</ele>
        <time>2026-08-05T21:25:06.000Z</time>
        <extensions>
          <ns3:TrackPointExtension>
            <ns3:atemp>32.0</ns3:atemp>
            <ns3:hr>176</ns3:hr>
            <ns3:cad>95</ns3:cad>
          </ns3:TrackPointExtension>
        </extensions>
      </trkpt>
      <trkpt lat="34.69550214707851409912109375" lon="135.21185503341257572174072265625">
        <ele>9.3999996185302734375</ele>
        <time>2026-08-05T21:25:07.000Z</time>
        <extensions>
          <ns3:TrackPointExtension>
            <ns3:atemp>32.0</ns3:atemp>
            <ns3:hr>176</ns3:hr>
            <ns3:cad>94</ns3:cad>
          </ns3:TrackPointExtension>
        </extensions>
      </trkpt>
      <trkpt lat="34.6955277957022190093994140625" lon="135.2118336595594882965087890625">
        <ele>9.3999996185302734375</ele>
        <time>2026-08-05T21:25:08.000Z</time>
        <extensions>
          <ns3:TrackPointExtension>
            <ns3:atemp>32.0</ns3:atemp>
            <ns3:hr>176</ns3:hr>
            <ns3:cad>94</ns3:cad>
          </ns3:TrackPointExtension>
        </extensions>
      </trkpt>
      <trkpt lat="34.69555688090622425079345703125" lon="135.21181069314479827880859375">
        <ele>9.80000019073486328125</ele>
        <time>2026-08-05T21:25:09.000Z</time>
        <extensions>
          <ns3:TrackPointExtension>
            <ns3:atemp>32.0</ns3:atemp>
            <ns3:hr>176</ns3:hr>
            <ns3:cad>94</ns3:cad>
          </ns3:TrackPointExtension>
        </extensions>
      </trkpt>
      <trkpt lat="34.695578925311565399169921875" lon="135.21178294904530048370361328125">
        <ele>9.6000003814697265625</ele>
        <time>2026-08-05T21:25:10.000Z</time>
        <extensions>
          <ns3:TrackPointExtension>
            <ns3:atemp>32.0</ns3:atemp>
            <ns3:hr>176</ns3:hr>
            <ns3:cad>95</ns3:cad>
          </ns3:TrackPointExtension>
        </extensions>
      </trkpt>
      <trkpt lat="34.69559996388852596282958984375" lon="135.2117548696696758270263671875">
        <ele>9.3999996185302734375</ele>
        <time>2026-08-05T21:25:11.000Z</time>
        <extensions>
          <ns3:TrackPointExtension>
            <ns3:atemp>32.0</ns3:atemp>
            <ns3:hr>176</ns3:hr>
            <ns3:cad>95</ns3:cad>
          </ns3:TrackPointExtension>
        </extensions>
      </trkpt>
      <trkpt lat="34.6956263668835163116455078125" lon="135.21172754466533660888671875">
        <ele>9.3999996185302734375</ele>
        <time>2026-08-05T21:25:12.000Z</time>
        <extensions>
          <ns3:TrackPointExtension>
            <ns3:atemp>32.0</ns3:atemp>
            <ns3:hr>176</ns3:hr>
            <ns3:cad>94</ns3:cad>
          </ns3:TrackPointExtension>
        </extensions>
      </trkpt>
      <trkpt lat="34.6956481598317623138427734375" lon="135.21170332096517086029052734375">
        <ele>9.3999996185302734375</ele>
        <time>2026-08-05T21:25:13.000Z</time>
        <extensions>
          <ns3:TrackPointExtension>
            <ns3:atemp>32.0</ns3:atemp>
            <ns3:hr>176</ns3:hr>
            <ns3:cad>94</ns3:cad>
          </ns3:TrackPointExtension>
        </extensions>
      </trkpt>
      <trkpt lat="34.6956729702651500701904296875" lon="135.2116740681231021881103515625">
        <ele>9</ele>
        <time>2026-08-05T21:25:14.000Z</time>
        <extensions>
          <ns3:TrackPointExtension>
            <ns3:atemp>32.0</ns3:atemp>
            <ns3:hr>176</ns3:hr>
            <ns3:cad>95</ns3:cad>
          </ns3:TrackPointExtension>
        </extensions>
      </trkpt>
      <trkpt lat="34.695694930851459503173828125" lon="135.2116465754806995391845703125">
        <ele>9</ele>
        <time>2026-08-05T21:25:15.000Z</time>
        <extensions>
          <ns3:TrackPointExtension>
            <ns3:atemp>32.0</ns3:atemp>
            <ns3:hr>176</ns3:hr>
            <ns3:cad>95</ns3:cad>
          </ns3:TrackPointExtension>
        </extensions>
      </trkpt>
      <trkpt lat="34.69572016038000583648681640625" lon="135.21161698736250400543212890625">
        <ele>9.19999980926513671875</ele>
        <time>2026-08-05T21:25:16.000Z</time>
        <extensions>
          <ns3:TrackPointExtension>
            <ns3:atemp>32.0</ns3:atemp>
            <ns3:hr>175</ns3:hr>
            <ns3:cad>94</ns3:cad>
          </ns3:TrackPointExtension>
        </extensions>
      </trkpt>
      <trkpt lat="34.695743881165981292724609375" lon="135.21158949472010135650634765625">
        <ele>9.19999980926513671875</ele>
        <time>2026-08-05T21:25:17.000Z</time>
        <extensions>
          <ns3:TrackPointExtension>
            <ns3:atemp>32.0</ns3:atemp>
            <ns3:hr>176</ns3:hr>
            <ns3:cad>94</ns3:cad>
          </ns3:TrackPointExtension>
        </extensions>
      </trkpt>
      <trkpt lat="34.6957678534090518951416015625" lon="135.2115617506206035614013671875">
        <ele>9</ele>
        <time>2026-08-05T21:25:18.000Z</time>
        <extensions>
          <ns3:TrackPointExtension>
            <ns3:atemp>32.0</ns3:atemp>
            <ns3:hr>176</ns3:hr>
            <ns3:cad>94</ns3:cad>
          </ns3:TrackPointExtension>
        </extensions>
      </trkpt>
      <trkpt lat="34.69579207710921764373779296875" lon="135.2115369401872158050537109375">
        <ele>9</ele>
        <time>2026-08-05T21:25:19.000Z</time>
        <extensions>
          <ns3:TrackPointExtension>
            <ns3:atemp>32.0</ns3:atemp>
            <ns3:hr>175</ns3:hr>
            <ns3:cad>94</ns3:cad>
          </ns3:TrackPointExtension>
        </extensions>
      </trkpt>
      <trkpt lat="34.69582057558000087738037109375" lon="135.21152344532310962677001953125">
        <ele>9</ele>
        <time>2026-08-05T21:25:20.000Z</time>
        <extensions>
          <ns3:TrackPointExtension>
            <ns3:atemp>32.0</ns3:atemp>
            <ns3:hr>175</ns3:hr>
            <ns3:cad>93</ns3:cad>
          </ns3:TrackPointExtension>
        </extensions>
      </trkpt>
      <trkpt lat="34.69585351645946502685546875" lon="135.21151992492377758026123046875">
        <ele>9</ele>
        <time>2026-08-05T21:25:21.000Z</time>
        <extensions>
          <ns3:TrackPointExtension>
            <ns3:atemp>32.0</ns3:atemp>
            <ns3:hr>175</ns3:hr>
            <ns3:cad>93</ns3:cad>
          </ns3:TrackPointExtension>
        </extensions>
      </trkpt>
      <trkpt lat="34.69588411040604114532470703125" lon="135.21151456050574779510498046875">
        <ele>9</ele>
        <time>2026-08-05T21:25:22.000Z</time>
        <extensions>
          <ns3:TrackPointExtension>
            <ns3:atemp>32.0</ns3:atemp>
            <ns3:hr>175</ns3:hr>
            <ns3:cad>93</ns3:cad>
          </ns3:TrackPointExtension>
        </extensions>
      </trkpt>
      <trkpt lat="34.695900790393352508544921875" lon="135.2114977128803730010986328125">
        <ele>9</ele>
        <time>2026-08-05T21:25:23.000Z</time>
        <extensions>
          <ns3:TrackPointExtension>
            <ns3:atemp>32.0</ns3:atemp>
            <ns3:hr>175</ns3:hr>
            <ns3:cad>93</ns3:cad>
          </ns3:TrackPointExtension>
        </extensions>
      </trkpt>
      <trkpt lat="34.69589509069919586181640625" lon="135.21147985942661762237548828125">
        <ele>9.19999980926513671875</ele>
        <time>2026-08-05T21:25:24.000Z</time>
        <extensions>
          <ns3:TrackPointExtension>
            <ns3:atemp>32.0</ns3:atemp>
            <ns3:hr>176</ns3:hr>
            <ns3:cad>92</ns3:cad>
          </ns3:TrackPointExtension>
        </extensions>
      </trkpt>
      <trkpt lat="34.6958707831799983978271484375" lon="135.2114873193204402923583984375">
        <ele>9.19999980926513671875</ele>
        <time>2026-08-05T21:25:25.000Z</time>
        <extensions>
          <ns3:TrackPointExtension>
            <ns3:atemp>32.0</ns3:atemp>
            <ns3:hr>176</ns3:hr>
            <ns3:cad>91</ns3:cad>
          </ns3:TrackPointExtension>
        </extensions>
      </trkpt>
      <trkpt lat="34.69584546983242034912109375" lon="135.21151539869606494903564453125">
        <ele>9.19999980926513671875</ele>
        <time>2026-08-05T21:25:26.000Z</time>
        <extensions>
          <ns3:TrackPointExtension>
            <ns3:atemp>31.0</ns3:atemp>
            <ns3:hr>176</ns3:hr>
            <ns3:cad>90</ns3:cad>
          </ns3:TrackPointExtension>
        </extensions>
      </trkpt>
      <trkpt lat="34.69581286422908306121826171875" lon="135.2115423046052455902099609375">
        <ele>9.19999980926513671875</ele>
        <time>2026-08-05T21:25:27.000Z</time>
        <extensions>
          <ns3:TrackPointExtension>
            <ns3:atemp>32.0</ns3:atemp>
            <ns3:hr>176</ns3:hr>
            <ns3:cad>88</ns3:cad>
          </ns3:TrackPointExtension>
        </extensions>
      </trkpt>
      <trkpt lat="34.6957789175212383270263671875" lon="135.211564935743808746337890625">
        <ele>9.19999980926513671875</ele>
        <time>2026-08-05T21:25:28.000Z</time>
        <extensions>
          <ns3:TrackPointExtension>
            <ns3:atemp>31.0</ns3:atemp>
            <ns3:hr>176</ns3:hr>
            <ns3:cad>88</ns3:cad>
          </ns3:TrackPointExtension>
        </extensions>
      </trkpt>
      <trkpt lat="34.69574983231723308563232421875" lon="135.2115882374346256256103515625">
        <ele>9</ele>
        <time>2026-08-05T21:25:29.000Z</time>
        <extensions>
          <ns3:TrackPointExtension>
            <ns3:atemp>32.0</ns3:atemp>
            <ns3:hr>176</ns3:hr>
            <ns3:cad>88</ns3:cad>
          </ns3:TrackPointExtension>
        </extensions>
      </trkpt>
      <trkpt lat="34.69572074711322784423828125" lon="135.211609862744808197021484375">
        <ele>9</ele>
        <time>2026-08-05T21:25:30.000Z</time>
        <extensions>
          <ns3:TrackPointExtension>
            <ns3:atemp>32.0</ns3:atemp>
            <ns3:hr>176</ns3:hr>
            <ns3:cad>88</ns3:cad>
          </ns3:TrackPointExtension>
        </extensions>
      </trkpt>
      <trkpt lat="34.6956947632133960723876953125" lon="135.21163123659789562225341796875">
        <ele>8.80000019073486328125</ele>
        <time>2026-08-05T21:25:31.000Z</time>
        <extensions>
          <ns3:TrackPointExtension>
            <ns3:atemp>32.0</ns3:atemp>
            <ns3:hr>176</ns3:hr>
            <ns3:cad>90</ns3:cad>
          </ns3:TrackPointExtension>
        </extensions>
      </trkpt>
      <trkpt lat="34.69566576182842254638671875" lon="135.21165403537452220916748046875">
        <ele>8.80000019073486328125</ele>
        <time>2026-08-05T21:25:32.000Z</time>
        <extensions>
          <ns3:TrackPointExtension>
            <ns3:atemp>32.0</ns3:atemp>
            <ns3:hr>176</ns3:hr>
            <ns3:cad>91</ns3:cad>
          </ns3:TrackPointExtension>
        </extensions>
      </trkpt>
      <trkpt lat="34.6956384368240833282470703125" lon="135.21167926490306854248046875">
        <ele>8.80000019073486328125</ele>
        <time>2026-08-05T21:25:33.000Z</time>
        <extensions>
          <ns3:TrackPointExtension>
            <ns3:atemp>32.0</ns3:atemp>
            <ns3:hr>176</ns3:hr>
            <ns3:cad>92</ns3:cad>
          </ns3:TrackPointExtension>
        </extensions>
      </trkpt>
      <trkpt lat="34.69561354257166385650634765625" lon="135.211703069508075714111328125">
        <ele>8.80000019073486328125</ele>
        <time>2026-08-05T21:25:34.000Z</time>
        <extensions>
          <ns3:TrackPointExtension>
            <ns3:atemp>32.0</ns3:atemp>
            <ns3:hr>176</ns3:hr>
            <ns3:cad>94</ns3:cad>
          </ns3:TrackPointExtension>
        </extensions>
      </trkpt>
      <trkpt lat="34.69558554701507091522216796875" lon="135.211723186075687408447265625">
        <ele>8.80000019073486328125</ele>
        <time>2026-08-05T21:25:35.000Z</time>
        <extensions>
          <ns3:TrackPointExtension>
            <ns3:atemp>32.0</ns3:atemp>
            <ns3:hr>175</ns3:hr>
            <ns3:cad>95</ns3:cad>
          </ns3:TrackPointExtension>
        </extensions>
      </trkpt>
      <trkpt lat="34.6955579705536365509033203125" lon="135.21174455992877483367919921875">
        <ele>9</ele>
        <time>2026-08-05T21:25:36.000Z</time>
        <extensions>
          <ns3:TrackPointExtension>
            <ns3:atemp>32.0</ns3:atemp>
            <ns3:hr>174</ns3:hr>
            <ns3:cad>95</ns3:cad>
          </ns3:TrackPointExtension>
        </extensions>
      </trkpt>
      <trkpt lat="34.69553290866315364837646484375" lon="135.21176786161959171295166015625">
        <ele>9</ele>
        <time>2026-08-05T21:25:37.000Z</time>
        <extensions>
          <ns3:TrackPointExtension>
            <ns3:atemp>32.0</ns3:atemp>
            <ns3:hr>174</ns3:hr>
            <ns3:cad>95</ns3:cad>
          </ns3:TrackPointExtension>
        </extensions>
      </trkpt>
      <trkpt lat="34.6955060027539730072021484375" lon="135.211792923510074615478515625">
        <ele>9</ele>
        <time>2026-08-05T21:25:38.000Z</time>
        <extensions>
          <ns3:TrackPointExtension>
            <ns3:atemp>32.0</ns3:atemp>
            <ns3:hr>174</ns3:hr>
            <ns3:cad>95</ns3:cad>
          </ns3:TrackPointExtension>
        </extensions>
      </trkpt>
      <trkpt lat="34.69547892920672893524169921875" lon="135.21181463263928890228271484375">
        <ele>9</ele>
        <time>2026-08-05T21:25:39.000Z</time>
        <extensions>
          <ns3:TrackPointExtension>
            <ns3:atemp>32.0</ns3:atemp>
            <ns3:hr>174</ns3:hr>
            <ns3:cad>95</ns3:cad>
          </ns3:TrackPointExtension>
        </extensions>
      </trkpt>
      <trkpt lat="34.695448838174343109130859375" lon="135.21183894015848636627197265625">
        <ele>8.80000019073486328125</ele>
        <time>2026-08-05T21:25:40.000Z</time>
        <extensions>
          <ns3:TrackPointExtension>
            <ns3:atemp>32.0</ns3:atemp>
            <ns3:hr>174</ns3:hr>
            <ns3:cad>94</ns3:cad>
          </ns3:TrackPointExtension>
        </extensions>
      </trkpt>
      <trkpt lat="34.695421345531940460205078125" lon="135.2118636667728424072265625">
        <ele>8.80000019073486328125</ele>
        <time>2026-08-05T21:25:41.000Z</time>
        <extensions>
          <ns3:TrackPointExtension>
            <ns3:atemp>32.0</ns3:atemp>
            <ns3:hr>174</ns3:hr>
            <ns3:cad>94</ns3:cad>
          </ns3:TrackPointExtension>
        </extensions>
      </trkpt>
      <trkpt lat="34.6953941881656646728515625" lon="135.21188571117818355560302734375">
        <ele>8.80000019073486328125</ele>
        <time>2026-08-05T21:25:42.000Z</time>
        <extensions>
          <ns3:TrackPointExtension>
            <ns3:atemp>32.0</ns3:atemp>
            <ns3:hr>174</ns3:hr>
            <ns3:cad>94</ns3:cad>
          </ns3:TrackPointExtension>
        </extensions>
      </trkpt>
      <trkpt lat="34.69536661170423030853271484375" lon="135.21191052161157131195068359375">
        <ele>8.80000019073486328125</ele>
        <time>2026-08-05T21:25:43.000Z</time>
        <extensions>
          <ns3:TrackPointExtension>
            <ns3:atemp>32.0</ns3:atemp>
            <ns3:hr>174</ns3:hr>
            <ns3:cad>94</ns3:cad>
          </ns3:TrackPointExtension>
        </extensions>
      </trkpt>
      <trkpt lat="34.69533928669989109039306640625" lon="135.21193365566432476043701171875">
        <ele>9</ele>
        <time>2026-08-05T21:25:44.000Z</time>
        <extensions>
          <ns3:TrackPointExtension>
            <ns3:atemp>32.0</ns3:atemp>
            <ns3:hr>174</ns3:hr>
            <ns3:cad>95</ns3:cad>
          </ns3:TrackPointExtension>
        </extensions>
      </trkpt>
      <trkpt lat="34.69531145878136157989501953125" lon="135.2119602262973785400390625">
        <ele>9.19999980926513671875</ele>
        <time>2026-08-05T21:25:45.000Z</time>
        <extensions>
          <ns3:TrackPointExtension>
            <ns3:atemp>32.0</ns3:atemp>
            <ns3:hr>174</ns3:hr>
            <ns3:cad>95</ns3:cad>
          </ns3:TrackPointExtension>
        </extensions>
      </trkpt>
      <trkpt lat="34.69528346322476863861083984375" lon="135.21198595874011516571044921875">
        <ele>9.19999980926513671875</ele>
        <time>2026-08-05T21:25:46.000Z</time>
        <extensions>
          <ns3:TrackPointExtension>
            <ns3:atemp>32.0</ns3:atemp>
            <ns3:hr>175</ns3:hr>
            <ns3:cad>94</ns3:cad>
          </ns3:TrackPointExtension>
        </extensions>
      </trkpt>
      <trkpt lat="34.6952545456588268280029296875" lon="135.2120096795260906219482421875">
        <ele>9.19999980926513671875</ele>
        <time>2026-08-05T21:25:47.000Z</time>
        <extensions>
          <ns3:TrackPointExtension>
            <ns3:atemp>32.0</ns3:atemp>
            <ns3:hr>174</ns3:hr>
            <ns3:cad>94</ns3:cad>
          </ns3:TrackPointExtension>
        </extensions>
      </trkpt>
      <trkpt lat="34.695229232311248779296875" lon="135.21203733980655670166015625">
        <ele>9.19999980926513671875</ele>
        <time>2026-08-05T21:25:48.000Z</time>
        <extensions>
          <ns3:TrackPointExtension>
            <ns3:atemp>32.0</ns3:atemp>
            <ns3:hr>175</ns3:hr>
            <ns3:cad>95</ns3:cad>
          </ns3:TrackPointExtension>
        </extensions>
      </trkpt>
      <trkpt lat="34.695202745497226715087890625" lon="135.2120636589825153350830078125">
        <ele>9</ele>
        <time>2026-08-05T21:25:49.000Z</time>
        <extensions>
          <ns3:TrackPointExtension>
            <ns3:atemp>32.0</ns3:atemp>
            <ns3:hr>175</ns3:hr>
            <ns3:cad>95</ns3:cad>
          </ns3:TrackPointExtension>
        </extensions>
      </trkpt>
      <trkpt lat="34.69517835415899753570556640625" lon="135.21208955906331539154052734375">
        <ele>9</ele>
        <time>2026-08-05T21:25:50.000Z</time>
        <extensions>
          <ns3:TrackPointExtension>
            <ns3:atemp>32.0</ns3:atemp>
            <ns3:hr>176</ns3:hr>
            <ns3:cad>95</ns3:cad>
          </ns3:TrackPointExtension>
        </extensions>
      </trkpt>
      <trkpt lat="34.69515144824981689453125" lon="135.21211378276348114013671875">
        <ele>8.80000019073486328125</ele>
        <time>2026-08-05T21:25:51.000Z</time>
        <extensions>
          <ns3:TrackPointExtension>
            <ns3:atemp>32.0</ns3:atemp>
            <ns3:hr>176</ns3:hr>
            <ns3:cad>95</ns3:cad>
          </ns3:TrackPointExtension>
        </extensions>
      </trkpt>
      <trkpt lat="34.6951234526932239532470703125" lon="135.212138928472995758056640625">
        <ele>8.6000003814697265625</ele>
        <time>2026-08-05T21:25:52.000Z</time>
        <extensions>
          <ns3:TrackPointExtension>
            <ns3:atemp>31.0</ns3:atemp>
            <ns3:hr>176</ns3:hr>
            <ns3:cad>95</ns3:cad>
          </ns3:TrackPointExtension>
        </extensions>
      </trkpt>
      <trkpt lat="34.6951016597449779510498046875" lon="135.21216164343059062957763671875">
        <ele>8.3999996185302734375</ele>
        <time>2026-08-05T21:25:53.000Z</time>
        <extensions>
          <ns3:TrackPointExtension>
            <ns3:atemp>32.0</ns3:atemp>
            <ns3:hr>176</ns3:hr>
            <ns3:cad>94</ns3:cad>
          </ns3:TrackPointExtension>
        </extensions>
      </trkpt>
      <trkpt lat="34.69507408328354358673095703125" lon="135.21218460984528064727783203125">
        <ele>8.19999980926513671875</ele>
        <time>2026-08-05T21:25:54.000Z</time>
        <extensions>
          <ns3:TrackPointExtension>
            <ns3:atemp>32.0</ns3:atemp>
            <ns3:hr>176</ns3:hr>
            <ns3:cad>93</ns3:cad>
          </ns3:TrackPointExtension>
        </extensions>
      </trkpt>
      <trkpt lat="34.6950439922511577606201171875" lon="135.2122069895267486572265625">
        <ele>8.19999980926513671875</ele>
        <time>2026-08-05T21:25:55.000Z</time>
        <extensions>
          <ns3:TrackPointExtension>
            <ns3:atemp>32.0</ns3:atemp>
            <ns3:hr>176</ns3:hr>
            <ns3:cad>93</ns3:cad>
          </ns3:TrackPointExtension>
        </extensions>
      </trkpt>
      <trkpt lat="34.69501675106585025787353515625" lon="135.2122292853891849517822265625">
        <ele>8.6000003814697265625</ele>
        <time>2026-08-05T21:25:56.000Z</time>
        <extensions>
          <ns3:TrackPointExtension>
            <ns3:atemp>32.0</ns3:atemp>
            <ns3:hr>176</ns3:hr>
            <ns3:cad>93</ns3:cad>
          </ns3:TrackPointExtension>
        </extensions>
      </trkpt>
      <trkpt lat="34.69499143771827220916748046875" lon="135.21225434727966785430908203125">
        <ele>9</ele>
        <time>2026-08-05T21:25:57.000Z</time>
        <extensions>
          <ns3:TrackPointExtension>
            <ns3:atemp>32.0</ns3:atemp>
            <ns3:hr>176</ns3:hr>
            <ns3:cad>95</ns3:cad>
          </ns3:TrackPointExtension>
        </extensions>
      </trkpt>
      <trkpt lat="34.6949685551226139068603515625" lon="135.21227714605629444122314453125">
        <ele>9.3999996185302734375</ele>
        <time>2026-08-05T21:25:58.000Z</time>
        <extensions>
          <ns3:TrackPointExtension>
            <ns3:atemp>32.0</ns3:atemp>
            <ns3:hr>176</ns3:hr>
            <ns3:cad>95</ns3:cad>
          </ns3:TrackPointExtension>
        </extensions>
      </trkpt>
      <trkpt lat="34.6949427388608455657958984375" lon="135.21230530925095081329345703125">
        <ele>9.6000003814697265625</ele>
        <time>2026-08-05T21:25:59.000Z</time>
        <extensions>
          <ns3:TrackPointExtension>
            <ns3:atemp>32.0</ns3:atemp>
            <ns3:hr>176</ns3:hr>
            <ns3:cad>95</ns3:cad>
          </ns3:TrackPointExtension>
        </extensions>
      </trkpt>
      <trkpt lat="34.6949182637035846710205078125" lon="135.21233296953141689300537109375">
        <ele>9.6000003814697265625</ele>
        <time>2026-08-05T21:26:00.000Z</time>
        <extensions>
          <ns3:TrackPointExtension>
            <ns3:atemp>31.0</ns3:atemp>
            <ns3:hr>176</ns3:hr>
            <ns3:cad>95</ns3:cad>
          </ns3:TrackPointExtension>
        </extensions>
      </trkpt>
      <trkpt lat="34.6948894299566745758056640625" lon="135.21235643886029720306396484375">
        <ele>9.19999980926513671875</ele>
        <time>2026-08-05T21:26:01.000Z</time>
        <extensions>
          <ns3:TrackPointExtension>
            <ns3:atemp>32.0</ns3:atemp>
            <ns3:hr>176</ns3:hr>
            <ns3:cad>95</ns3:cad>
          </ns3:TrackPointExtension>
        </extensions>
      </trkpt>
      <trkpt lat="34.69486151821911334991455078125" lon="135.21238200366497039794921875">
        <ele>9</ele>
        <time>2026-08-05T21:26:02.000Z</time>
        <extensions>
          <ns3:TrackPointExtension>
            <ns3:atemp>32.0</ns3:atemp>
            <ns3:hr>175</ns3:hr>
            <ns3:cad>95</ns3:cad>
          </ns3:TrackPointExtension>
        </extensions>
      </trkpt>
      <trkpt lat="34.69483754597604274749755859375" lon="135.21241125650703907012939453125">
        <ele>8.6000003814697265625</ele>
        <time>2026-08-05T21:26:03.000Z</time>
        <extensions>
          <ns3:TrackPointExtension>
            <ns3:atemp>32.0</ns3:atemp>
            <ns3:hr>176</ns3:hr>
            <ns3:cad>95</ns3:cad>
          </ns3:TrackPointExtension>
        </extensions>
      </trkpt>
      <trkpt lat="34.69481390900909900665283203125" lon="135.21244361065328121185302734375">
        <ele>8.3999996185302734375</ele>
        <time>2026-08-05T21:26:04.000Z</time>
        <extensions>
          <ns3:TrackPointExtension>
            <ns3:atemp>32.0</ns3:atemp>
            <ns3:hr>176</ns3:hr>
            <ns3:cad>95</ns3:cad>
          </ns3:TrackPointExtension>
        </extensions>
      </trkpt>
      <trkpt lat="34.69479647465050220489501953125" lon="135.21247596479952335357666015625">
        <ele>8.3999996185302734375</ele>
        <time>2026-08-05T21:26:05.000Z</time>
        <extensions>
          <ns3:TrackPointExtension>
            <ns3:atemp>31.0</ns3:atemp>
            <ns3:hr>176</ns3:hr>
            <ns3:cad>95</ns3:cad>
          </ns3:TrackPointExtension>
        </extensions>
      </trkpt>
      <trkpt lat="34.6947818063199520111083984375" lon="135.21251418627798557281494140625">
        <ele>8.3999996185302734375</ele>
        <time>2026-08-05T21:26:06.000Z</time>
        <extensions>
          <ns3:TrackPointExtension>
            <ns3:atemp>32.0</ns3:atemp>
            <ns3:hr>176</ns3:hr>
            <ns3:cad>95</ns3:cad>
          </ns3:TrackPointExtension>
        </extensions>
      </trkpt>
      <trkpt lat="34.69476990401744842529296875" lon="135.2125528268516063690185546875">
        <ele>8.19999980926513671875</ele>
        <time>2026-08-05T21:26:07.000Z</time>
        <extensions>
          <ns3:TrackPointExtension>
            <ns3:atemp>32.0</ns3:atemp>
            <ns3:hr>176</ns3:hr>
            <ns3:cad>95</ns3:cad>
          </ns3:TrackPointExtension>
        </extensions>
      </trkpt>
      <trkpt lat="34.6947630308568477630615234375" lon="135.21258828230202198028564453125">
        <ele>8</ele>
        <time>2026-08-05T21:26:08.000Z</time>
        <extensions>
          <ns3:TrackPointExtension>
            <ns3:atemp>32.0</ns3:atemp>
            <ns3:hr>176</ns3:hr>
            <ns3:cad>95</ns3:cad>
          </ns3:TrackPointExtension>
        </extensions>
      </trkpt>
      <trkpt lat="34.6947549842298030853271484375" lon="135.21262583322823047637939453125">
        <ele>7.599999904632568359375</ele>
        <time>2026-08-05T21:26:09.000Z</time>
        <extensions>
          <ns3:TrackPointExtension>
            <ns3:atemp>31.0</ns3:atemp>
            <ns3:hr>176</ns3:hr>
            <ns3:cad>95</ns3:cad>
          </ns3:TrackPointExtension>
        </extensions>
      </trkpt>
      <trkpt lat="34.694748111069202423095703125" lon="135.21266053430736064910888671875">
        <ele>7.19999980926513671875</ele>
        <time>2026-08-05T21:26:10.000Z</time>
        <extensions>
          <ns3:TrackPointExtension>
            <ns3:atemp>32.0</ns3:atemp>
            <ns3:hr>176</ns3:hr>
            <ns3:cad>94</ns3:cad>
          </ns3:TrackPointExtension>
        </extensions>
      </trkpt>
      <trkpt lat="34.6947442553937435150146484375" lon="135.21269506774842739105224609375">
        <ele>7</ele>
        <time>2026-08-05T21:26:11.000Z</time>
        <extensions>
          <ns3:TrackPointExtension>
            <ns3:atemp>31.0</ns3:atemp>
            <ns3:hr>176</ns3:hr>
            <ns3:cad>94</ns3:cad>
          </ns3:TrackPointExtension>
        </extensions>
      </trkpt>
      <trkpt lat="34.6947424113750457763671875" lon="135.21272088401019573211669921875">
        <ele>7.19999980926513671875</ele>
        <time>2026-08-05T21:26:12.000Z</time>
        <extensions>
          <ns3:TrackPointExtension>
            <ns3:atemp>31.0</ns3:atemp>
            <ns3:hr>176</ns3:hr>
            <ns3:cad>94</ns3:cad>
          </ns3:TrackPointExtension>
        </extensions>
      </trkpt>
      <trkpt lat="34.69472807832062244415283203125" lon="135.21273848600685596466064453125">
        <ele>7.19999980926513671875</ele>
        <time>2026-08-05T21:26:13.000Z</time>
        <extensions>
          <ns3:TrackPointExtension>
            <ns3:atemp>31.0</ns3:atemp>
            <ns3:hr>176</ns3:hr>
            <ns3:cad>94</ns3:cad>
          </ns3:TrackPointExtension>
        </extensions>
      </trkpt>
      <trkpt lat="34.69472304917871952056884765625" lon="135.212746448814868927001953125">
        <ele>8.6000003814697265625</ele>
        <time>2026-08-05T21:26:14.000Z</time>
        <extensions>
          <ns3:TrackPointExtension>
            <ns3:atemp>31.0</ns3:atemp>
            <ns3:hr>176</ns3:hr>
            <ns3:cad>95</ns3:cad>
          </ns3:TrackPointExtension>
        </extensions>
      </trkpt>
      <trkpt lat="34.694741070270538330078125" lon="135.2127191238105297088623046875">
        <ele>9.19999980926513671875</ele>
        <time>2026-08-05T21:26:15.000Z</time>
        <extensions>
          <ns3:TrackPointExtension>
            <ns3:atemp>32.0</ns3:atemp>
            <ns3:hr>176</ns3:hr>
            <ns3:cad>95</ns3:cad>
          </ns3:TrackPointExtension>
        </extensions>
      </trkpt>
      <trkpt lat="34.6947462670505046844482421875" lon="135.21273127757012844085693359375">
        <ele>10</ele>
        <time>2026-08-05T21:26:16.000Z</time>
        <extensions>
          <ns3:TrackPointExtension>
            <ns3:atemp>31.0</ns3:atemp>
            <ns3:hr>176</ns3:hr>
            <ns3:cad>0</ns3:cad>
          </ns3:TrackPointExtension>
        </extensions>
      </trkpt>
      <trkpt lat="34.6947415731847286224365234375" lon="135.21275323815643787384033203125">
        <ele>10.19999980926513671875</ele>
        <time>2026-08-05T21:26:17.000Z</time>
        <extensions>
          <ns3:TrackPointExtension>
            <ns3:atemp>31.0</ns3:atemp>
            <ns3:hr>177</ns3:hr>
            <ns3:cad>0</ns3:cad>
          </ns3:TrackPointExtension>
        </extensions>
      </trkpt>
      <trkpt lat="34.69473847188055515289306640625" lon="135.21277201361954212188720703125">
        <ele>10.3999996185302734375</ele>
        <time>2026-08-05T21:26:18.000Z</time>
        <extensions>
          <ns3:TrackPointExtension>
            <ns3:atemp>31.0</ns3:atemp>
            <ns3:hr>177</ns3:hr>
            <ns3:cad>0</ns3:cad>
          </ns3:TrackPointExtension>
        </extensions>
      </trkpt>
      <trkpt lat="34.69474081881344318389892578125" lon="135.21280604414641857147216796875">
        <ele>10.80000019073486328125</ele>
        <time>2026-08-05T21:26:19.000Z</time>
        <extensions>
          <ns3:TrackPointExtension>
            <ns3:atemp>31.0</ns3:atemp>
            <ns3:hr>177</ns3:hr>
            <ns3:cad>0</ns3:cad>
          </ns3:TrackPointExtension>
        </extensions>
      </trkpt>
      <trkpt lat="34.6947398968040943145751953125" lon="135.212842337787151336669921875">
        <ele>11.3999996185302734375</ele>
        <time>2026-08-05T21:26:20.000Z</time>
        <extensions>
          <ns3:TrackPointExtension>
            <ns3:atemp>31.0</ns3:atemp>
            <ns3:hr>177</ns3:hr>
            <ns3:cad>0</ns3:cad>
          </ns3:TrackPointExtension>
        </extensions>
      </trkpt>
      <trkpt lat="34.6947385556995868682861328125" lon="135.21287930198013782501220703125">
        <ele>11.3999996185302734375</ele>
        <time>2026-08-05T21:26:21.000Z</time>
        <extensions>
          <ns3:TrackPointExtension>
            <ns3:atemp>31.0</ns3:atemp>
            <ns3:hr>177</ns3:hr>
            <ns3:cad>0</ns3:cad>
          </ns3:TrackPointExtension>
        </extensions>
      </trkpt>
      <trkpt lat="34.69474400393664836883544921875" lon="135.21291802637279033660888671875">
        <ele>11.3999996185302734375</ele>
        <time>2026-08-05T21:26:22.000Z</time>
        <extensions>
          <ns3:TrackPointExtension>
            <ns3:atemp>31.0</ns3:atemp>
            <ns3:hr>177</ns3:hr>
            <ns3:cad>0</ns3:cad>
          </ns3:TrackPointExtension>
        </extensions>
      </trkpt>
      <trkpt lat="34.69475917518138885498046875" lon="135.21295867860317230224609375">
        <ele>10.80000019073486328125</ele>
        <time>2026-08-05T21:26:23.000Z</time>
        <extensions>
          <ns3:TrackPointExtension>
            <ns3:atemp>31.0</ns3:atemp>
            <ns3:hr>176</ns3:hr>
            <ns3:cad>0</ns3:cad>
          </ns3:TrackPointExtension>
        </extensions>
      </trkpt>
      <trkpt lat="34.6947764419019222259521484375" lon="135.2129903621971607208251953125">
        <ele>9.3999996185302734375</ele>
        <time>2026-08-05T21:26:24.000Z</time>
        <extensions>
          <ns3:TrackPointExtension>
            <ns3:atemp>32.0</ns3:atemp>
            <ns3:hr>176</ns3:hr>
            <ns3:cad>0</ns3:cad>
          </ns3:TrackPointExtension>
        </extensions>
      </trkpt>
      <trkpt lat="34.694796390831470489501953125" lon="135.21301542408764362335205078125">
        <ele>8.80000019073486328125</ele>
        <time>2026-08-05T21:26:25.000Z</time>
        <extensions>
          <ns3:TrackPointExtension>
            <ns3:atemp>31.0</ns3:atemp>
            <ns3:hr>176</ns3:hr>
            <ns3:cad>0</ns3:cad>
          </ns3:TrackPointExtension>
        </extensions>
      </trkpt>
      <trkpt lat="34.69481441192328929901123046875" lon="135.2130460180342197418212890625">
        <ele>8.3999996185302734375</ele>
        <time>2026-08-05T21:26:26.000Z</time>
        <extensions>
          <ns3:TrackPointExtension>
            <ns3:atemp>31.0</ns3:atemp>
            <ns3:hr>176</ns3:hr>
            <ns3:cad>0</ns3:cad>
          </ns3:TrackPointExtension>
        </extensions>
      </trkpt>
      <trkpt lat="34.69483553431928157806396484375" lon="135.21306823007762432098388671875">
        <ele>8</ele>
        <time>2026-08-05T21:26:27.000Z</time>
        <extensions>
          <ns3:TrackPointExtension>
            <ns3:atemp>31.0</ns3:atemp>
            <ns3:hr>176</ns3:hr>
            <ns3:cad>0</ns3:cad>
          </ns3:TrackPointExtension>
        </extensions>
      </trkpt>
      <trkpt lat="34.694857411086559295654296875" lon="135.21309605799615383148193359375">
        <ele>8</ele>
        <time>2026-08-05T21:26:28.000Z</time>
        <extensions>
          <ns3:TrackPointExtension>
            <ns3:atemp>31.0</ns3:atemp>
            <ns3:hr>176</ns3:hr>
            <ns3:cad>0</ns3:cad>
          </ns3:TrackPointExtension>
        </extensions>
      </trkpt>
      <trkpt lat="34.694877527654170989990234375" lon="135.2131251432001590728759765625">
        <ele>8.19999980926513671875</ele>
        <time>2026-08-05T21:26:29.000Z</time>
        <extensions>
          <ns3:TrackPointExtension>
            <ns3:atemp>31.0</ns3:atemp>
            <ns3:hr>176</ns3:hr>
            <ns3:cad>0</ns3:cad>
          </ns3:TrackPointExtension>
        </extensions>
      </trkpt>
      <trkpt lat="34.6948981471359729766845703125" lon="135.21315590478479862213134765625">
        <ele>8</ele>
        <time>2026-08-05T21:26:30.000Z</time>
        <extensions>
          <ns3:TrackPointExtension>
            <ns3:atemp>31.0</ns3:atemp>
            <ns3:hr>176</ns3:hr>
            <ns3:cad>94</ns3:cad>
          </ns3:TrackPointExtension>
        </extensions>
      </trkpt>
      <trkpt lat="34.6949196048080921173095703125" lon="135.21318105049431324005126953125">
        <ele>8</ele>
        <time>2026-08-05T21:26:31.000Z</time>
        <extensions>
          <ns3:TrackPointExtension>
            <ns3:atemp>31.0</ns3:atemp>
            <ns3:hr>177</ns3:hr>
            <ns3:cad>94</ns3:cad>
          </ns3:TrackPointExtension>
        </extensions>
      </trkpt>
      <trkpt lat="34.6949435770511627197265625" lon="135.21320946514606475830078125">
        <ele>7.80000019073486328125</ele>
        <time>2026-08-05T21:26:32.000Z</time>
        <extensions>
          <ns3:TrackPointExtension>
            <ns3:atemp>31.0</ns3:atemp>
            <ns3:hr>177</ns3:hr>
            <ns3:cad>94</ns3:cad>
          </ns3:TrackPointExtension>
        </extensions>
      </trkpt>
      <trkpt lat="34.6949682198464870452880859375" lon="135.21323419176042079925537109375">
        <ele>7.80000019073486328125</ele>
        <time>2026-08-05T21:26:33.000Z</time>
        <extensions>
          <ns3:TrackPointExtension>
            <ns3:atemp>31.0</ns3:atemp>
            <ns3:hr>177</ns3:hr>
            <ns3:cad>94</ns3:cad>
          </ns3:TrackPointExtension>
        </extensions>
      </trkpt>
      <trkpt lat="34.69499261118471622467041015625" lon="135.21325078792870044708251953125">
        <ele>7.80000019073486328125</ele>
        <time>2026-08-05T21:26:34.000Z</time>
        <extensions>
          <ns3:TrackPointExtension>
            <ns3:atemp>31.0</ns3:atemp>
            <ns3:hr>177</ns3:hr>
            <ns3:cad>94</ns3:cad>
          </ns3:TrackPointExtension>
        </extensions>
      </trkpt>
      <trkpt lat="34.69501691870391368865966796875" lon="135.21327459253370761871337890625">
        <ele>9</ele>
        <time>2026-08-05T21:26:35.000Z</time>
        <extensions>
          <ns3:TrackPointExtension>
            <ns3:atemp>31.0</ns3:atemp>
            <ns3:hr>178</ns3:hr>
            <ns3:cad>94</ns3:cad>
          </ns3:TrackPointExtension>
        </extensions>
      </trkpt>
      <trkpt lat="34.6950403042137622833251953125" lon="135.2132981456816196441650390625">
        <ele>9.3999996185302734375</ele>
        <time>2026-08-05T21:26:36.000Z</time>
        <extensions>
          <ns3:TrackPointExtension>
            <ns3:atemp>31.0</ns3:atemp>
            <ns3:hr>177</ns3:hr>
            <ns3:cad>94</ns3:cad>
          </ns3:TrackPointExtension>
        </extensions>
      </trkpt>
      <trkpt lat="34.69506419263780117034912109375" lon="135.2133196033537387847900390625">
        <ele>9.6000003814697265625</ele>
        <time>2026-08-05T21:26:37.000Z</time>
        <extensions>
          <ns3:TrackPointExtension>
            <ns3:atemp>31.0</ns3:atemp>
            <ns3:hr>177</ns3:hr>
            <ns3:cad>94</ns3:cad>
          </ns3:TrackPointExtension>
        </extensions>
      </trkpt>
      <trkpt lat="34.69508699141442775726318359375" lon="135.2133430726826190948486328125">
        <ele>10</ele>
        <time>2026-08-05T21:26:38.000Z</time>
        <extensions>
          <ns3:TrackPointExtension>
            <ns3:atemp>31.0</ns3:atemp>
            <ns3:hr>178</ns3:hr>
            <ns3:cad>94</ns3:cad>
          </ns3:TrackPointExtension>
        </extensions>
      </trkpt>
      <trkpt lat="34.69510777853429317474365234375" lon="135.2133715711534023284912109375">
        <ele>9.80000019073486328125</ele>
        <time>2026-08-05T21:26:39.000Z</time>
        <extensions>
          <ns3:TrackPointExtension>
            <ns3:atemp>31.0</ns3:atemp>
            <ns3:hr>178</ns3:hr>
            <ns3:cad>94</ns3:cad>
          </ns3:TrackPointExtension>
        </extensions>
      </trkpt>
      <trkpt lat="34.6951284818351268768310546875" lon="135.21339294500648975372314453125">
        <ele>9.19999980926513671875</ele>
        <time>2026-08-05T21:26:40.000Z</time>
        <extensions>
          <ns3:TrackPointExtension>
            <ns3:atemp>31.0</ns3:atemp>
            <ns3:hr>178</ns3:hr>
            <ns3:cad>94</ns3:cad>
          </ns3:TrackPointExtension>
        </extensions>
      </trkpt>
      <trkpt lat="34.69515002332627773284912109375" lon="135.21341742016375064849853515625">
        <ele>8.80000019073486328125</ele>
        <time>2026-08-05T21:26:41.000Z</time>
        <extensions>
          <ns3:TrackPointExtension>
            <ns3:atemp>31.0</ns3:atemp>
            <ns3:hr>178</ns3:hr>
            <ns3:cad>94</ns3:cad>
          </ns3:TrackPointExtension>
        </extensions>
      </trkpt>
      <trkpt lat="34.69516930170357227325439453125" lon="135.21344189532101154327392578125">
        <ele>8.19999980926513671875</ele>
        <time>2026-08-05T21:26:42.000Z</time>
        <extensions>
          <ns3:TrackPointExtension>
            <ns3:atemp>31.0</ns3:atemp>
            <ns3:hr>177</ns3:hr>
            <ns3:cad>94</ns3:cad>
          </ns3:TrackPointExtension>
        </extensions>
      </trkpt>
      <trkpt lat="34.6951888315379619598388671875" lon="135.21346486173570156097412109375">
        <ele>7.599999904632568359375</ele>
        <time>2026-08-05T21:26:43.000Z</time>
        <extensions>
          <ns3:TrackPointExtension>
            <ns3:atemp>31.0</ns3:atemp>
            <ns3:hr>177</ns3:hr>
            <ns3:cad>92</ns3:cad>
          </ns3:TrackPointExtension>
        </extensions>
      </trkpt>
      <trkpt lat="34.69521406106650829315185546875" lon="135.2134885825216770172119140625">
        <ele>7.400000095367431640625</ele>
        <time>2026-08-05T21:26:44.000Z</time>
        <extensions>
          <ns3:TrackPointExtension>
            <ns3:atemp>31.0</ns3:atemp>
            <ns3:hr>177</ns3:hr>
            <ns3:cad>92</ns3:cad>
          </ns3:TrackPointExtension>
        </extensions>
      </trkpt>
      <trkpt lat="34.6952384524047374725341796875" lon="135.21351163275539875030517578125">
        <ele>6.80000019073486328125</ele>
        <time>2026-08-05T21:26:45.000Z</time>
        <extensions>
          <ns3:TrackPointExtension>
            <ns3:atemp>31.0</ns3:atemp>
            <ns3:hr>176</ns3:hr>
            <ns3:cad>92</ns3:cad>
          </ns3:TrackPointExtension>
        </extensions>
      </trkpt>
      <trkpt lat="34.6952575631439685821533203125" lon="135.2135405503213405609130859375">
        <ele>6.400000095367431640625</ele>
        <time>2026-08-05T21:26:46.000Z</time>
        <extensions>
          <ns3:TrackPointExtension>
            <ns3:atemp>31.0</ns3:atemp>
            <ns3:hr>175</ns3:hr>
            <ns3:cad>93</ns3:cad>
          </ns3:TrackPointExtension>
        </extensions>
      </trkpt>
      <trkpt lat="34.69527776353061199188232421875" lon="135.2135660313069820404052734375">
        <ele>6.400000095367431640625</ele>
        <time>2026-08-05T21:26:47.000Z</time>
        <extensions>
          <ns3:TrackPointExtension>
            <ns3:atemp>31.0</ns3:atemp>
            <ns3:hr>176</ns3:hr>
            <ns3:cad>94</ns3:cad>
          </ns3:TrackPointExtension>
        </extensions>
      </trkpt>
      <trkpt lat="34.6953004784882068634033203125" lon="135.213591344654560089111328125">
        <ele>6.400000095367431640625</ele>
        <time>2026-08-05T21:26:48.000Z</time>
        <extensions>
          <ns3:TrackPointExtension>
            <ns3:atemp>31.0</ns3:atemp>
            <ns3:hr>176</ns3:hr>
            <ns3:cad>94</ns3:cad>
          </ns3:TrackPointExtension>
        </extensions>
      </trkpt>
      <trkpt lat="34.6953212656080722808837890625" lon="135.21361674182116985321044921875">
        <ele>6.400000095367431640625</ele>
        <time>2026-08-05T21:26:49.000Z</time>
        <extensions>
          <ns3:TrackPointExtension>
            <ns3:atemp>31.0</ns3:atemp>
            <ns3:hr>176</ns3:hr>
            <ns3:cad>93</ns3:cad>
          </ns3:TrackPointExtension>
        </extensions>
      </trkpt>
      <trkpt lat="34.6953405439853668212890625" lon="135.2136433124542236328125">
        <ele>7</ele>
        <time>2026-08-05T21:26:50.000Z</time>
        <extensions>
          <ns3:TrackPointExtension>
            <ns3:atemp>31.0</ns3:atemp>
            <ns3:hr>177</ns3:hr>
            <ns3:cad>93</ns3:cad>
          </ns3:TrackPointExtension>
        </extensions>
      </trkpt>
      <trkpt lat="34.6953608281910419464111328125" lon="135.21366200409829616546630859375">
        <ele>7.19999980926513671875</ele>
        <time>2026-08-05T21:26:51.000Z</time>
        <extensions>
          <ns3:TrackPointExtension>
            <ns3:atemp>31.0</ns3:atemp>
            <ns3:hr>177</ns3:hr>
            <ns3:cad>93</ns3:cad>
          </ns3:TrackPointExtension>
        </extensions>
      </trkpt>
      <trkpt lat="34.69538304023444652557373046875" lon="135.2136853896081447601318359375">
        <ele>7.400000095367431640625</ele>
        <time>2026-08-05T21:26:52.000Z</time>
        <extensions>
          <ns3:TrackPointExtension>
            <ns3:atemp>31.0</ns3:atemp>
            <ns3:hr>177</ns3:hr>
            <ns3:cad>93</ns3:cad>
          </ns3:TrackPointExtension>
        </extensions>
      </trkpt>
      <trkpt lat="34.69540290534496307373046875" lon="135.21371263079345226287841796875">
        <ele>7.19999980926513671875</ele>
        <time>2026-08-05T21:26:53.000Z</time>
        <extensions>
          <ns3:TrackPointExtension>
            <ns3:atemp>31.0</ns3:atemp>
            <ns3:hr>176</ns3:hr>
            <ns3:cad>93</ns3:cad>
          </ns3:TrackPointExtension>
        </extensions>
      </trkpt>
      <trkpt lat="34.69542168080806732177734375" lon="135.21373945288360118865966796875">
        <ele>7.19999980926513671875</ele>
        <time>2026-08-05T21:26:54.000Z</time>
        <extensions>
          <ns3:TrackPointExtension>
            <ns3:atemp>31.0</ns3:atemp>
            <ns3:hr>176</ns3:hr>
            <ns3:cad>93</ns3:cad>
          </ns3:TrackPointExtension>
        </extensions>
      </trkpt>
      <trkpt lat="34.69544221647083759307861328125" lon="135.21376275457441806793212890625">
        <ele>6.80000019073486328125</ele>
        <time>2026-08-05T21:26:55.000Z</time>
        <extensions>
          <ns3:TrackPointExtension>
            <ns3:atemp>31.0</ns3:atemp>
            <ns3:hr>177</ns3:hr>
            <ns3:cad>93</ns3:cad>
          </ns3:TrackPointExtension>
        </extensions>
      </trkpt>
      <trkpt lat="34.695460237562656402587890625" lon="135.2137802727520465850830078125">
        <ele>6.599999904632568359375</ele>
        <time>2026-08-05T21:26:56.000Z</time>
        <extensions>
          <ns3:TrackPointExtension>
            <ns3:atemp>31.0</ns3:atemp>
            <ns3:hr>177</ns3:hr>
            <ns3:cad>93</ns3:cad>
          </ns3:TrackPointExtension>
        </extensions>
      </trkpt>
      <trkpt lat="34.6954800188541412353515625" lon="135.2138064242899417877197265625">
        <ele>6</ele>
        <time>2026-08-05T21:26:57.000Z</time>
        <extensions>
          <ns3:TrackPointExtension>
            <ns3:atemp>31.0</ns3:atemp>
            <ns3:hr>177</ns3:hr>
            <ns3:cad>93</ns3:cad>
          </ns3:TrackPointExtension>
        </extensions>
      </trkpt>
      <trkpt lat="34.69550206325948238372802734375" lon="135.21383098326623439788818359375">
        <ele>6</ele>
        <time>2026-08-05T21:26:58.000Z</time>
        <extensions>
          <ns3:TrackPointExtension>
            <ns3:atemp>31.0</ns3:atemp>
            <ns3:hr>177</ns3:hr>
            <ns3:cad>93</ns3:cad>
          </ns3:TrackPointExtension>
        </extensions>
      </trkpt>
      <trkpt lat="34.69552502967417240142822265625" lon="135.21385512314736843109130859375">
        <ele>5.80000019073486328125</ele>
        <time>2026-08-05T21:26:59.000Z</time>
        <extensions>
          <ns3:TrackPointExtension>
            <ns3:atemp>31.0</ns3:atemp>
            <ns3:hr>177</ns3:hr>
            <ns3:cad>93</ns3:cad>
          </ns3:TrackPointExtension>
        </extensions>
      </trkpt>
      <trkpt lat="34.69554782845079898834228515625" lon="135.2138785086572170257568359375">
        <ele>5.80000019073486328125</ele>
        <time>2026-08-05T21:27:00.000Z</time>
        <extensions>
          <ns3:TrackPointExtension>
            <ns3:atemp>31.0</ns3:atemp>
            <ns3:hr>177</ns3:hr>
            <ns3:cad>93</ns3:cad>
          </ns3:TrackPointExtension>
        </extensions>
      </trkpt>
      <trkpt lat="34.69556861557066440582275390625" lon="135.21390440873801708221435546875">
        <ele>5.599999904632568359375</ele>
        <time>2026-08-05T21:27:01.000Z</time>
        <extensions>
          <ns3:TrackPointExtension>
            <ns3:atemp>31.0</ns3:atemp>
            <ns3:hr>178</ns3:hr>
            <ns3:cad>93</ns3:cad>
          </ns3:TrackPointExtension>
        </extensions>
      </trkpt>
      <trkpt lat="34.69559191726148128509521484375" lon="135.2139284648001194000244140625">
        <ele>6</ele>
        <time>2026-08-05T21:27:02.000Z</time>
        <extensions>
          <ns3:TrackPointExtension>
            <ns3:atemp>31.0</ns3:atemp>
            <ns3:hr>177</ns3:hr>
            <ns3:cad>93</ns3:cad>
          </ns3:TrackPointExtension>
        </extensions>
      </trkpt>
      <trkpt lat="34.6956132911145687103271484375" lon="135.213954448699951171875">
        <ele>6.19999980926513671875</ele>
        <time>2026-08-05T21:27:03.000Z</time>
        <extensions>
          <ns3:TrackPointExtension>
            <ns3:atemp>31.0</ns3:atemp>
            <ns3:hr>177</ns3:hr>
            <ns3:cad>93</ns3:cad>
          </ns3:TrackPointExtension>
        </extensions>
      </trkpt>
      <trkpt lat="34.6956355869770050048828125" lon="135.2139794267714023590087890625">
        <ele>6.400000095367431640625</ele>
        <time>2026-08-05T21:27:04.000Z</time>
        <extensions>
          <ns3:TrackPointExtension>
            <ns3:atemp>31.0</ns3:atemp>
            <ns3:hr>177</ns3:hr>
            <ns3:cad>93</ns3:cad>
          </ns3:TrackPointExtension>
        </extensions>
      </trkpt>
      <trkpt lat="34.69565771520137786865234375" lon="135.2140025608241558074951171875">
        <ele>6.599999904632568359375</ele>
        <time>2026-08-05T21:27:05.000Z</time>
        <extensions>
          <ns3:TrackPointExtension>
            <ns3:atemp>31.0</ns3:atemp>
            <ns3:hr>178</ns3:hr>
            <ns3:cad>95</ns3:cad>
          </ns3:TrackPointExtension>
        </extensions>
      </trkpt>
      <trkpt lat="34.6956810168921947479248046875" lon="135.2140290476381778717041015625">
        <ele>6.599999904632568359375</ele>
        <time>2026-08-05T21:27:06.000Z</time>
        <extensions>
          <ns3:TrackPointExtension>
            <ns3:atemp>31.0</ns3:atemp>
            <ns3:hr>177</ns3:hr>
            <ns3:cad>95</ns3:cad>
          </ns3:TrackPointExtension>
        </extensions>
      </trkpt>
      <trkpt lat="34.6957041509449481964111328125" lon="135.214053690433502197265625">
        <ele>6.599999904632568359375</ele>
        <time>2026-08-05T21:27:07.000Z</time>
        <extensions>
          <ns3:TrackPointExtension>
            <ns3:atemp>31.0</ns3:atemp>
            <ns3:hr>177</ns3:hr>
            <ns3:cad>93</ns3:cad>
          </ns3:TrackPointExtension>
        </extensions>
      </trkpt>
      <trkpt lat="34.6957269497215747833251953125" lon="135.21407808177173137664794921875">
        <ele>6.599999904632568359375</ele>
        <time>2026-08-05T21:27:08.000Z</time>
        <extensions>
          <ns3:TrackPointExtension>
            <ns3:atemp>31.0</ns3:atemp>
            <ns3:hr>177</ns3:hr>
            <ns3:cad>92</ns3:cad>
          </ns3:TrackPointExtension>
        </extensions>
      </trkpt>
      <trkpt lat="34.6957500837743282318115234375" lon="135.21410255692899227142333984375">
        <ele>6.400000095367431640625</ele>
        <time>2026-08-05T21:27:09.000Z</time>
        <extensions>
          <ns3:TrackPointExtension>
            <ns3:atemp>31.0</ns3:atemp>
            <ns3:hr>176</ns3:hr>
            <ns3:cad>93</ns3:cad>
          </ns3:TrackPointExtension>
        </extensions>
      </trkpt>
      <trkpt lat="34.6957735531032085418701171875" lon="135.21412652917206287384033203125">
        <ele>6.400000095367431640625</ele>
        <time>2026-08-05T21:27:10.000Z</time>
        <extensions>
          <ns3:TrackPointExtension>
            <ns3:atemp>31.0</ns3:atemp>
            <ns3:hr>176</ns3:hr>
            <ns3:cad>93</ns3:cad>
          </ns3:TrackPointExtension>
        </extensions>
      </trkpt>
      <trkpt lat="34.6957966871559619903564453125" lon="135.214149244129657745361328125">
        <ele>6.599999904632568359375</ele>
        <time>2026-08-05T21:27:11.000Z</time>
        <extensions>
          <ns3:TrackPointExtension>
            <ns3:atemp>31.0</ns3:atemp>
            <ns3:hr>176</ns3:hr>
            <ns3:cad>93</ns3:cad>
          </ns3:TrackPointExtension>
        </extensions>
      </trkpt>
      <trkpt lat="34.69582132995128631591796875" lon="135.214172713458538055419921875">
        <ele>6.80000019073486328125</ele>
        <time>2026-08-05T21:27:12.000Z</time>
        <extensions>
          <ns3:TrackPointExtension>
            <ns3:atemp>31.0</ns3:atemp>
            <ns3:hr>176</ns3:hr>
            <ns3:cad>93</ns3:cad>
          </ns3:TrackPointExtension>
        </extensions>
      </trkpt>
      <trkpt lat="34.6958436258137226104736328125" lon="135.21419928409159183502197265625">
        <ele>7</ele>
        <time>2026-08-05T21:27:13.000Z</time>
        <extensions>
          <ns3:TrackPointExtension>
            <ns3:atemp>31.0</ns3:atemp>
            <ns3:hr>177</ns3:hr>
            <ns3:cad>93</ns3:cad>
          </ns3:TrackPointExtension>
        </extensions>
      </trkpt>
      <trkpt lat="34.6958650834858417510986328125" lon="135.21422510035336017608642578125">
        <ele>7</ele>
        <time>2026-08-05T21:27:14.000Z</time>
        <extensions>
          <ns3:TrackPointExtension>
            <ns3:atemp>31.0</ns3:atemp>
            <ns3:hr>177</ns3:hr>
            <ns3:cad>93</ns3:cad>
          </ns3:TrackPointExtension>
        </extensions>
      </trkpt>
      <trkpt lat="34.69588645733892917633056640625" lon="135.2142523415386676788330078125">
        <ele>7.19999980926513671875</ele>
        <time>2026-08-05T21:27:15.000Z</time>
        <extensions>
          <ns3:TrackPointExtension>
            <ns3:atemp>31.0</ns3:atemp>
            <ns3:hr>177</ns3:hr>
            <ns3:cad>93</ns3:cad>
          </ns3:TrackPointExtension>
        </extensions>
      </trkpt>
      <trkpt lat="34.69590791501104831695556640625" lon="135.21427455358207225799560546875">
        <ele>7</ele>
        <time>2026-08-05T21:27:16.000Z</time>
        <extensions>
          <ns3:TrackPointExtension>
            <ns3:atemp>31.0</ns3:atemp>
            <ns3:hr>177</ns3:hr>
            <ns3:cad>93</ns3:cad>
          </ns3:TrackPointExtension>
        </extensions>
      </trkpt>
      <trkpt lat="34.6959292888641357421875" lon="135.21430087275803089141845703125">
        <ele>6.80000019073486328125</ele>
        <time>2026-08-05T21:27:17.000Z</time>
        <extensions>
          <ns3:TrackPointExtension>
            <ns3:atemp>31.0</ns3:atemp>
            <ns3:hr>177</ns3:hr>
            <ns3:cad>93</ns3:cad>
          </ns3:TrackPointExtension>
        </extensions>
      </trkpt>
      <trkpt lat="34.69595066271722316741943359375" lon="135.2143277786672115325927734375">
        <ele>7.19999980926513671875</ele>
        <time>2026-08-05T21:27:18.000Z</time>
        <extensions>
          <ns3:TrackPointExtension>
            <ns3:atemp>31.0</ns3:atemp>
            <ns3:hr>177</ns3:hr>
            <ns3:cad>94</ns3:cad>
          </ns3:TrackPointExtension>
        </extensions>
      </trkpt>
      <trkpt lat="34.6959710307419300079345703125" lon="135.21435116417706012725830078125">
        <ele>7.80000019073486328125</ele>
        <time>2026-08-05T21:27:19.000Z</time>
        <extensions>
          <ns3:TrackPointExtension>
            <ns3:atemp>31.0</ns3:atemp>
            <ns3:hr>178</ns3:hr>
            <ns3:cad>94</ns3:cad>
          </ns3:TrackPointExtension>
        </extensions>
      </trkpt>
      <trkpt lat="34.69599123112857341766357421875" lon="135.21437329240143299102783203125">
        <ele>8</ele>
        <time>2026-08-05T21:27:20.000Z</time>
        <extensions>
          <ns3:TrackPointExtension>
            <ns3:atemp>31.0</ns3:atemp>
            <ns3:hr>177</ns3:hr>
            <ns3:cad>94</ns3:cad>
          </ns3:TrackPointExtension>
        </extensions>
      </trkpt>
      <trkpt lat="34.6960129402577877044677734375" lon="135.2143943309783935546875">
        <ele>8.6000003814697265625</ele>
        <time>2026-08-05T21:27:21.000Z</time>
        <extensions>
          <ns3:TrackPointExtension>
            <ns3:atemp>31.0</ns3:atemp>
            <ns3:hr>177</ns3:hr>
            <ns3:cad>94</ns3:cad>
          </ns3:TrackPointExtension>
        </extensions>
      </trkpt>
      <trkpt lat="34.6960352361202239990234375" lon="135.2144250087440013885498046875">
        <ele>8.6000003814697265625</ele>
        <time>2026-08-05T21:27:22.000Z</time>
        <extensions>
          <ns3:TrackPointExtension>
            <ns3:atemp>31.0</ns3:atemp>
            <ns3:hr>178</ns3:hr>
            <ns3:cad>94</ns3:cad>
          </ns3:TrackPointExtension>
        </extensions>
      </trkpt>
      <trkpt lat="34.69605610705912113189697265625" lon="135.21445258520543575286865234375">
        <ele>8</ele>
        <time>2026-08-05T21:27:23.000Z</time>
        <extensions>
          <ns3:TrackPointExtension>
            <ns3:atemp>31.0</ns3:atemp>
            <ns3:hr>178</ns3:hr>
            <ns3:cad>94</ns3:cad>
          </ns3:TrackPointExtension>
        </extensions>
      </trkpt>
      <trkpt lat="34.6960789896547794342041015625" lon="135.214481167495250701904296875">
        <ele>7.599999904632568359375</ele>
        <time>2026-08-05T21:27:24.000Z</time>
        <extensions>
          <ns3:TrackPointExtension>
            <ns3:atemp>31.0</ns3:atemp>
            <ns3:hr>179</ns3:hr>
            <ns3:cad>94</ns3:cad>
          </ns3:TrackPointExtension>
        </extensions>
      </trkpt>
      <trkpt lat="34.69610455445945262908935546875" lon="135.21450857631862163543701171875">
        <ele>7.599999904632568359375</ele>
        <time>2026-08-05T21:27:25.000Z</time>
        <extensions>
          <ns3:TrackPointExtension>
            <ns3:atemp>31.0</ns3:atemp>
            <ns3:hr>179</ns3:hr>
            <ns3:cad>94</ns3:cad>
          </ns3:TrackPointExtension>
        </extensions>
      </trkpt>
      <trkpt lat="34.696126766502857208251953125" lon="135.21453581750392913818359375">
        <ele>7.599999904632568359375</ele>
        <time>2026-08-05T21:27:26.000Z</time>
        <extensions>
          <ns3:TrackPointExtension>
            <ns3:atemp>31.0</ns3:atemp>
            <ns3:hr>179</ns3:hr>
            <ns3:cad>94</ns3:cad>
          </ns3:TrackPointExtension>
        </extensions>
      </trkpt>
      <trkpt lat="34.6961483918130397796630859375" lon="135.214560963213443756103515625">
        <ele>7.80000019073486328125</ele>
        <time>2026-08-05T21:27:27.000Z</time>
        <extensions>
          <ns3:TrackPointExtension>
            <ns3:atemp>31.0</ns3:atemp>
            <ns3:hr>179</ns3:hr>
            <ns3:cad>93</ns3:cad>
          </ns3:TrackPointExtension>
        </extensions>
      </trkpt>
      <trkpt lat="34.6961720287799835205078125" lon="135.214583091437816619873046875">
        <ele>8</ele>
        <time>2026-08-05T21:27:28.000Z</time>
        <extensions>
          <ns3:TrackPointExtension>
            <ns3:atemp>31.0</ns3:atemp>
            <ns3:hr>179</ns3:hr>
            <ns3:cad>93</ns3:cad>
          </ns3:TrackPointExtension>
        </extensions>
      </trkpt>
      <trkpt lat="34.696194492280483245849609375" lon="135.21460697986185550689697265625">
        <ele>8</ele>
        <time>2026-08-05T21:27:29.000Z</time>
        <extensions>
          <ns3:TrackPointExtension>
            <ns3:atemp>31.0</ns3:atemp>
            <ns3:hr>179</ns3:hr>
            <ns3:cad>93</ns3:cad>
          </ns3:TrackPointExtension>
        </extensions>
      </trkpt>
      <trkpt lat="34.69621737487614154815673828125" lon="135.21462877281010150909423828125">
        <ele>7.599999904632568359375</ele>
        <time>2026-08-05T21:27:30.000Z</time>
        <extensions>
          <ns3:TrackPointExtension>
            <ns3:atemp>31.0</ns3:atemp>
            <ns3:hr>179</ns3:hr>
            <ns3:cad>94</ns3:cad>
          </ns3:TrackPointExtension>
        </extensions>
      </trkpt>
      <trkpt lat="34.69624084420502185821533203125" lon="135.2146523259580135345458984375">
        <ele>7.19999980926513671875</ele>
        <time>2026-08-05T21:27:31.000Z</time>
        <extensions>
          <ns3:TrackPointExtension>
            <ns3:atemp>31.0</ns3:atemp>
            <ns3:hr>179</ns3:hr>
            <ns3:cad>94</ns3:cad>
          </ns3:TrackPointExtension>
        </extensions>
      </trkpt>
      <trkpt lat="34.69626213423907756805419921875" lon="135.214675962924957275390625">
        <ele>7</ele>
        <time>2026-08-05T21:27:32.000Z</time>
        <extensions>
          <ns3:TrackPointExtension>
            <ns3:atemp>31.0</ns3:atemp>
            <ns3:hr>179</ns3:hr>
            <ns3:cad>94</ns3:cad>
          </ns3:TrackPointExtension>
        </extensions>
      </trkpt>
      <trkpt lat="34.696284346282482147216796875" lon="135.21469985134899616241455078125">
        <ele>6.80000019073486328125</ele>
        <time>2026-08-05T21:27:33.000Z</time>
        <extensions>
          <ns3:TrackPointExtension>
            <ns3:atemp>31.0</ns3:atemp>
            <ns3:hr>179</ns3:hr>
            <ns3:cad>93</ns3:cad>
          </ns3:TrackPointExtension>
        </extensions>
      </trkpt>
      <trkpt lat="34.69630337320268154144287109375" lon="135.21472357213497161865234375">
        <ele>6.599999904632568359375</ele>
        <time>2026-08-05T21:27:34.000Z</time>
        <extensions>
          <ns3:TrackPointExtension>
            <ns3:atemp>31.0</ns3:atemp>
            <ns3:hr>179</ns3:hr>
            <ns3:cad>93</ns3:cad>
          </ns3:TrackPointExtension>
        </extensions>
      </trkpt>
      <trkpt lat="34.69632466323673725128173828125" lon="135.21474863402545452117919921875">
        <ele>6.599999904632568359375</ele>
        <time>2026-08-05T21:27:35.000Z</time>
        <extensions>
          <ns3:TrackPointExtension>
            <ns3:atemp>31.0</ns3:atemp>
            <ns3:hr>179</ns3:hr>
            <ns3:cad>93</ns3:cad>
          </ns3:TrackPointExtension>
        </extensions>
      </trkpt>
      <trkpt lat="34.69634746201336383819580078125" lon="135.21477579139173030853271484375">
        <ele>6.400000095367431640625</ele>
        <time>2026-08-05T21:27:36.000Z</time>
        <extensions>
          <ns3:TrackPointExtension>
            <ns3:atemp>31.0</ns3:atemp>
            <ns3:hr>179</ns3:hr>
            <ns3:cad>93</ns3:cad>
          </ns3:TrackPointExtension>
        </extensions>
      </trkpt>
      <trkpt lat="34.696367494761943817138671875" lon="135.214799679815769195556640625">
        <ele>6.400000095367431640625</ele>
        <time>2026-08-05T21:27:37.000Z</time>
        <extensions>
          <ns3:TrackPointExtension>
            <ns3:atemp>31.0</ns3:atemp>
            <ns3:hr>179</ns3:hr>
            <ns3:cad>93</ns3:cad>
          </ns3:TrackPointExtension>
        </extensions>
      </trkpt>
      <trkpt lat="34.69638819806277751922607421875" lon="135.21482842974364757537841796875">
        <ele>6.400000095367431640625</ele>
        <time>2026-08-05T21:27:38.000Z</time>
        <extensions>
          <ns3:TrackPointExtension>
            <ns3:atemp>31.0</ns3:atemp>
            <ns3:hr>178</ns3:hr>
            <ns3:cad>93</ns3:cad>
          </ns3:TrackPointExtension>
        </extensions>
      </trkpt>
      <trkpt lat="34.6964055486023426055908203125" lon="135.21485625766217708587646484375">
        <ele>6.599999904632568359375</ele>
        <time>2026-08-05T21:27:39.000Z</time>
        <extensions>
          <ns3:TrackPointExtension>
            <ns3:atemp>31.0</ns3:atemp>
            <ns3:hr>178</ns3:hr>
            <ns3:cad>93</ns3:cad>
          </ns3:TrackPointExtension>
        </extensions>
      </trkpt>
      <trkpt lat="34.69642591662704944610595703125" lon="135.214884169399738311767578125">
        <ele>7</ele>
        <time>2026-08-05T21:27:40.000Z</time>
        <extensions>
          <ns3:TrackPointExtension>
            <ns3:atemp>31.0</ns3:atemp>
            <ns3:hr>178</ns3:hr>
            <ns3:cad>92</ns3:cad>
          </ns3:TrackPointExtension>
        </extensions>
      </trkpt>
      <trkpt lat="34.696445278823375701904296875" lon="135.2149091474711894989013671875">
        <ele>7.19999980926513671875</ele>
        <time>2026-08-05T21:27:41.000Z</time>
        <extensions>
          <ns3:TrackPointExtension>
            <ns3:atemp>31.0</ns3:atemp>
            <ns3:hr>178</ns3:hr>
            <ns3:cad>92</ns3:cad>
          </ns3:TrackPointExtension>
        </extensions>
      </trkpt>
      <trkpt lat="34.69646212644875049591064453125" lon="135.21494217216968536376953125">
        <ele>7.599999904632568359375</ele>
        <time>2026-08-05T21:27:42.000Z</time>
        <extensions>
          <ns3:TrackPointExtension>
            <ns3:atemp>31.0</ns3:atemp>
            <ns3:hr>179</ns3:hr>
            <ns3:cad>94</ns3:cad>
          </ns3:TrackPointExtension>
        </extensions>
      </trkpt>
      <trkpt lat="34.69648140482604503631591796875" lon="135.21497435867786407470703125">
        <ele>7.80000019073486328125</ele>
        <time>2026-08-05T21:27:43.000Z</time>
        <extensions>
          <ns3:TrackPointExtension>
            <ns3:atemp>31.0</ns3:atemp>
            <ns3:hr>178</ns3:hr>
            <ns3:cad>94</ns3:cad>
          </ns3:TrackPointExtension>
        </extensions>
      </trkpt>
      <trkpt lat="34.6964970789849758148193359375" lon="135.21500193513929843902587890625">
        <ele>8</ele>
        <time>2026-08-05T21:27:44.000Z</time>
        <extensions>
          <ns3:TrackPointExtension>
            <ns3:atemp>31.0</ns3:atemp>
            <ns3:hr>178</ns3:hr>
            <ns3:cad>94</ns3:cad>
          </ns3:TrackPointExtension>
        </extensions>
      </trkpt>
      <trkpt lat="34.6965128369629383087158203125" lon="135.21502934396266937255859375">
        <ele>8.19999980926513671875</ele>
        <time>2026-08-05T21:27:45.000Z</time>
        <extensions>
          <ns3:TrackPointExtension>
            <ns3:atemp>31.0</ns3:atemp>
            <ns3:hr>178</ns3:hr>
            <ns3:cad>93</ns3:cad>
          </ns3:TrackPointExtension>
        </extensions>
      </trkpt>
      <trkpt lat="34.696532785892486572265625" lon="135.21505289711058139801025390625">
        <ele>8.3999996185302734375</ele>
        <time>2026-08-05T21:27:46.000Z</time>
        <extensions>
          <ns3:TrackPointExtension>
            <ns3:atemp>31.0</ns3:atemp>
            <ns3:hr>178</ns3:hr>
            <ns3:cad>92</ns3:cad>
          </ns3:TrackPointExtension>
        </extensions>
      </trkpt>
      <trkpt lat="34.696554243564605712890625" lon="135.2150798030197620391845703125">
        <ele>8.3999996185302734375</ele>
        <time>2026-08-05T21:27:47.000Z</time>
        <extensions>
          <ns3:TrackPointExtension>
            <ns3:atemp>31.0</ns3:atemp>
            <ns3:hr>179</ns3:hr>
            <ns3:cad>92</ns3:cad>
          </ns3:TrackPointExtension>
        </extensions>
      </trkpt>
      <trkpt lat="34.69657259993255138397216796875" lon="135.21510620601475238800048828125">
        <ele>8</ele>
        <time>2026-08-05T21:27:48.000Z</time>
        <extensions>
          <ns3:TrackPointExtension>
            <ns3:atemp>31.0</ns3:atemp>
            <ns3:hr>178</ns3:hr>
            <ns3:cad>92</ns3:cad>
          </ns3:TrackPointExtension>
        </extensions>
      </trkpt>
      <trkpt lat="34.69659003429114818572998046875" lon="135.2151398174464702606201171875">
        <ele>7.80000019073486328125</ele>
        <time>2026-08-05T21:27:49.000Z</time>
        <extensions>
          <ns3:TrackPointExtension>
            <ns3:atemp>31.0</ns3:atemp>
            <ns3:hr>178</ns3:hr>
            <ns3:cad>92</ns3:cad>
          </ns3:TrackPointExtension>
        </extensions>
      </trkpt>
      <trkpt lat="34.69660646282136440277099609375" lon="135.2151703275740146636962890625">
        <ele>7.599999904632568359375</ele>
        <time>2026-08-05T21:27:50.000Z</time>
        <extensions>
          <ns3:TrackPointExtension>
            <ns3:atemp>31.0</ns3:atemp>
            <ns3:hr>178</ns3:hr>
            <ns3:cad>92</ns3:cad>
          </ns3:TrackPointExtension>
        </extensions>
      </trkpt>
      <trkpt lat="34.69662473537027835845947265625" lon="135.21520159207284450531005859375">
        <ele>7.400000095367431640625</ele>
        <time>2026-08-05T21:27:51.000Z</time>
        <extensions>
          <ns3:TrackPointExtension>
            <ns3:atemp>31.0</ns3:atemp>
            <ns3:hr>179</ns3:hr>
            <ns3:cad>92</ns3:cad>
          </ns3:TrackPointExtension>
        </extensions>
      </trkpt>
      <trkpt lat="34.69664284028112888336181640625" lon="135.21523176692426204681396484375">
        <ele>7.400000095367431640625</ele>
        <time>2026-08-05T21:27:52.000Z</time>
        <extensions>
          <ns3:TrackPointExtension>
            <ns3:atemp>31.0</ns3:atemp>
            <ns3:hr>178</ns3:hr>
            <ns3:cad>92</ns3:cad>
          </ns3:TrackPointExtension>
        </extensions>
      </trkpt>
      <trkpt lat="34.6966610290110111236572265625" lon="135.21526361815631389617919921875">
        <ele>7.599999904632568359375</ele>
        <time>2026-08-05T21:27:53.000Z</time>
        <extensions>
          <ns3:TrackPointExtension>
            <ns3:atemp>31.0</ns3:atemp>
            <ns3:hr>178</ns3:hr>
            <ns3:cad>92</ns3:cad>
          </ns3:TrackPointExtension>
        </extensions>
      </trkpt>
      <trkpt lat="34.69667871482670307159423828125" lon="135.21529295481741428375244140625">
        <ele>7.80000019073486328125</ele>
        <time>2026-08-05T21:27:54.000Z</time>
        <extensions>
          <ns3:TrackPointExtension>
            <ns3:atemp>31.0</ns3:atemp>
            <ns3:hr>178</ns3:hr>
            <ns3:cad>92</ns3:cad>
          </ns3:TrackPointExtension>
        </extensions>
      </trkpt>
      <trkpt lat="34.69669438898563385009765625" lon="135.21532036364078521728515625">
        <ele>7.80000019073486328125</ele>
        <time>2026-08-05T21:27:55.000Z</time>
        <extensions>
          <ns3:TrackPointExtension>
            <ns3:atemp>31.0</ns3:atemp>
            <ns3:hr>178</ns3:hr>
            <ns3:cad>93</ns3:cad>
          </ns3:TrackPointExtension>
        </extensions>
      </trkpt>
      <trkpt lat="34.6967140026390552520751953125" lon="135.21535389125347137451171875">
        <ele>7.400000095367431640625</ele>
        <time>2026-08-05T21:27:56.000Z</time>
        <extensions>
          <ns3:TrackPointExtension>
            <ns3:atemp>31.0</ns3:atemp>
            <ns3:hr>179</ns3:hr>
            <ns3:cad>93</ns3:cad>
          </ns3:TrackPointExtension>
        </extensions>
      </trkpt>
      <trkpt lat="34.6967321075499057769775390625" lon="135.21538197062909603118896484375">
        <ele>7</ele>
        <time>2026-08-05T21:27:57.000Z</time>
        <extensions>
          <ns3:TrackPointExtension>
            <ns3:atemp>31.0</ns3:atemp>
            <ns3:hr>179</ns3:hr>
            <ns3:cad>92</ns3:cad>
          </ns3:TrackPointExtension>
        </extensions>
      </trkpt>
      <trkpt lat="34.69674861989915370941162109375" lon="135.2154113911092281341552734375">
        <ele>7</ele>
        <time>2026-08-05T21:27:58.000Z</time>
        <extensions>
          <ns3:TrackPointExtension>
            <ns3:atemp>31.0</ns3:atemp>
            <ns3:hr>178</ns3:hr>
            <ns3:cad>92</ns3:cad>
          </ns3:TrackPointExtension>
        </extensions>
      </trkpt>
      <trkpt lat="34.6967652998864650726318359375" lon="135.2154408954083919525146484375">
        <ele>7</ele>
        <time>2026-08-05T21:27:59.000Z</time>
        <extensions>
          <ns3:TrackPointExtension>
            <ns3:atemp>31.0</ns3:atemp>
            <ns3:hr>178</ns3:hr>
            <ns3:cad>92</ns3:cad>
          </ns3:TrackPointExtension>
        </extensions>
      </trkpt>
      <trkpt lat="34.696783907711505889892578125" lon="135.21546947769820690155029296875">
        <ele>7.19999980926513671875</ele>
        <time>2026-08-05T21:28:00.000Z</time>
        <extensions>
          <ns3:TrackPointExtension>
            <ns3:atemp>31.0</ns3:atemp>
            <ns3:hr>178</ns3:hr>
            <ns3:cad>92</ns3:cad>
          </ns3:TrackPointExtension>
        </extensions>
      </trkpt>
      <trkpt lat="34.69679958187043666839599609375" lon="135.2154968865215778350830078125">
        <ele>7.400000095367431640625</ele>
        <time>2026-08-05T21:28:01.000Z</time>
        <extensions>
          <ns3:TrackPointExtension>
            <ns3:atemp>31.0</ns3:atemp>
            <ns3:hr>178</ns3:hr>
            <ns3:cad>92</ns3:cad>
          </ns3:TrackPointExtension>
        </extensions>
      </trkpt>
      <trkpt lat="34.69681818969547748565673828125" lon="135.2155263908207416534423828125">
        <ele>7.599999904632568359375</ele>
        <time>2026-08-05T21:28:02.000Z</time>
        <extensions>
          <ns3:TrackPointExtension>
            <ns3:atemp>31.0</ns3:atemp>
            <ns3:hr>178</ns3:hr>
            <ns3:cad>94</ns3:cad>
          </ns3:TrackPointExtension>
        </extensions>
      </trkpt>
      <trkpt lat="34.69683545641601085662841796875" lon="135.2155585773289203643798828125">
        <ele>7.599999904632568359375</ele>
        <time>2026-08-05T21:28:03.000Z</time>
        <extensions>
          <ns3:TrackPointExtension>
            <ns3:atemp>31.0</ns3:atemp>
            <ns3:hr>178</ns3:hr>
            <ns3:cad>94</ns3:cad>
          </ns3:TrackPointExtension>
        </extensions>
      </trkpt>
      <trkpt lat="34.6968521364033222198486328125" lon="135.215586908161640167236328125">
        <ele>7.80000019073486328125</ele>
        <time>2026-08-05T21:28:04.000Z</time>
        <extensions>
          <ns3:TrackPointExtension>
            <ns3:atemp>31.0</ns3:atemp>
            <ns3:hr>178</ns3:hr>
            <ns3:cad>94</ns3:cad>
          </ns3:TrackPointExtension>
        </extensions>
      </trkpt>
      <trkpt lat="34.69686915166676044464111328125" lon="135.21561901085078716278076171875">
        <ele>7.80000019073486328125</ele>
        <time>2026-08-05T21:28:05.000Z</time>
        <extensions>
          <ns3:TrackPointExtension>
            <ns3:atemp>31.0</ns3:atemp>
            <ns3:hr>178</ns3:hr>
            <ns3:cad>94</ns3:cad>
          </ns3:TrackPointExtension>
        </extensions>
      </trkpt>
      <trkpt lat="34.69688591547310352325439453125" lon="135.2156480960547924041748046875">
        <ele>8</ele>
        <time>2026-08-05T21:28:06.000Z</time>
        <extensions>
          <ns3:TrackPointExtension>
            <ns3:atemp>31.0</ns3:atemp>
            <ns3:hr>178</ns3:hr>
            <ns3:cad>95</ns3:cad>
          </ns3:TrackPointExtension>
        </extensions>
      </trkpt>
      <trkpt lat="34.696899913251399993896484375" lon="135.21567801944911479949951171875">
        <ele>8.19999980926513671875</ele>
        <time>2026-08-05T21:28:07.000Z</time>
        <extensions>
          <ns3:TrackPointExtension>
            <ns3:atemp>31.0</ns3:atemp>
            <ns3:hr>178</ns3:hr>
            <ns3:cad>95</ns3:cad>
          </ns3:TrackPointExtension>
        </extensions>
      </trkpt>
      <trkpt lat="34.69691759906709194183349609375" lon="135.2157074399292469024658203125">
        <ele>8</ele>
        <time>2026-08-05T21:28:08.000Z</time>
        <extensions>
          <ns3:TrackPointExtension>
            <ns3:atemp>31.0</ns3:atemp>
            <ns3:hr>178</ns3:hr>
            <ns3:cad>93</ns3:cad>
          </ns3:TrackPointExtension>
        </extensions>
      </trkpt>
      <trkpt lat="34.69693536870181560516357421875" lon="135.215735770761966705322265625">
        <ele>8</ele>
        <time>2026-08-05T21:28:09.000Z</time>
        <extensions>
          <ns3:TrackPointExtension>
            <ns3:atemp>31.0</ns3:atemp>
            <ns3:hr>178</ns3:hr>
            <ns3:cad>93</ns3:cad>
          </ns3:TrackPointExtension>
        </extensions>
      </trkpt>
      <trkpt lat="34.69695230014622211456298828125" lon="135.21576334722340106964111328125">
        <ele>7.599999904632568359375</ele>
        <time>2026-08-05T21:28:10.000Z</time>
        <extensions>
          <ns3:TrackPointExtension>
            <ns3:atemp>31.0</ns3:atemp>
            <ns3:hr>179</ns3:hr>
            <ns3:cad>93</ns3:cad>
          </ns3:TrackPointExtension>
        </extensions>
      </trkpt>
      <trkpt lat="34.6969688124954700469970703125" lon="135.21579109132289886474609375">
        <ele>7.400000095367431640625</ele>
        <time>2026-08-05T21:28:11.000Z</time>
        <extensions>
          <ns3:TrackPointExtension>
            <ns3:atemp>31.0</ns3:atemp>
            <ns3:hr>178</ns3:hr>
            <ns3:cad>92</ns3:cad>
          </ns3:TrackPointExtension>
        </extensions>
      </trkpt>
      <trkpt lat="34.6969865821301937103271484375" lon="135.21582436747848987579345703125">
        <ele>7.400000095367431640625</ele>
        <time>2026-08-05T21:28:12.000Z</time>
        <extensions>
          <ns3:TrackPointExtension>
            <ns3:atemp>31.0</ns3:atemp>
            <ns3:hr>178</ns3:hr>
            <ns3:cad>93</ns3:cad>
          </ns3:TrackPointExtension>
        </extensions>
      </trkpt>
      <trkpt lat="34.6969993226230144500732421875" lon="135.215850435197353363037109375">
        <ele>7.599999904632568359375</ele>
        <time>2026-08-05T21:28:13.000Z</time>
        <extensions>
          <ns3:TrackPointExtension>
            <ns3:atemp>31.0</ns3:atemp>
            <ns3:hr>178</ns3:hr>
            <ns3:cad>92</ns3:cad>
          </ns3:TrackPointExtension>
        </extensions>
      </trkpt>
      <trkpt lat="34.6970127336680889129638671875" lon="135.2158811129629611968994140625">
        <ele>8</ele>
        <time>2026-08-05T21:28:14.000Z</time>
        <extensions>
          <ns3:TrackPointExtension>
            <ns3:atemp>31.0</ns3:atemp>
            <ns3:hr>178</ns3:hr>
            <ns3:cad>93</ns3:cad>
          </ns3:TrackPointExtension>
        </extensions>
      </trkpt>
      <trkpt lat="34.6970291621983051300048828125" lon="135.21590718068182468414306640625">
        <ele>8.3999996185302734375</ele>
        <time>2026-08-05T21:28:15.000Z</time>
        <extensions>
          <ns3:TrackPointExtension>
            <ns3:atemp>31.0</ns3:atemp>
            <ns3:hr>178</ns3:hr>
            <ns3:cad>92</ns3:cad>
          </ns3:TrackPointExtension>
        </extensions>
      </trkpt>
      <trkpt lat="34.697046093642711639404296875" lon="135.21593752317130565643310546875">
        <ele>8.80000019073486328125</ele>
        <time>2026-08-05T21:28:16.000Z</time>
        <extensions>
          <ns3:TrackPointExtension>
            <ns3:atemp>31.0</ns3:atemp>
            <ns3:hr>177</ns3:hr>
            <ns3:cad>92</ns3:cad>
          </ns3:TrackPointExtension>
        </extensions>
      </trkpt>
      <trkpt lat="34.697061516344547271728515625" lon="135.2159652672708034515380859375">
        <ele>9</ele>
        <time>2026-08-05T21:28:17.000Z</time>
        <extensions>
          <ns3:TrackPointExtension>
            <ns3:atemp>31.0</ns3:atemp>
            <ns3:hr>177</ns3:hr>
            <ns3:cad>92</ns3:cad>
          </ns3:TrackPointExtension>
        </extensions>
      </trkpt>
      <trkpt lat="34.6970750950276851654052734375" lon="135.21599317900836467742919921875">
        <ele>8.80000019073486328125</ele>
        <time>2026-08-05T21:28:18.000Z</time>
        <extensions>
          <ns3:TrackPointExtension>
            <ns3:atemp>31.0</ns3:atemp>
            <ns3:hr>176</ns3:hr>
            <ns3:cad>92</ns3:cad>
          </ns3:TrackPointExtension>
        </extensions>
      </trkpt>
      <trkpt lat="34.6970935352146625518798828125" lon="135.21602637134492397308349609375">
        <ele>8.3999996185302734375</ele>
        <time>2026-08-05T21:28:19.000Z</time>
        <extensions>
          <ns3:TrackPointExtension>
            <ns3:atemp>31.0</ns3:atemp>
            <ns3:hr>176</ns3:hr>
            <ns3:cad>92</ns3:cad>
          </ns3:TrackPointExtension>
        </extensions>
      </trkpt>
      <trkpt lat="34.69711256213486194610595703125" lon="135.21605537272989749908447265625">
        <ele>7.400000095367431640625</ele>
        <time>2026-08-05T21:28:20.000Z</time>
        <extensions>
          <ns3:TrackPointExtension>
            <ns3:atemp>31.0</ns3:atemp>
            <ns3:hr>176</ns3:hr>
            <ns3:cad>93</ns3:cad>
          </ns3:TrackPointExtension>
        </extensions>
      </trkpt>
      <trkpt lat="34.697128236293792724609375" lon="135.21608755923807621002197265625">
        <ele>6.400000095367431640625</ele>
        <time>2026-08-05T21:28:21.000Z</time>
        <extensions>
          <ns3:TrackPointExtension>
            <ns3:atemp>31.0</ns3:atemp>
            <ns3:hr>176</ns3:hr>
            <ns3:cad>94</ns3:cad>
          </ns3:TrackPointExtension>
        </extensions>
      </trkpt>
      <trkpt lat="34.6971451677381992340087890625" lon="135.216115303337574005126953125">
        <ele>6.19999980926513671875</ele>
        <time>2026-08-05T21:28:22.000Z</time>
        <extensions>
          <ns3:TrackPointExtension>
            <ns3:atemp>31.0</ns3:atemp>
            <ns3:hr>177</ns3:hr>
            <ns3:cad>94</ns3:cad>
          </ns3:TrackPointExtension>
        </extensions>
      </trkpt>
      <trkpt lat="34.6971642784774303436279296875" lon="135.2161446399986743927001953125">
        <ele>6.400000095367431640625</ele>
        <time>2026-08-05T21:28:23.000Z</time>
        <extensions>
          <ns3:TrackPointExtension>
            <ns3:atemp>31.0</ns3:atemp>
            <ns3:hr>176</ns3:hr>
            <ns3:cad>94</ns3:cad>
          </ns3:TrackPointExtension>
        </extensions>
      </trkpt>
      <trkpt lat="34.6971807070076465606689453125" lon="135.21617389284074306488037109375">
        <ele>6.599999904632568359375</ele>
        <time>2026-08-05T21:28:24.000Z</time>
        <extensions>
          <ns3:TrackPointExtension>
            <ns3:atemp>31.0</ns3:atemp>
            <ns3:hr>176</ns3:hr>
            <ns3:cad>94</ns3:cad>
          </ns3:TrackPointExtension>
        </extensions>
      </trkpt>
      <trkpt lat="34.69719805754721164703369140625" lon="135.2162070013582706451416015625">
        <ele>7</ele>
        <time>2026-08-05T21:28:25.000Z</time>
        <extensions>
          <ns3:TrackPointExtension>
            <ns3:atemp>31.0</ns3:atemp>
            <ns3:hr>177</ns3:hr>
            <ns3:cad>94</ns3:cad>
          </ns3:TrackPointExtension>
        </extensions>
      </trkpt>
      <trkpt lat="34.69721607863903045654296875" lon="135.21623776294291019439697265625">
        <ele>7.400000095367431640625</ele>
        <time>2026-08-05T21:28:26.000Z</time>
        <extensions>
          <ns3:TrackPointExtension>
            <ns3:atemp>31.0</ns3:atemp>
            <ns3:hr>178</ns3:hr>
            <ns3:cad>94</ns3:cad>
          </ns3:TrackPointExtension>
        </extensions>
      </trkpt>
      <trkpt lat="34.6972340159118175506591796875" lon="135.21626743488013744354248046875">
        <ele>7.80000019073486328125</ele>
        <time>2026-08-05T21:28:27.000Z</time>
        <extensions>
          <ns3:TrackPointExtension>
            <ns3:atemp>31.0</ns3:atemp>
            <ns3:hr>178</ns3:hr>
            <ns3:cad>93</ns3:cad>
          </ns3:TrackPointExtension>
        </extensions>
      </trkpt>
      <trkpt lat="34.69725237227976322174072265625" lon="135.21629777736961841583251953125">
        <ele>8</ele>
        <time>2026-08-05T21:28:28.000Z</time>
        <extensions>
          <ns3:TrackPointExtension>
            <ns3:atemp>31.0</ns3:atemp>
            <ns3:hr>178</ns3:hr>
            <ns3:cad>93</ns3:cad>
          </ns3:TrackPointExtension>
        </extensions>
      </trkpt>
      <trkpt lat="34.69726930372416973114013671875" lon="135.21632887423038482666015625">
        <ele>8.19999980926513671875</ele>
        <time>2026-08-05T21:28:29.000Z</time>
        <extensions>
          <ns3:TrackPointExtension>
            <ns3:atemp>31.0</ns3:atemp>
            <ns3:hr>178</ns3:hr>
            <ns3:cad>93</ns3:cad>
          </ns3:TrackPointExtension>
        </extensions>
      </trkpt>
      <trkpt lat="34.69728807918727397918701171875" lon="135.216358713805675506591796875">
        <ele>8.19999980926513671875</ele>
        <time>2026-08-05T21:28:30.000Z</time>
        <extensions>
          <ns3:TrackPointExtension>
            <ns3:atemp>31.0</ns3:atemp>
            <ns3:hr>178</ns3:hr>
            <ns3:cad>93</ns3:cad>
          </ns3:TrackPointExtension>
        </extensions>
      </trkpt>
      <trkpt lat="34.69730501063168048858642578125" lon="135.216388218104839324951171875">
        <ele>8.19999980926513671875</ele>
        <time>2026-08-05T21:28:31.000Z</time>
        <extensions>
          <ns3:TrackPointExtension>
            <ns3:atemp>31.0</ns3:atemp>
            <ns3:hr>178</ns3:hr>
            <ns3:cad>93</ns3:cad>
          </ns3:TrackPointExtension>
        </extensions>
      </trkpt>
      <trkpt lat="34.69732210971415042877197265625" lon="135.21642006933689117431640625">
        <ele>8</ele>
        <time>2026-08-05T21:28:32.000Z</time>
        <extensions>
          <ns3:TrackPointExtension>
            <ns3:atemp>31.0</ns3:atemp>
            <ns3:hr>178</ns3:hr>
            <ns3:cad>92</ns3:cad>
          </ns3:TrackPointExtension>
        </extensions>
      </trkpt>
      <trkpt lat="34.697339795529842376708984375" lon="135.21644689142704010009765625">
        <ele>7.80000019073486328125</ele>
        <time>2026-08-05T21:28:33.000Z</time>
        <extensions>
          <ns3:TrackPointExtension>
            <ns3:atemp>31.0</ns3:atemp>
            <ns3:hr>178</ns3:hr>
            <ns3:cad>92</ns3:cad>
          </ns3:TrackPointExtension>
        </extensions>
      </trkpt>
      <trkpt lat="34.69735622406005859375" lon="135.21647999994456768035888671875">
        <ele>7.400000095367431640625</ele>
        <time>2026-08-05T21:28:34.000Z</time>
        <extensions>
          <ns3:TrackPointExtension>
            <ns3:atemp>31.0</ns3:atemp>
            <ns3:hr>178</ns3:hr>
            <ns3:cad>92</ns3:cad>
          </ns3:TrackPointExtension>
        </extensions>
      </trkpt>
      <trkpt lat="34.69737491570413112640380859375" lon="135.2165097557008266448974609375">
        <ele>7</ele>
        <time>2026-08-05T21:28:35.000Z</time>
        <extensions>
          <ns3:TrackPointExtension>
            <ns3:atemp>31.0</ns3:atemp>
            <ns3:hr>178</ns3:hr>
            <ns3:cad>93</ns3:cad>
          </ns3:TrackPointExtension>
        </extensions>
      </trkpt>
      <trkpt lat="34.697390757501125335693359375" lon="135.216537751257419586181640625">
        <ele>6.80000019073486328125</ele>
        <time>2026-08-05T21:28:36.000Z</time>
        <extensions>
          <ns3:TrackPointExtension>
            <ns3:atemp>31.0</ns3:atemp>
            <ns3:hr>178</ns3:hr>
            <ns3:cad>93</ns3:cad>
          </ns3:TrackPointExtension>
        </extensions>
      </trkpt>
      <trkpt lat="34.69740509055554866790771484375" lon="135.216568596661090850830078125">
        <ele>6.80000019073486328125</ele>
        <time>2026-08-05T21:28:37.000Z</time>
        <extensions>
          <ns3:TrackPointExtension>
            <ns3:atemp>31.0</ns3:atemp>
            <ns3:hr>178</ns3:hr>
            <ns3:cad>94</ns3:cad>
          </ns3:TrackPointExtension>
        </extensions>
      </trkpt>
      <trkpt lat="34.697422944009304046630859375" lon="135.21659751422703266143798828125">
        <ele>7</ele>
        <time>2026-08-05T21:28:38.000Z</time>
        <extensions>
          <ns3:TrackPointExtension>
            <ns3:atemp>31.0</ns3:atemp>
            <ns3:hr>178</ns3:hr>
            <ns3:cad>94</ns3:cad>
          </ns3:TrackPointExtension>
        </extensions>
      </trkpt>
      <trkpt lat="34.697439372539520263671875" lon="135.2166254259645938873291015625">
        <ele>7.19999980926513671875</ele>
        <time>2026-08-05T21:28:39.000Z</time>
        <extensions>
          <ns3:TrackPointExtension>
            <ns3:atemp>31.0</ns3:atemp>
            <ns3:hr>178</ns3:hr>
            <ns3:cad>92</ns3:cad>
          </ns3:TrackPointExtension>
        </extensions>
      </trkpt>
      <trkpt lat="34.69745622016489505767822265625" lon="135.2166519127786159515380859375">
        <ele>7.599999904632568359375</ele>
        <time>2026-08-05T21:28:40.000Z</time>
        <extensions>
          <ns3:TrackPointExtension>
            <ns3:atemp>31.0</ns3:atemp>
            <ns3:hr>178</ns3:hr>
            <ns3:cad>92</ns3:cad>
          </ns3:TrackPointExtension>
        </extensions>
      </trkpt>
      <trkpt lat="34.6974734030663967132568359375" lon="135.21668066270649433135986328125">
        <ele>7.80000019073486328125</ele>
        <time>2026-08-05T21:28:41.000Z</time>
        <extensions>
          <ns3:TrackPointExtension>
            <ns3:atemp>31.0</ns3:atemp>
            <ns3:hr>178</ns3:hr>
            <ns3:cad>92</ns3:cad>
          </ns3:TrackPointExtension>
        </extensions>
      </trkpt>
      <trkpt lat="34.6974918432533740997314453125" lon="135.21670748479664325714111328125">
        <ele>7.400000095367431640625</ele>
        <time>2026-08-05T21:28:42.000Z</time>
        <extensions>
          <ns3:TrackPointExtension>
            <ns3:atemp>31.0</ns3:atemp>
            <ns3:hr>178</ns3:hr>
            <ns3:cad>92</ns3:cad>
          </ns3:TrackPointExtension>
        </extensions>
      </trkpt>
      <trkpt lat="34.69751187600195407867431640625" lon="135.21673698909580707550048828125">
        <ele>7.19999980926513671875</ele>
        <time>2026-08-05T21:28:43.000Z</time>
        <extensions>
          <ns3:TrackPointExtension>
            <ns3:atemp>31.0</ns3:atemp>
            <ns3:hr>177</ns3:hr>
            <ns3:cad>94</ns3:cad>
          </ns3:TrackPointExtension>
        </extensions>
      </trkpt>
      <trkpt lat="34.69753165729343891143798828125" lon="135.2167655713856220245361328125">
        <ele>6.80000019073486328125</ele>
        <time>2026-08-05T21:28:44.000Z</time>
        <extensions>
          <ns3:TrackPointExtension>
            <ns3:atemp>31.0</ns3:atemp>
            <ns3:hr>178</ns3:hr>
            <ns3:cad>94</ns3:cad>
          </ns3:TrackPointExtension>
        </extensions>
      </trkpt>
      <trkpt lat="34.6975498460233211517333984375" lon="135.2167944051325321197509765625">
        <ele>6.599999904632568359375</ele>
        <time>2026-08-05T21:28:45.000Z</time>
        <extensions>
          <ns3:TrackPointExtension>
            <ns3:atemp>31.0</ns3:atemp>
            <ns3:hr>178</ns3:hr>
            <ns3:cad>94</ns3:cad>
          </ns3:TrackPointExtension>
        </extensions>
      </trkpt>
      <trkpt lat="34.69756585545837879180908203125" lon="135.2168249152600765228271484375">
        <ele>6.80000019073486328125</ele>
        <time>2026-08-05T21:28:46.000Z</time>
        <extensions>
          <ns3:TrackPointExtension>
            <ns3:atemp>31.0</ns3:atemp>
            <ns3:hr>178</ns3:hr>
            <ns3:cad>94</ns3:cad>
          </ns3:TrackPointExtension>
        </extensions>
      </trkpt>
      <trkpt lat="34.69758379273116588592529296875" lon="135.216852240264415740966796875">
        <ele>7</ele>
        <time>2026-08-05T21:28:47.000Z</time>
        <extensions>
          <ns3:TrackPointExtension>
            <ns3:atemp>31.0</ns3:atemp>
            <ns3:hr>178</ns3:hr>
            <ns3:cad>95</ns3:cad>
          </ns3:TrackPointExtension>
        </extensions>
      </trkpt>
      <trkpt lat="34.6975998021662235260009765625" lon="135.2168839238584041595458984375">
        <ele>7.599999904632568359375</ele>
        <time>2026-08-05T21:28:48.000Z</time>
        <extensions>
          <ns3:TrackPointExtension>
            <ns3:atemp>31.0</ns3:atemp>
            <ns3:hr>178</ns3:hr>
            <ns3:cad>94</ns3:cad>
          </ns3:TrackPointExtension>
        </extensions>
      </trkpt>
      <trkpt lat="34.6976177394390106201171875" lon="135.216912589967250823974609375">
        <ele>7.80000019073486328125</ele>
        <time>2026-08-05T21:28:49.000Z</time>
        <extensions>
          <ns3:TrackPointExtension>
            <ns3:atemp>31.0</ns3:atemp>
            <ns3:hr>177</ns3:hr>
            <ns3:cad>93</ns3:cad>
          </ns3:TrackPointExtension>
        </extensions>
      </trkpt>
      <trkpt lat="34.69763408415019512176513671875" lon="135.21694418974220752716064453125">
        <ele>8</ele>
        <time>2026-08-05T21:28:50.000Z</time>
        <extensions>
          <ns3:TrackPointExtension>
            <ns3:atemp>31.0</ns3:atemp>
            <ns3:hr>176</ns3:hr>
            <ns3:cad>93</ns3:cad>
          </ns3:TrackPointExtension>
        </extensions>
      </trkpt>
      <trkpt lat="34.697649590671062469482421875" lon="135.21697302348911762237548828125">
        <ele>7.80000019073486328125</ele>
        <time>2026-08-05T21:28:51.000Z</time>
        <extensions>
          <ns3:TrackPointExtension>
            <ns3:atemp>31.0</ns3:atemp>
            <ns3:hr>177</ns3:hr>
            <ns3:cad>92</ns3:cad>
          </ns3:TrackPointExtension>
        </extensions>
      </trkpt>
      <trkpt lat="34.6976675279438495635986328125" lon="135.217004455626010894775390625">
        <ele>7.599999904632568359375</ele>
        <time>2026-08-05T21:28:52.000Z</time>
        <extensions>
          <ns3:TrackPointExtension>
            <ns3:atemp>31.0</ns3:atemp>
            <ns3:hr>177</ns3:hr>
            <ns3:cad>92</ns3:cad>
          </ns3:TrackPointExtension>
        </extensions>
      </trkpt>
      <trkpt lat="34.697685129940509796142578125" lon="135.21703069098293781280517578125">
        <ele>7.599999904632568359375</ele>
        <time>2026-08-05T21:28:53.000Z</time>
        <extensions>
          <ns3:TrackPointExtension>
            <ns3:atemp>32.0</ns3:atemp>
            <ns3:hr>177</ns3:hr>
            <ns3:cad>92</ns3:cad>
          </ns3:TrackPointExtension>
        </extensions>
      </trkpt>
      <trkpt lat="34.69770180992782115936279296875" lon="135.21705952472984790802001953125">
        <ele>7.400000095367431640625</ele>
        <time>2026-08-05T21:28:54.000Z</time>
        <extensions>
          <ns3:TrackPointExtension>
            <ns3:atemp>31.0</ns3:atemp>
            <ns3:hr>176</ns3:hr>
            <ns3:cad>94</ns3:cad>
          </ns3:TrackPointExtension>
        </extensions>
      </trkpt>
      <trkpt lat="34.69771957956254482269287109375" lon="135.21708617918193340301513671875">
        <ele>7</ele>
        <time>2026-08-05T21:28:55.000Z</time>
        <extensions>
          <ns3:TrackPointExtension>
            <ns3:atemp>31.0</ns3:atemp>
            <ns3:hr>176</ns3:hr>
            <ns3:cad>94</ns3:cad>
          </ns3:TrackPointExtension>
        </extensions>
      </trkpt>
      <trkpt lat="34.6977369301021099090576171875" lon="135.21711476147174835205078125">
        <ele>7</ele>
        <time>2026-08-05T21:28:56.000Z</time>
        <extensions>
          <ns3:TrackPointExtension>
            <ns3:atemp>31.0</ns3:atemp>
            <ns3:hr>176</ns3:hr>
            <ns3:cad>94</ns3:cad>
          </ns3:TrackPointExtension>
        </extensions>
      </trkpt>
      <trkpt lat="34.69775361008942127227783203125" lon="135.2171449363231658935546875">
        <ele>7.19999980926513671875</ele>
        <time>2026-08-05T21:28:57.000Z</time>
        <extensions>
          <ns3:TrackPointExtension>
            <ns3:atemp>31.0</ns3:atemp>
            <ns3:hr>176</ns3:hr>
            <ns3:cad>94</ns3:cad>
          </ns3:TrackPointExtension>
        </extensions>
      </trkpt>
      <trkpt lat="34.6977687813341617584228515625" lon="135.21717418916523456573486328125">
        <ele>7.599999904632568359375</ele>
        <time>2026-08-05T21:28:58.000Z</time>
        <extensions>
          <ns3:TrackPointExtension>
            <ns3:atemp>31.0</ns3:atemp>
            <ns3:hr>176</ns3:hr>
            <ns3:cad>93</ns3:cad>
          </ns3:TrackPointExtension>
        </extensions>
      </trkpt>
      <trkpt lat="34.69778428785502910614013671875" lon="135.21720587275922298431396484375">
        <ele>8.19999980926513671875</ele>
        <time>2026-08-05T21:28:59.000Z</time>
        <extensions>
          <ns3:TrackPointExtension>
            <ns3:atemp>31.0</ns3:atemp>
            <ns3:hr>176</ns3:hr>
            <ns3:cad>92</ns3:cad>
          </ns3:TrackPointExtension>
        </extensions>
      </trkpt>
      <trkpt lat="34.697800464928150177001953125" lon="135.217233113944530487060546875">
        <ele>8.6000003814697265625</ele>
        <time>2026-08-05T21:29:00.000Z</time>
        <extensions>
          <ns3:TrackPointExtension>
            <ns3:atemp>31.0</ns3:atemp>
            <ns3:hr>176</ns3:hr>
            <ns3:cad>93</ns3:cad>
          </ns3:TrackPointExtension>
        </extensions>
      </trkpt>
      <trkpt lat="34.6978162229061126708984375" lon="135.21726102568209171295166015625">
        <ele>9</ele>
        <time>2026-08-05T21:29:01.000Z</time>
        <extensions>
          <ns3:TrackPointExtension>
            <ns3:atemp>31.0</ns3:atemp>
            <ns3:hr>176</ns3:hr>
            <ns3:cad>93</ns3:cad>
          </ns3:TrackPointExtension>
        </extensions>
      </trkpt>
      <trkpt lat="34.6978341601788997650146484375" lon="135.21728516556322574615478515625">
        <ele>9.3999996185302734375</ele>
        <time>2026-08-05T21:29:02.000Z</time>
        <extensions>
          <ns3:TrackPointExtension>
            <ns3:atemp>31.0</ns3:atemp>
            <ns3:hr>176</ns3:hr>
            <ns3:cad>93</ns3:cad>
          </ns3:TrackPointExtension>
        </extensions>
      </trkpt>
      <trkpt lat="34.69785000197589397430419921875" lon="135.21731483750045299530029296875">
        <ele>9.6000003814697265625</ele>
        <time>2026-08-05T21:29:03.000Z</time>
        <extensions>
          <ns3:TrackPointExtension>
            <ns3:atemp>31.0</ns3:atemp>
            <ns3:hr>176</ns3:hr>
            <ns3:cad>93</ns3:cad>
          </ns3:TrackPointExtension>
        </extensions>
      </trkpt>
      <trkpt lat="34.69786743633449077606201171875" lon="135.21734165959060192108154296875">
        <ele>9.3999996185302734375</ele>
        <time>2026-08-05T21:29:04.000Z</time>
        <extensions>
          <ns3:TrackPointExtension>
            <ns3:atemp>31.0</ns3:atemp>
            <ns3:hr>176</ns3:hr>
            <ns3:cad>93</ns3:cad>
          </ns3:TrackPointExtension>
        </extensions>
      </trkpt>
      <trkpt lat="34.6978844515979290008544921875" lon="135.217368565499782562255859375">
        <ele>9</ele>
        <time>2026-08-05T21:29:05.000Z</time>
        <extensions>
          <ns3:TrackPointExtension>
            <ns3:atemp>31.0</ns3:atemp>
            <ns3:hr>176</ns3:hr>
            <ns3:cad>94</ns3:cad>
          </ns3:TrackPointExtension>
        </extensions>
      </trkpt>
      <trkpt lat="34.69790481962263584136962890625" lon="135.21740100346505641937255859375">
        <ele>8.6000003814697265625</ele>
        <time>2026-08-05T21:29:06.000Z</time>
        <extensions>
          <ns3:TrackPointExtension>
            <ns3:atemp>31.0</ns3:atemp>
            <ns3:hr>177</ns3:hr>
            <ns3:cad>94</ns3:cad>
          </ns3:TrackPointExtension>
        </extensions>
      </trkpt>
      <trkpt lat="34.697923846542835235595703125" lon="135.2174327708780765533447265625">
        <ele>8.6000003814697265625</ele>
        <time>2026-08-05T21:29:07.000Z</time>
        <extensions>
          <ns3:TrackPointExtension>
            <ns3:atemp>31.0</ns3:atemp>
            <ns3:hr>176</ns3:hr>
            <ns3:cad>94</ns3:cad>
          </ns3:TrackPointExtension>
        </extensions>
      </trkpt>
      <trkpt lat="34.69794102944433689117431640625" lon="135.21746420301496982574462890625">
        <ele>7.80000019073486328125</ele>
        <time>2026-08-05T21:29:08.000Z</time>
        <extensions>
          <ns3:TrackPointExtension>
            <ns3:atemp>31.0</ns3:atemp>
            <ns3:hr>177</ns3:hr>
            <ns3:cad>94</ns3:cad>
          </ns3:TrackPointExtension>
        </extensions>
      </trkpt>
      <trkpt lat="34.69795703887939453125" lon="135.21749429404735565185546875">
        <ele>7.80000019073486328125</ele>
        <time>2026-08-05T21:29:09.000Z</time>
        <extensions>
          <ns3:TrackPointExtension>
            <ns3:atemp>31.0</ns3:atemp>
            <ns3:hr>177</ns3:hr>
            <ns3:cad>94</ns3:cad>
          </ns3:TrackPointExtension>
        </extensions>
      </trkpt>
      <trkpt lat="34.69797246158123016357421875" lon="135.217530168592929840087890625">
        <ele>7.80000019073486328125</ele>
        <time>2026-08-05T21:29:10.000Z</time>
        <extensions>
          <ns3:TrackPointExtension>
            <ns3:atemp>31.0</ns3:atemp>
            <ns3:hr>178</ns3:hr>
            <ns3:cad>94</ns3:cad>
          </ns3:TrackPointExtension>
        </extensions>
      </trkpt>
      <trkpt lat="34.697986878454685211181640625" lon="135.2175638638436794281005859375">
        <ele>7.80000019073486328125</ele>
        <time>2026-08-05T21:29:11.000Z</time>
        <extensions>
          <ns3:TrackPointExtension>
            <ns3:atemp>31.0</ns3:atemp>
            <ns3:hr>178</ns3:hr>
            <ns3:cad>93</ns3:cad>
          </ns3:TrackPointExtension>
        </extensions>
      </trkpt>
      <trkpt lat="34.6980007924139499664306640625" lon="135.2175913564860820770263671875">
        <ele>7.80000019073486328125</ele>
        <time>2026-08-05T21:29:12.000Z</time>
        <extensions>
          <ns3:TrackPointExtension>
            <ns3:atemp>31.0</ns3:atemp>
            <ns3:hr>178</ns3:hr>
            <ns3:cad>93</ns3:cad>
          </ns3:TrackPointExtension>
        </extensions>
      </trkpt>
      <trkpt lat="34.69801914878189563751220703125" lon="135.217619352042675018310546875">
        <ele>7.80000019073486328125</ele>
        <time>2026-08-05T21:29:13.000Z</time>
        <extensions>
          <ns3:TrackPointExtension>
            <ns3:atemp>31.0</ns3:atemp>
            <ns3:hr>178</ns3:hr>
            <ns3:cad>93</ns3:cad>
          </ns3:TrackPointExtension>
        </extensions>
      </trkpt>
      <trkpt lat="34.69803641550242900848388671875" lon="135.21764860488474369049072265625">
        <ele>7.80000019073486328125</ele>
        <time>2026-08-05T21:29:14.000Z</time>
        <extensions>
          <ns3:TrackPointExtension>
            <ns3:atemp>31.0</ns3:atemp>
            <ns3:hr>178</ns3:hr>
            <ns3:cad>93</ns3:cad>
          </ns3:TrackPointExtension>
        </extensions>
      </trkpt>
      <trkpt lat="34.69805368222296237945556640625" lon="135.21768079139292240142822265625">
        <ele>7.599999904632568359375</ele>
        <time>2026-08-05T21:29:15.000Z</time>
        <extensions>
          <ns3:TrackPointExtension>
            <ns3:atemp>31.0</ns3:atemp>
            <ns3:hr>178</ns3:hr>
            <ns3:cad>92</ns3:cad>
          </ns3:TrackPointExtension>
        </extensions>
      </trkpt>
      <trkpt lat="34.69806977547705173492431640625" lon="135.21771029569208621978759765625">
        <ele>7.599999904632568359375</ele>
        <time>2026-08-05T21:29:16.000Z</time>
        <extensions>
          <ns3:TrackPointExtension>
            <ns3:atemp>31.0</ns3:atemp>
            <ns3:hr>178</ns3:hr>
            <ns3:cad>92</ns3:cad>
          </ns3:TrackPointExtension>
        </extensions>
      </trkpt>
      <trkpt lat="34.69808871857821941375732421875" lon="135.2177405543625354766845703125">
        <ele>7.80000019073486328125</ele>
        <time>2026-08-05T21:29:17.000Z</time>
        <extensions>
          <ns3:TrackPointExtension>
            <ns3:atemp>31.0</ns3:atemp>
            <ns3:hr>178</ns3:hr>
            <ns3:cad>94</ns3:cad>
          </ns3:TrackPointExtension>
        </extensions>
      </trkpt>
      <trkpt lat="34.6981070749461650848388671875" lon="135.2177693881094455718994140625">
        <ele>7.80000019073486328125</ele>
        <time>2026-08-05T21:29:18.000Z</time>
        <extensions>
          <ns3:TrackPointExtension>
            <ns3:atemp>31.0</ns3:atemp>
            <ns3:hr>178</ns3:hr>
            <ns3:cad>94</ns3:cad>
          </ns3:TrackPointExtension>
        </extensions>
      </trkpt>
      <trkpt lat="34.69812241382896900177001953125" lon="135.217798054218292236328125">
        <ele>7.599999904632568359375</ele>
        <time>2026-08-05T21:29:19.000Z</time>
        <extensions>
          <ns3:TrackPointExtension>
            <ns3:atemp>31.0</ns3:atemp>
            <ns3:hr>178</ns3:hr>
            <ns3:cad>94</ns3:cad>
          </ns3:TrackPointExtension>
        </extensions>
      </trkpt>
      <trkpt lat="34.69813699834048748016357421875" lon="135.21783200092613697052001953125">
        <ele>7.80000019073486328125</ele>
        <time>2026-08-05T21:29:20.000Z</time>
        <extensions>
          <ns3:TrackPointExtension>
            <ns3:atemp>31.0</ns3:atemp>
            <ns3:hr>178</ns3:hr>
            <ns3:cad>93</ns3:cad>
          </ns3:TrackPointExtension>
        </extensions>
      </trkpt>
      <trkpt lat="34.6981546841561794281005859375" lon="135.21786150522530078887939453125">
        <ele>8</ele>
        <time>2026-08-05T21:29:21.000Z</time>
        <extensions>
          <ns3:TrackPointExtension>
            <ns3:atemp>31.0</ns3:atemp>
            <ns3:hr>178</ns3:hr>
            <ns3:cad>93</ns3:cad>
          </ns3:TrackPointExtension>
        </extensions>
      </trkpt>
      <trkpt lat="34.69817220233380794525146484375" lon="135.21788950078189373016357421875">
        <ele>8.19999980926513671875</ele>
        <time>2026-08-05T21:29:22.000Z</time>
        <extensions>
          <ns3:TrackPointExtension>
            <ns3:atemp>31.0</ns3:atemp>
            <ns3:hr>178</ns3:hr>
            <ns3:cad>93</ns3:cad>
          </ns3:TrackPointExtension>
        </extensions>
      </trkpt>
      <trkpt lat="34.6981890499591827392578125" lon="135.21791749633848667144775390625">
        <ele>8.3999996185302734375</ele>
        <time>2026-08-05T21:29:23.000Z</time>
        <extensions>
          <ns3:TrackPointExtension>
            <ns3:atemp>31.0</ns3:atemp>
            <ns3:hr>178</ns3:hr>
            <ns3:cad>93</ns3:cad>
          </ns3:TrackPointExtension>
        </extensions>
      </trkpt>
      <trkpt lat="34.6982046402990818023681640625" lon="135.2179497666656970977783203125">
        <ele>8.3999996185302734375</ele>
        <time>2026-08-05T21:29:24.000Z</time>
        <extensions>
          <ns3:TrackPointExtension>
            <ns3:atemp>31.0</ns3:atemp>
            <ns3:hr>178</ns3:hr>
            <ns3:cad>93</ns3:cad>
          </ns3:TrackPointExtension>
        </extensions>
      </trkpt>
      <trkpt lat="34.69821696169674396514892578125" lon="135.21798287518322467803955078125">
        <ele>8</ele>
        <time>2026-08-05T21:29:25.000Z</time>
        <extensions>
          <ns3:TrackPointExtension>
            <ns3:atemp>31.0</ns3:atemp>
            <ns3:hr>178</ns3:hr>
            <ns3:cad>93</ns3:cad>
          </ns3:TrackPointExtension>
        </extensions>
      </trkpt>
      <trkpt lat="34.6982297860085964202880859375" lon="135.21801707334816455841064453125">
        <ele>7.599999904632568359375</ele>
        <time>2026-08-05T21:29:26.000Z</time>
        <extensions>
          <ns3:TrackPointExtension>
            <ns3:atemp>31.0</ns3:atemp>
            <ns3:hr>178</ns3:hr>
            <ns3:cad>93</ns3:cad>
          </ns3:TrackPointExtension>
        </extensions>
      </trkpt>
      <trkpt lat="34.6982458792626857757568359375" lon="135.21805076859891414642333984375">
        <ele>7.19999980926513671875</ele>
        <time>2026-08-05T21:29:27.000Z</time>
        <extensions>
          <ns3:TrackPointExtension>
            <ns3:atemp>31.0</ns3:atemp>
            <ns3:hr>178</ns3:hr>
            <ns3:cad>94</ns3:cad>
          </ns3:TrackPointExtension>
        </extensions>
      </trkpt>
      <trkpt lat="34.69826507382094860076904296875" lon="135.218080021440982818603515625">
        <ele>7</ele>
        <time>2026-08-05T21:29:28.000Z</time>
        <extensions>
          <ns3:TrackPointExtension>
            <ns3:atemp>32.0</ns3:atemp>
            <ns3:hr>178</ns3:hr>
            <ns3:cad>94</ns3:cad>
          </ns3:TrackPointExtension>
        </extensions>
      </trkpt>
      <trkpt lat="34.69828468747437000274658203125" lon="135.2181096933782100677490234375">
        <ele>6.80000019073486328125</ele>
        <time>2026-08-05T21:29:29.000Z</time>
        <extensions>
          <ns3:TrackPointExtension>
            <ns3:atemp>31.0</ns3:atemp>
            <ns3:hr>177</ns3:hr>
            <ns3:cad>94</ns3:cad>
          </ns3:TrackPointExtension>
        </extensions>
      </trkpt>
      <trkpt lat="34.69830363057553768157958984375" lon="135.21813877858221530914306640625">
        <ele>6.599999904632568359375</ele>
        <time>2026-08-05T21:29:30.000Z</time>
        <extensions>
          <ns3:TrackPointExtension>
            <ns3:atemp>31.0</ns3:atemp>
            <ns3:hr>178</ns3:hr>
            <ns3:cad>95</ns3:cad>
          </ns3:TrackPointExtension>
        </extensions>
      </trkpt>
      <trkpt lat="34.69832425005733966827392578125" lon="135.21816710941493511199951171875">
        <ele>6.400000095367431640625</ele>
        <time>2026-08-05T21:29:31.000Z</time>
        <extensions>
          <ns3:TrackPointExtension>
            <ns3:atemp>31.0</ns3:atemp>
            <ns3:hr>178</ns3:hr>
            <ns3:cad>95</ns3:cad>
          </ns3:TrackPointExtension>
        </extensions>
      </trkpt>
      <trkpt lat="34.69834218733012676239013671875" lon="135.2181985415518283843994140625">
        <ele>6.599999904632568359375</ele>
        <time>2026-08-05T21:29:32.000Z</time>
        <extensions>
          <ns3:TrackPointExtension>
            <ns3:atemp>32.0</ns3:atemp>
            <ns3:hr>178</ns3:hr>
            <ns3:cad>95</ns3:cad>
          </ns3:TrackPointExtension>
        </extensions>
      </trkpt>
      <trkpt lat="34.69835869967937469482421875" lon="135.21822963841259479522705078125">
        <ele>7.400000095367431640625</ele>
        <time>2026-08-05T21:29:33.000Z</time>
        <extensions>
          <ns3:TrackPointExtension>
            <ns3:atemp>32.0</ns3:atemp>
            <ns3:hr>178</ns3:hr>
            <ns3:cad>94</ns3:cad>
          </ns3:TrackPointExtension>
        </extensions>
      </trkpt>
      <trkpt lat="34.69837705604732036590576171875" lon="135.21825880743563175201416015625">
        <ele>8.19999980926513671875</ele>
        <time>2026-08-05T21:29:34.000Z</time>
        <extensions>
          <ns3:TrackPointExtension>
            <ns3:atemp>31.0</ns3:atemp>
            <ns3:hr>178</ns3:hr>
            <ns3:cad>94</ns3:cad>
          </ns3:TrackPointExtension>
        </extensions>
      </trkpt>
      <trkpt lat="34.698396585881710052490234375" lon="135.21828797645866870880126953125">
        <ele>8.3999996185302734375</ele>
        <time>2026-08-05T21:29:35.000Z</time>
        <extensions>
          <ns3:TrackPointExtension>
            <ns3:atemp>32.0</ns3:atemp>
            <ns3:hr>177</ns3:hr>
            <ns3:cad>94</ns3:cad>
          </ns3:TrackPointExtension>
        </extensions>
      </trkpt>
      <trkpt lat="34.69841636717319488525390625" lon="135.21831546910107135772705078125">
        <ele>8.80000019073486328125</ele>
        <time>2026-08-05T21:29:36.000Z</time>
        <extensions>
          <ns3:TrackPointExtension>
            <ns3:atemp>31.0</ns3:atemp>
            <ns3:hr>178</ns3:hr>
            <ns3:cad>93</ns3:cad>
          </ns3:TrackPointExtension>
        </extensions>
      </trkpt>
      <trkpt lat="34.69843522645533084869384765625" lon="135.21834455430507659912109375">
        <ele>9</ele>
        <time>2026-08-05T21:29:37.000Z</time>
        <extensions>
          <ns3:TrackPointExtension>
            <ns3:atemp>31.0</ns3:atemp>
            <ns3:hr>178</ns3:hr>
            <ns3:cad>93</ns3:cad>
          </ns3:TrackPointExtension>
        </extensions>
      </trkpt>
      <trkpt lat="34.69845249317586421966552734375" lon="135.2183782495558261871337890625">
        <ele>8.19999980926513671875</ele>
        <time>2026-08-05T21:29:38.000Z</time>
        <extensions>
          <ns3:TrackPointExtension>
            <ns3:atemp>31.0</ns3:atemp>
            <ns3:hr>177</ns3:hr>
            <ns3:cad>93</ns3:cad>
          </ns3:TrackPointExtension>
        </extensions>
      </trkpt>
      <trkpt lat="34.698469676077365875244140625" lon="135.21840892732143402099609375">
        <ele>7.400000095367431640625</ele>
        <time>2026-08-05T21:29:39.000Z</time>
        <extensions>
          <ns3:TrackPointExtension>
            <ns3:atemp>31.0</ns3:atemp>
            <ns3:hr>178</ns3:hr>
            <ns3:cad>93</ns3:cad>
          </ns3:TrackPointExtension>
        </extensions>
      </trkpt>
      <trkpt lat="34.69848685897886753082275390625" lon="135.21844019182026386260986328125">
        <ele>7.19999980926513671875</ele>
        <time>2026-08-05T21:29:40.000Z</time>
        <extensions>
          <ns3:TrackPointExtension>
            <ns3:atemp>31.0</ns3:atemp>
            <ns3:hr>178</ns3:hr>
            <ns3:cad>93</ns3:cad>
          </ns3:TrackPointExtension>
        </extensions>
      </trkpt>
      <trkpt lat="34.698506556451320648193359375" lon="135.21846919320523738861083984375">
        <ele>7.599999904632568359375</ele>
        <time>2026-08-05T21:29:41.000Z</time>
        <extensions>
          <ns3:TrackPointExtension>
            <ns3:atemp>31.0</ns3:atemp>
            <ns3:hr>177</ns3:hr>
            <ns3:cad>93</ns3:cad>
          </ns3:TrackPointExtension>
        </extensions>
      </trkpt>
      <trkpt lat="34.6985224820673465728759765625" lon="135.21849886514246463775634765625">
        <ele>7.80000019073486328125</ele>
        <time>2026-08-05T21:29:42.000Z</time>
        <extensions>
          <ns3:TrackPointExtension>
            <ns3:atemp>31.0</ns3:atemp>
            <ns3:hr>178</ns3:hr>
            <ns3:cad>93</ns3:cad>
          </ns3:TrackPointExtension>
        </extensions>
      </trkpt>
      <trkpt lat="34.6985395811498165130615234375" lon="135.2185324765741825103759765625">
        <ele>8.3999996185302734375</ele>
        <time>2026-08-05T21:29:43.000Z</time>
        <extensions>
          <ns3:TrackPointExtension>
            <ns3:atemp>31.0</ns3:atemp>
            <ns3:hr>178</ns3:hr>
            <ns3:cad>93</ns3:cad>
          </ns3:TrackPointExtension>
        </extensions>
      </trkpt>
      <trkpt lat="34.69855860807001590728759765625" lon="135.2185611426830291748046875">
        <ele>8.6000003814697265625</ele>
        <time>2026-08-05T21:29:44.000Z</time>
        <extensions>
          <ns3:TrackPointExtension>
            <ns3:atemp>31.0</ns3:atemp>
            <ns3:hr>178</ns3:hr>
            <ns3:cad>95</ns3:cad>
          </ns3:TrackPointExtension>
        </extensions>
      </trkpt>
      <trkpt lat="34.6985754556953907012939453125" lon="135.21859240718185901641845703125">
        <ele>8.6000003814697265625</ele>
        <time>2026-08-05T21:29:45.000Z</time>
        <extensions>
          <ns3:TrackPointExtension>
            <ns3:atemp>31.0</ns3:atemp>
            <ns3:hr>178</ns3:hr>
            <ns3:cad>94</ns3:cad>
          </ns3:TrackPointExtension>
        </extensions>
      </trkpt>
      <trkpt lat="34.6985938958823680877685546875" lon="135.21862543188035488128662109375">
        <ele>8.6000003814697265625</ele>
        <time>2026-08-05T21:29:46.000Z</time>
        <extensions>
          <ns3:TrackPointExtension>
            <ns3:atemp>31.0</ns3:atemp>
            <ns3:hr>178</ns3:hr>
            <ns3:cad>94</ns3:cad>
          </ns3:TrackPointExtension>
        </extensions>
      </trkpt>
      <trkpt lat="34.69861350953578948974609375" lon="135.21865569055080413818359375">
        <ele>8.3999996185302734375</ele>
        <time>2026-08-05T21:29:47.000Z</time>
        <extensions>
          <ns3:TrackPointExtension>
            <ns3:atemp>31.0</ns3:atemp>
            <ns3:hr>178</ns3:hr>
            <ns3:cad>92</ns3:cad>
          </ns3:TrackPointExtension>
        </extensions>
      </trkpt>
      <trkpt lat="34.69863069243729114532470703125" lon="135.21868376992642879486083984375">
        <ele>8</ele>
        <time>2026-08-05T21:29:48.000Z</time>
        <extensions>
          <ns3:TrackPointExtension>
            <ns3:atemp>31.0</ns3:atemp>
            <ns3:hr>178</ns3:hr>
            <ns3:cad>92</ns3:cad>
          </ns3:TrackPointExtension>
        </extensions>
      </trkpt>
      <trkpt lat="34.69864837825298309326171875" lon="135.21871428005397319793701171875">
        <ele>7.599999904632568359375</ele>
        <time>2026-08-05T21:29:49.000Z</time>
        <extensions>
          <ns3:TrackPointExtension>
            <ns3:atemp>31.0</ns3:atemp>
            <ns3:hr>178</ns3:hr>
            <ns3:cad>93</ns3:cad>
          </ns3:TrackPointExtension>
        </extensions>
      </trkpt>
      <trkpt lat="34.6986666508018970489501953125" lon="135.218748562037944793701171875">
        <ele>7.599999904632568359375</ele>
        <time>2026-08-05T21:29:50.000Z</time>
        <extensions>
          <ns3:TrackPointExtension>
            <ns3:atemp>32.0</ns3:atemp>
            <ns3:hr>178</ns3:hr>
            <ns3:cad>94</ns3:cad>
          </ns3:TrackPointExtension>
        </extensions>
      </trkpt>
      <trkpt lat="34.69868450425565242767333984375" lon="135.21878016181290149688720703125">
        <ele>7.80000019073486328125</ele>
        <time>2026-08-05T21:29:51.000Z</time>
        <extensions>
          <ns3:TrackPointExtension>
            <ns3:atemp>31.0</ns3:atemp>
            <ns3:hr>178</ns3:hr>
            <ns3:cad>94</ns3:cad>
          </ns3:TrackPointExtension>
        </extensions>
      </trkpt>
      <trkpt lat="34.69869959168136119842529296875" lon="135.21881301887333393096923828125">
        <ele>8</ele>
        <time>2026-08-05T21:29:52.000Z</time>
        <extensions>
          <ns3:TrackPointExtension>
            <ns3:atemp>31.0</ns3:atemp>
            <ns3:hr>178</ns3:hr>
            <ns3:cad>93</ns3:cad>
          </ns3:TrackPointExtension>
        </extensions>
      </trkpt>
      <trkpt lat="34.69871677458286285400390625" lon="135.2188405953347682952880859375">
        <ele>8.19999980926513671875</ele>
        <time>2026-08-05T21:29:53.000Z</time>
        <extensions>
          <ns3:TrackPointExtension>
            <ns3:atemp>31.0</ns3:atemp>
            <ns3:hr>178</ns3:hr>
            <ns3:cad>93</ns3:cad>
          </ns3:TrackPointExtension>
        </extensions>
      </trkpt>
      <trkpt lat="34.6987330354750156402587890625" lon="135.21887202747166156768798828125">
        <ele>8.6000003814697265625</ele>
        <time>2026-08-05T21:29:54.000Z</time>
        <extensions>
          <ns3:TrackPointExtension>
            <ns3:atemp>31.0</ns3:atemp>
            <ns3:hr>178</ns3:hr>
            <ns3:cad>93</ns3:cad>
          </ns3:TrackPointExtension>
        </extensions>
      </trkpt>
      <trkpt lat="34.698749296367168426513671875" lon="135.2189053036272525787353515625">
        <ele>9</ele>
        <time>2026-08-05T21:29:55.000Z</time>
        <extensions>
          <ns3:TrackPointExtension>
            <ns3:atemp>32.0</ns3:atemp>
            <ns3:hr>179</ns3:hr>
            <ns3:cad>93</ns3:cad>
          </ns3:TrackPointExtension>
        </extensions>
      </trkpt>
      <trkpt lat="34.698766730725765228271484375" lon="135.21893405355513095855712890625">
        <ele>9.19999980926513671875</ele>
        <time>2026-08-05T21:29:56.000Z</time>
        <extensions>
          <ns3:TrackPointExtension>
            <ns3:atemp>31.0</ns3:atemp>
            <ns3:hr>179</ns3:hr>
            <ns3:cad>93</ns3:cad>
          </ns3:TrackPointExtension>
        </extensions>
      </trkpt>
      <trkpt lat="34.69878324307501316070556640625" lon="135.21896406076848506927490234375">
        <ele>9.3999996185302734375</ele>
        <time>2026-08-05T21:29:57.000Z</time>
        <extensions>
          <ns3:TrackPointExtension>
            <ns3:atemp>32.0</ns3:atemp>
            <ns3:hr>179</ns3:hr>
            <ns3:cad>93</ns3:cad>
          </ns3:TrackPointExtension>
        </extensions>
      </trkpt>
      <trkpt lat="34.6988000907003879547119140625" lon="135.2189914695918560028076171875">
        <ele>9.6000003814697265625</ele>
        <time>2026-08-05T21:29:58.000Z</time>
        <extensions>
          <ns3:TrackPointExtension>
            <ns3:atemp>31.0</ns3:atemp>
            <ns3:hr>179</ns3:hr>
            <ns3:cad>94</ns3:cad>
          </ns3:TrackPointExtension>
        </extensions>
      </trkpt>
      <trkpt lat="34.69881844706833362579345703125" lon="135.21901804022490978240966796875">
        <ele>9.19999980926513671875</ele>
        <time>2026-08-05T21:29:59.000Z</time>
        <extensions>
          <ns3:TrackPointExtension>
            <ns3:atemp>31.0</ns3:atemp>
            <ns3:hr>179</ns3:hr>
            <ns3:cad>94</ns3:cad>
          </ns3:TrackPointExtension>
        </extensions>
      </trkpt>
      <trkpt lat="34.69883613288402557373046875" lon="135.2190466225147247314453125">
        <ele>9.19999980926513671875</ele>
        <time>2026-08-05T21:30:00.000Z</time>
        <extensions>
          <ns3:TrackPointExtension>
            <ns3:atemp>32.0</ns3:atemp>
            <ns3:hr>179</ns3:hr>
            <ns3:cad>94</ns3:cad>
          </ns3:TrackPointExtension>
        </extensions>
      </trkpt>
      <trkpt lat="34.69885331578552722930908203125" lon="135.21907922811806201934814453125">
        <ele>9</ele>
        <time>2026-08-05T21:30:01.000Z</time>
        <extensions>
          <ns3:TrackPointExtension>
            <ns3:atemp>31.0</ns3:atemp>
            <ns3:hr>179</ns3:hr>
            <ns3:cad>94</ns3:cad>
          </ns3:TrackPointExtension>
        </extensions>
      </trkpt>
      <trkpt lat="34.69886966049671173095703125" lon="135.21911040879786014556884765625">
        <ele>8.80000019073486328125</ele>
        <time>2026-08-05T21:30:02.000Z</time>
        <extensions>
          <ns3:TrackPointExtension>
            <ns3:atemp>31.0</ns3:atemp>
            <ns3:hr>179</ns3:hr>
            <ns3:cad>94</ns3:cad>
          </ns3:TrackPointExtension>
        </extensions>
      </trkpt>
      <trkpt lat="34.69888734631240367889404296875" lon="135.2191413380205631256103515625">
        <ele>8.6000003814697265625</ele>
        <time>2026-08-05T21:30:03.000Z</time>
        <extensions>
          <ns3:TrackPointExtension>
            <ns3:atemp>31.0</ns3:atemp>
            <ns3:hr>179</ns3:hr>
            <ns3:cad>96</ns3:cad>
          </ns3:TrackPointExtension>
        </extensions>
      </trkpt>
      <trkpt lat="34.698906876146793365478515625" lon="135.21917394362390041351318359375">
        <ele>9</ele>
        <time>2026-08-05T21:30:04.000Z</time>
        <extensions>
          <ns3:TrackPointExtension>
            <ns3:atemp>31.0</ns3:atemp>
            <ns3:hr>179</ns3:hr>
            <ns3:cad>96</ns3:cad>
          </ns3:TrackPointExtension>
        </extensions>
      </trkpt>
      <trkpt lat="34.69892456196248531341552734375" lon="135.219207890331745147705078125">
        <ele>9</ele>
        <time>2026-08-05T21:30:05.000Z</time>
        <extensions>
          <ns3:TrackPointExtension>
            <ns3:atemp>32.0</ns3:atemp>
            <ns3:hr>178</ns3:hr>
            <ns3:cad>95</ns3:cad>
          </ns3:TrackPointExtension>
        </extensions>
      </trkpt>
      <trkpt lat="34.6989419125020503997802734375" lon="135.219244770705699920654296875">
        <ele>9</ele>
        <time>2026-08-05T21:30:06.000Z</time>
        <extensions>
          <ns3:TrackPointExtension>
            <ns3:atemp>31.0</ns3:atemp>
            <ns3:hr>179</ns3:hr>
            <ns3:cad>95</ns3:cad>
          </ns3:TrackPointExtension>
        </extensions>
      </trkpt>
      <trkpt lat="34.6989566646516323089599609375" lon="135.21927502937614917755126953125">
        <ele>8.80000019073486328125</ele>
        <time>2026-08-05T21:30:07.000Z</time>
        <extensions>
          <ns3:TrackPointExtension>
            <ns3:atemp>32.0</ns3:atemp>
            <ns3:hr>179</ns3:hr>
            <ns3:cad>94</ns3:cad>
          </ns3:TrackPointExtension>
        </extensions>
      </trkpt>
      <trkpt lat="34.698965549468994140625" lon="135.2193096466362476348876953125">
        <ele>8.80000019073486328125</ele>
        <time>2026-08-05T21:30:08.000Z</time>
        <extensions>
          <ns3:TrackPointExtension>
            <ns3:atemp>32.0</ns3:atemp>
            <ns3:hr>179</ns3:hr>
            <ns3:cad>94</ns3:cad>
          </ns3:TrackPointExtension>
        </extensions>
      </trkpt>
      <trkpt lat="34.69897468574345111846923828125" lon="135.2193461917340755462646484375">
        <ele>8.6000003814697265625</ele>
        <time>2026-08-05T21:30:09.000Z</time>
        <extensions>
          <ns3:TrackPointExtension>
            <ns3:atemp>31.0</ns3:atemp>
            <ns3:hr>180</ns3:hr>
            <ns3:cad>94</ns3:cad>
          </ns3:TrackPointExtension>
        </extensions>
      </trkpt>
      <trkpt lat="34.698983989655971527099609375" lon="135.21938382647931575775146484375">
        <ele>8.3999996185302734375</ele>
        <time>2026-08-05T21:30:10.000Z</time>
        <extensions>
          <ns3:TrackPointExtension>
            <ns3:atemp>31.0</ns3:atemp>
            <ns3:hr>180</ns3:hr>
            <ns3:cad>94</ns3:cad>
          </ns3:TrackPointExtension>
        </extensions>
      </trkpt>
      <trkpt lat="34.6989938803017139434814453125" lon="135.2194186113774776458740234375">
        <ele>8.19999980926513671875</ele>
        <time>2026-08-05T21:30:11.000Z</time>
        <extensions>
          <ns3:TrackPointExtension>
            <ns3:atemp>32.0</ns3:atemp>
            <ns3:hr>179</ns3:hr>
            <ns3:cad>94</ns3:cad>
          </ns3:TrackPointExtension>
        </extensions>
      </trkpt>
      <trkpt lat="34.69900368712842464447021484375" lon="135.2194504626095294952392578125">
        <ele>7.80000019073486328125</ele>
        <time>2026-08-05T21:30:12.000Z</time>
        <extensions>
          <ns3:TrackPointExtension>
            <ns3:atemp>31.0</ns3:atemp>
            <ns3:hr>179</ns3:hr>
            <ns3:cad>94</ns3:cad>
          </ns3:TrackPointExtension>
        </extensions>
      </trkpt>
      <trkpt lat="34.69901139847934246063232421875" lon="135.21948851644992828369140625">
        <ele>7.80000019073486328125</ele>
        <time>2026-08-05T21:30:13.000Z</time>
        <extensions>
          <ns3:TrackPointExtension>
            <ns3:atemp>32.0</ns3:atemp>
            <ns3:hr>179</ns3:hr>
            <ns3:cad>94</ns3:cad>
          </ns3:TrackPointExtension>
        </extensions>
      </trkpt>
      <trkpt lat="34.69902028329670429229736328125" lon="135.21952564828097820281982421875">
        <ele>7.80000019073486328125</ele>
        <time>2026-08-05T21:30:14.000Z</time>
        <extensions>
          <ns3:TrackPointExtension>
            <ns3:atemp>32.0</ns3:atemp>
            <ns3:hr>179</ns3:hr>
            <ns3:cad>94</ns3:cad>
          </ns3:TrackPointExtension>
        </extensions>
      </trkpt>
      <trkpt lat="34.69902916811406612396240234375" lon="135.21956361830234527587890625">
        <ele>8</ele>
        <time>2026-08-05T21:30:15.000Z</time>
        <extensions>
          <ns3:TrackPointExtension>
            <ns3:atemp>32.0</ns3:atemp>
            <ns3:hr>179</ns3:hr>
            <ns3:cad>94</ns3:cad>
          </ns3:TrackPointExtension>
        </extensions>
      </trkpt>
      <trkpt lat="34.6990357898175716400146484375" lon="135.219603516161441802978515625">
        <ele>8.3999996185302734375</ele>
        <time>2026-08-05T21:30:16.000Z</time>
        <extensions>
          <ns3:TrackPointExtension>
            <ns3:atemp>32.0</ns3:atemp>
            <ns3:hr>179</ns3:hr>
            <ns3:cad>94</ns3:cad>
          </ns3:TrackPointExtension>
        </extensions>
      </trkpt>
      <trkpt lat="34.69904308207333087921142578125" lon="135.21963964216411113739013671875">
        <ele>8.80000019073486328125</ele>
        <time>2026-08-05T21:30:17.000Z</time>
        <extensions>
          <ns3:TrackPointExtension>
            <ns3:atemp>31.0</ns3:atemp>
            <ns3:hr>179</ns3:hr>
            <ns3:cad>94</ns3:cad>
          </ns3:TrackPointExtension>
        </extensions>
      </trkpt>
      <trkpt lat="34.69905096106231212615966796875" lon="135.21967752836644649505615234375">
        <ele>9.19999980926513671875</ele>
        <time>2026-08-05T21:30:18.000Z</time>
        <extensions>
          <ns3:TrackPointExtension>
            <ns3:atemp>32.0</ns3:atemp>
            <ns3:hr>179</ns3:hr>
            <ns3:cad>94</ns3:cad>
          </ns3:TrackPointExtension>
        </extensions>
      </trkpt>
      <trkpt lat="34.6990585885941982269287109375" lon="135.21971088834106922149658203125">
        <ele>9.19999980926513671875</ele>
        <time>2026-08-05T21:30:19.000Z</time>
        <extensions>
          <ns3:TrackPointExtension>
            <ns3:atemp>31.0</ns3:atemp>
            <ns3:hr>179</ns3:hr>
            <ns3:cad>95</ns3:cad>
          </ns3:TrackPointExtension>
        </extensions>
      </trkpt>
      <trkpt lat="34.6990661323070526123046875" lon="135.21975271403789520263671875">
        <ele>9.19999980926513671875</ele>
        <time>2026-08-05T21:30:20.000Z</time>
        <extensions>
          <ns3:TrackPointExtension>
            <ns3:atemp>32.0</ns3:atemp>
            <ns3:hr>180</ns3:hr>
            <ns3:cad>95</ns3:cad>
          </ns3:TrackPointExtension>
        </extensions>
      </trkpt>
      <trkpt lat="34.6990709938108921051025390625" lon="135.2197884209454059600830078125">
        <ele>9.3999996185302734375</ele>
        <time>2026-08-05T21:30:21.000Z</time>
        <extensions>
          <ns3:TrackPointExtension>
            <ns3:atemp>32.0</ns3:atemp>
            <ns3:hr>180</ns3:hr>
            <ns3:cad>95</ns3:cad>
          </ns3:TrackPointExtension>
        </extensions>
      </trkpt>
      <trkpt lat="34.69907610677182674407958984375" lon="135.21982572041451930999755859375">
        <ele>9.6000003814697265625</ele>
        <time>2026-08-05T21:30:22.000Z</time>
        <extensions>
          <ns3:TrackPointExtension>
            <ns3:atemp>31.0</ns3:atemp>
            <ns3:hr>180</ns3:hr>
            <ns3:cad>94</ns3:cad>
          </ns3:TrackPointExtension>
        </extensions>
      </trkpt>
      <trkpt lat="34.699086248874664306640625" lon="135.21986008621752262115478515625">
        <ele>9.80000019073486328125</ele>
        <time>2026-08-05T21:30:23.000Z</time>
        <extensions>
          <ns3:TrackPointExtension>
            <ns3:atemp>31.0</ns3:atemp>
            <ns3:hr>180</ns3:hr>
            <ns3:cad>94</ns3:cad>
          </ns3:TrackPointExtension>
        </extensions>
      </trkpt>
      <trkpt lat="34.699092619121074676513671875" lon="135.21989411674439907073974609375">
        <ele>10</ele>
        <time>2026-08-05T21:30:24.000Z</time>
        <extensions>
          <ns3:TrackPointExtension>
            <ns3:atemp>32.0</ns3:atemp>
            <ns3:hr>180</ns3:hr>
            <ns3:cad>94</ns3:cad>
          </ns3:TrackPointExtension>
        </extensions>
      </trkpt>
      <trkpt lat="34.6991025097668170928955078125" lon="135.21993108093738555908203125">
        <ele>10.19999980926513671875</ele>
        <time>2026-08-05T21:30:25.000Z</time>
        <extensions>
          <ns3:TrackPointExtension>
            <ns3:atemp>32.0</ns3:atemp>
            <ns3:hr>180</ns3:hr>
            <ns3:cad>95</ns3:cad>
          </ns3:TrackPointExtension>
        </extensions>
      </trkpt>
      <trkpt lat="34.6991139091551303863525390625" lon="135.21996594965457916259765625">
        <ele>10.19999980926513671875</ele>
        <time>2026-08-05T21:30:26.000Z</time>
        <extensions>
          <ns3:TrackPointExtension>
            <ns3:atemp>32.0</ns3:atemp>
            <ns3:hr>180</ns3:hr>
            <ns3:cad>95</ns3:cad>
          </ns3:TrackPointExtension>
        </extensions>
      </trkpt>
      <trkpt lat="34.6991206146776676177978515625" lon="135.22000609897077083587646484375">
        <ele>10.19999980926513671875</ele>
        <time>2026-08-05T21:30:27.000Z</time>
        <extensions>
          <ns3:TrackPointExtension>
            <ns3:atemp>32.0</ns3:atemp>
            <ns3:hr>180</ns3:hr>
            <ns3:cad>95</ns3:cad>
          </ns3:TrackPointExtension>
        </extensions>
      </trkpt>
      <trkpt lat="34.69912723638117313385009765625" lon="135.22004507482051849365234375">
        <ele>10</ele>
        <time>2026-08-05T21:30:28.000Z</time>
        <extensions>
          <ns3:TrackPointExtension>
            <ns3:atemp>32.0</ns3:atemp>
            <ns3:hr>181</ns3:hr>
            <ns3:cad>93</ns3:cad>
          </ns3:TrackPointExtension>
        </extensions>
      </trkpt>
      <trkpt lat="34.69913679175078868865966796875" lon="135.2200806140899658203125">
        <ele>9.80000019073486328125</ele>
        <time>2026-08-05T21:30:29.000Z</time>
        <extensions>
          <ns3:TrackPointExtension>
            <ns3:atemp>32.0</ns3:atemp>
            <ns3:hr>180</ns3:hr>
            <ns3:cad>93</ns3:cad>
          </ns3:TrackPointExtension>
        </extensions>
      </trkpt>
      <trkpt lat="34.699144922196865081787109375" lon="135.22011883556842803955078125">
        <ele>9.6000003814697265625</ele>
        <time>2026-08-05T21:30:30.000Z</time>
        <extensions>
          <ns3:TrackPointExtension>
            <ns3:atemp>32.0</ns3:atemp>
            <ns3:hr>180</ns3:hr>
            <ns3:cad>93</ns3:cad>
          </ns3:TrackPointExtension>
        </extensions>
      </trkpt>
      <trkpt lat="34.69915439374744892120361328125" lon="135.2201548777520656585693359375">
        <ele>9.3999996185302734375</ele>
        <time>2026-08-05T21:30:31.000Z</time>
        <extensions>
          <ns3:TrackPointExtension>
            <ns3:atemp>32.0</ns3:atemp>
            <ns3:hr>181</ns3:hr>
            <ns3:cad>93</ns3:cad>
          </ns3:TrackPointExtension>
        </extensions>
      </trkpt>
      <trkpt lat="34.69916529022157192230224609375" lon="135.22019268013536930084228515625">
        <ele>9.19999980926513671875</ele>
        <time>2026-08-05T21:30:32.000Z</time>
        <extensions>
          <ns3:TrackPointExtension>
            <ns3:atemp>32.0</ns3:atemp>
            <ns3:hr>180</ns3:hr>
            <ns3:cad>93</ns3:cad>
          </ns3:TrackPointExtension>
        </extensions>
      </trkpt>
      <trkpt lat="34.6991729177534580230712890625" lon="135.2202306501567363739013671875">
        <ele>9</ele>
        <time>2026-08-05T21:30:33.000Z</time>
        <extensions>
          <ns3:TrackPointExtension>
            <ns3:atemp>32.0</ns3:atemp>
            <ns3:hr>180</ns3:hr>
            <ns3:cad>93</ns3:cad>
          </ns3:TrackPointExtension>
        </extensions>
      </trkpt>
      <trkpt lat="34.69918088056147098541259765625" lon="135.22027096711099147796630859375">
        <ele>8.80000019073486328125</ele>
        <time>2026-08-05T21:30:34.000Z</time>
        <extensions>
          <ns3:TrackPointExtension>
            <ns3:atemp>32.0</ns3:atemp>
            <ns3:hr>181</ns3:hr>
            <ns3:cad>93</ns3:cad>
          </ns3:TrackPointExtension>
        </extensions>
      </trkpt>
      <trkpt lat="34.6991930343210697174072265625" lon="135.22030835039913654327392578125">
        <ele>8.80000019073486328125</ele>
        <time>2026-08-05T21:30:35.000Z</time>
        <extensions>
          <ns3:TrackPointExtension>
            <ns3:atemp>32.0</ns3:atemp>
            <ns3:hr>181</ns3:hr>
            <ns3:cad>93</ns3:cad>
          </ns3:TrackPointExtension>
        </extensions>
      </trkpt>
      <trkpt lat="34.6992017515003681182861328125" lon="135.2203463204205036163330078125">
        <ele>8.80000019073486328125</ele>
        <time>2026-08-05T21:30:36.000Z</time>
        <extensions>
          <ns3:TrackPointExtension>
            <ns3:atemp>32.0</ns3:atemp>
            <ns3:hr>181</ns3:hr>
            <ns3:cad>93</ns3:cad>
          </ns3:TrackPointExtension>
        </extensions>
      </trkpt>
      <trkpt lat="34.6992165036499500274658203125" lon="135.22038144059479236602783203125">
        <ele>8.80000019073486328125</ele>
        <time>2026-08-05T21:30:37.000Z</time>
        <extensions>
          <ns3:TrackPointExtension>
            <ns3:atemp>32.0</ns3:atemp>
            <ns3:hr>181</ns3:hr>
            <ns3:cad>93</ns3:cad>
          </ns3:TrackPointExtension>
        </extensions>
      </trkpt>
      <trkpt lat="34.6992255561053752899169921875" lon="135.2204157225787639617919921875">
        <ele>9</ele>
        <time>2026-08-05T21:30:38.000Z</time>
        <extensions>
          <ns3:TrackPointExtension>
            <ns3:atemp>32.0</ns3:atemp>
            <ns3:hr>180</ns3:hr>
            <ns3:cad>94</ns3:cad>
          </ns3:TrackPointExtension>
        </extensions>
      </trkpt>
      <trkpt lat="34.69923838041722774505615234375" lon="135.22045285440981388092041015625">
        <ele>8.80000019073486328125</ele>
        <time>2026-08-05T21:30:39.000Z</time>
        <extensions>
          <ns3:TrackPointExtension>
            <ns3:atemp>32.0</ns3:atemp>
            <ns3:hr>180</ns3:hr>
            <ns3:cad>94</ns3:cad>
          </ns3:TrackPointExtension>
        </extensions>
      </trkpt>
      <trkpt lat="34.69924910925328731536865234375" lon="135.22048403508961200714111328125">
        <ele>9</ele>
        <time>2026-08-05T21:30:40.000Z</time>
        <extensions>
          <ns3:TrackPointExtension>
            <ns3:atemp>32.0</ns3:atemp>
            <ns3:hr>180</ns3:hr>
            <ns3:cad>94</ns3:cad>
          </ns3:TrackPointExtension>
        </extensions>
      </trkpt>
      <trkpt lat="34.6992570720613002777099609375" lon="135.22052208893001079559326171875">
        <ele>9</ele>
        <time>2026-08-05T21:30:41.000Z</time>
        <extensions>
          <ns3:TrackPointExtension>
            <ns3:atemp>32.0</ns3:atemp>
            <ns3:hr>180</ns3:hr>
            <ns3:cad>94</ns3:cad>
          </ns3:TrackPointExtension>
        </extensions>
      </trkpt>
      <trkpt lat="34.6992592513561248779296875" lon="135.22056047804653644561767578125">
        <ele>9</ele>
        <time>2026-08-05T21:30:42.000Z</time>
        <extensions>
          <ns3:TrackPointExtension>
            <ns3:atemp>32.0</ns3:atemp>
            <ns3:hr>180</ns3:hr>
            <ns3:cad>94</ns3:cad>
          </ns3:TrackPointExtension>
        </extensions>
      </trkpt>
      <trkpt lat="34.6992565691471099853515625" lon="135.22059895098209381103515625">
        <ele>9.19999980926513671875</ele>
        <time>2026-08-05T21:30:43.000Z</time>
        <extensions>
          <ns3:TrackPointExtension>
            <ns3:atemp>32.0</ns3:atemp>
            <ns3:hr>180</ns3:hr>
            <ns3:cad>94</ns3:cad>
          </ns3:TrackPointExtension>
        </extensions>
      </trkpt>
      <trkpt lat="34.69925095327198505401611328125" lon="135.22063222713768482208251953125">
        <ele>9.19999980926513671875</ele>
        <time>2026-08-05T21:30:44.000Z</time>
        <extensions>
          <ns3:TrackPointExtension>
            <ns3:atemp>32.0</ns3:atemp>
            <ns3:hr>180</ns3:hr>
            <ns3:cad>94</ns3:cad>
          </ns3:TrackPointExtension>
        </extensions>
      </trkpt>
      <trkpt lat="34.699245505034923553466796875" lon="135.22066324017941951751708984375">
        <ele>9</ele>
        <time>2026-08-05T21:30:45.000Z</time>
        <extensions>
          <ns3:TrackPointExtension>
            <ns3:atemp>32.0</ns3:atemp>
            <ns3:hr>179</ns3:hr>
            <ns3:cad>93</ns3:cad>
          </ns3:TrackPointExtension>
        </extensions>
      </trkpt>
      <trkpt lat="34.69923846423625946044921875" lon="135.220698527991771697998046875">
        <ele>9</ele>
        <time>2026-08-05T21:30:46.000Z</time>
        <extensions>
          <ns3:TrackPointExtension>
            <ns3:atemp>32.0</ns3:atemp>
            <ns3:hr>179</ns3:hr>
            <ns3:cad>93</ns3:cad>
          </ns3:TrackPointExtension>
        </extensions>
      </trkpt>
      <trkpt lat="34.6992302499711513519287109375" lon="135.2207342348992824554443359375">
        <ele>8.80000019073486328125</ele>
        <time>2026-08-05T21:30:47.000Z</time>
        <extensions>
          <ns3:TrackPointExtension>
            <ns3:atemp>32.0</ns3:atemp>
            <ns3:hr>178</ns3:hr>
            <ns3:cad>93</ns3:cad>
          </ns3:TrackPointExtension>
        </extensions>
      </trkpt>
      <trkpt lat="34.69922563992440700531005859375" lon="135.2207691036164760589599609375">
        <ele>8.80000019073486328125</ele>
        <time>2026-08-05T21:30:48.000Z</time>
        <extensions>
          <ns3:TrackPointExtension>
            <ns3:atemp>32.0</ns3:atemp>
            <ns3:hr>178</ns3:hr>
            <ns3:cad>92</ns3:cad>
          </ns3:TrackPointExtension>
        </extensions>
      </trkpt>
      <trkpt lat="34.69921591691672801971435546875" lon="135.2208007872104644775390625">
        <ele>8.80000019073486328125</ele>
        <time>2026-08-05T21:30:49.000Z</time>
        <extensions>
          <ns3:TrackPointExtension>
            <ns3:atemp>32.0</ns3:atemp>
            <ns3:hr>178</ns3:hr>
            <ns3:cad>92</ns3:cad>
          </ns3:TrackPointExtension>
        </extensions>
      </trkpt>
      <trkpt lat="34.699204266071319580078125" lon="135.22083087824285030364990234375">
        <ele>8.80000019073486328125</ele>
        <time>2026-08-05T21:30:50.000Z</time>
        <extensions>
          <ns3:TrackPointExtension>
            <ns3:atemp>32.0</ns3:atemp>
            <ns3:hr>178</ns3:hr>
            <ns3:cad>92</ns3:cad>
          </ns3:TrackPointExtension>
        </extensions>
      </trkpt>
      <trkpt lat="34.69919445924460887908935546875" lon="135.2208624780178070068359375">
        <ele>9.19999980926513671875</ele>
        <time>2026-08-05T21:30:51.000Z</time>
        <extensions>
          <ns3:TrackPointExtension>
            <ns3:atemp>32.0</ns3:atemp>
            <ns3:hr>178</ns3:hr>
            <ns3:cad>93</ns3:cad>
          </ns3:TrackPointExtension>
        </extensions>
      </trkpt>
      <trkpt lat="34.6991841495037078857421875" lon="135.2208988554775714874267578125">
        <ele>9.6000003814697265625</ele>
        <time>2026-08-05T21:30:52.000Z</time>
        <extensions>
          <ns3:TrackPointExtension>
            <ns3:atemp>31.0</ns3:atemp>
            <ns3:hr>178</ns3:hr>
            <ns3:cad>93</ns3:cad>
          </ns3:TrackPointExtension>
        </extensions>
      </trkpt>
      <trkpt lat="34.69917736016213893890380859375" lon="135.2209313772618770599365234375">
        <ele>10</ele>
        <time>2026-08-05T21:30:53.000Z</time>
        <extensions>
          <ns3:TrackPointExtension>
            <ns3:atemp>32.0</ns3:atemp>
            <ns3:hr>178</ns3:hr>
            <ns3:cad>93</ns3:cad>
          </ns3:TrackPointExtension>
        </extensions>
      </trkpt>
      <trkpt lat="34.69916881062090396881103515625" lon="135.2209625579416751861572265625">
        <ele>10.19999980926513671875</ele>
        <time>2026-08-05T21:30:54.000Z</time>
        <extensions>
          <ns3:TrackPointExtension>
            <ns3:atemp>32.0</ns3:atemp>
            <ns3:hr>178</ns3:hr>
            <ns3:cad>93</ns3:cad>
          </ns3:TrackPointExtension>
        </extensions>
      </trkpt>
      <trkpt lat="34.699165038764476776123046875" lon="135.2209960855543613433837890625">
        <ele>10.19999980926513671875</ele>
        <time>2026-08-05T21:30:55.000Z</time>
        <extensions>
          <ns3:TrackPointExtension>
            <ns3:atemp>32.0</ns3:atemp>
            <ns3:hr>178</ns3:hr>
            <ns3:cad>93</ns3:cad>
          </ns3:TrackPointExtension>
        </extensions>
      </trkpt>
      <trkpt lat="34.6991534717381000518798828125" lon="135.22103472612798213958740234375">
        <ele>10</ele>
        <time>2026-08-05T21:30:56.000Z</time>
        <extensions>
          <ns3:TrackPointExtension>
            <ns3:atemp>32.0</ns3:atemp>
            <ns3:hr>178</ns3:hr>
            <ns3:cad>93</ns3:cad>
          </ns3:TrackPointExtension>
        </extensions>
      </trkpt>
      <trkpt lat="34.69914190471172332763671875" lon="135.2210715226829051971435546875">
        <ele>9</ele>
        <time>2026-08-05T21:30:57.000Z</time>
        <extensions>
          <ns3:TrackPointExtension>
            <ns3:atemp>31.0</ns3:atemp>
            <ns3:hr>178</ns3:hr>
            <ns3:cad>93</ns3:cad>
          </ns3:TrackPointExtension>
        </extensions>
      </trkpt>
      <trkpt lat="34.69913226552307605743408203125" lon="135.22110245190560817718505859375">
        <ele>8</ele>
        <time>2026-08-05T21:30:58.000Z</time>
        <extensions>
          <ns3:TrackPointExtension>
            <ns3:atemp>32.0</ns3:atemp>
            <ns3:hr>178</ns3:hr>
            <ns3:cad>93</ns3:cad>
          </ns3:TrackPointExtension>
        </extensions>
      </trkpt>
      <trkpt lat="34.69912203960120677947998046875" lon="135.22113782353699207305908203125">
        <ele>7.599999904632568359375</ele>
        <time>2026-08-05T21:30:59.000Z</time>
        <extensions>
          <ns3:TrackPointExtension>
            <ns3:atemp>32.0</ns3:atemp>
            <ns3:hr>178</ns3:hr>
            <ns3:cad>93</ns3:cad>
          </ns3:TrackPointExtension>
        </extensions>
      </trkpt>
      <trkpt lat="34.69911466352641582489013671875" lon="135.22117453627288341522216796875">
        <ele>7.80000019073486328125</ele>
        <time>2026-08-05T21:31:00.000Z</time>
        <extensions>
          <ns3:TrackPointExtension>
            <ns3:atemp>31.0</ns3:atemp>
            <ns3:hr>178</ns3:hr>
            <ns3:cad>94</ns3:cad>
          </ns3:TrackPointExtension>
        </extensions>
      </trkpt>
      <trkpt lat="34.69910494051873683929443359375" lon="135.2212079800665378570556640625">
        <ele>8</ele>
        <time>2026-08-05T21:31:01.000Z</time>
        <extensions>
          <ns3:TrackPointExtension>
            <ns3:atemp>32.0</ns3:atemp>
            <ns3:hr>178</ns3:hr>
            <ns3:cad>94</ns3:cad>
          </ns3:TrackPointExtension>
        </extensions>
      </trkpt>
      <trkpt lat="34.6990978159010410308837890625" lon="135.2212411724030971527099609375">
        <ele>8.3999996185302734375</ele>
        <time>2026-08-05T21:31:02.000Z</time>
        <extensions>
          <ns3:TrackPointExtension>
            <ns3:atemp>32.0</ns3:atemp>
            <ns3:hr>178</ns3:hr>
            <ns3:cad>94</ns3:cad>
          </ns3:TrackPointExtension>
        </extensions>
      </trkpt>
      <trkpt lat="34.699090607464313507080078125" lon="135.221276544034481048583984375">
        <ele>8.3999996185302734375</ele>
        <time>2026-08-05T21:31:03.000Z</time>
        <extensions>
          <ns3:TrackPointExtension>
            <ns3:atemp>32.0</ns3:atemp>
            <ns3:hr>178</ns3:hr>
            <ns3:cad>94</ns3:cad>
          </ns3:TrackPointExtension>
        </extensions>
      </trkpt>
      <trkpt lat="34.6990822255611419677734375" lon="135.2213095687329769134521484375">
        <ele>8.3999996185302734375</ele>
        <time>2026-08-05T21:31:04.000Z</time>
        <extensions>
          <ns3:TrackPointExtension>
            <ns3:atemp>31.0</ns3:atemp>
            <ns3:hr>179</ns3:hr>
            <ns3:cad>94</ns3:cad>
          </ns3:TrackPointExtension>
        </extensions>
      </trkpt>
      <trkpt lat="34.699075855314731597900390625" lon="135.221343599259853363037109375">
        <ele>8.3999996185302734375</ele>
        <time>2026-08-05T21:31:05.000Z</time>
        <extensions>
          <ns3:TrackPointExtension>
            <ns3:atemp>31.0</ns3:atemp>
            <ns3:hr>178</ns3:hr>
            <ns3:cad>94</ns3:cad>
          </ns3:TrackPointExtension>
        </extensions>
      </trkpt>
      <trkpt lat="34.69906990416347980499267578125" lon="135.22137922234833240509033203125">
        <ele>8.3999996185302734375</ele>
        <time>2026-08-05T21:31:06.000Z</time>
        <extensions>
          <ns3:TrackPointExtension>
            <ns3:atemp>31.0</ns3:atemp>
            <ns3:hr>178</ns3:hr>
            <ns3:cad>94</ns3:cad>
          </ns3:TrackPointExtension>
        </extensions>
      </trkpt>
      <trkpt lat="34.69906814396381378173828125" lon="135.22141207940876483917236328125">
        <ele>8.3999996185302734375</ele>
        <time>2026-08-05T21:31:07.000Z</time>
        <extensions>
          <ns3:TrackPointExtension>
            <ns3:atemp>31.0</ns3:atemp>
            <ns3:hr>178</ns3:hr>
            <ns3:cad>93</ns3:cad>
          </ns3:TrackPointExtension>
        </extensions>
      </trkpt>
      <trkpt lat="34.6990662999451160430908203125" lon="135.2214473672211170196533203125">
        <ele>8.6000003814697265625</ele>
        <time>2026-08-05T21:31:08.000Z</time>
        <extensions>
          <ns3:TrackPointExtension>
            <ns3:atemp>32.0</ns3:atemp>
            <ns3:hr>178</ns3:hr>
            <ns3:cad>93</ns3:cad>
          </ns3:TrackPointExtension>
        </extensions>
      </trkpt>
      <trkpt lat="34.699063785374164581298828125" lon="135.2214839123189449310302734375">
        <ele>8.80000019073486328125</ele>
        <time>2026-08-05T21:31:09.000Z</time>
        <extensions>
          <ns3:TrackPointExtension>
            <ns3:atemp>31.0</ns3:atemp>
            <ns3:hr>178</ns3:hr>
            <ns3:cad>93</ns3:cad>
          </ns3:TrackPointExtension>
        </extensions>
      </trkpt>
      <trkpt lat="34.69906101934611797332763671875" lon="135.22152070887386798858642578125">
        <ele>9</ele>
        <time>2026-08-05T21:31:10.000Z</time>
        <extensions>
          <ns3:TrackPointExtension>
            <ns3:atemp>31.0</ns3:atemp>
            <ns3:hr>179</ns3:hr>
            <ns3:cad>93</ns3:cad>
          </ns3:TrackPointExtension>
        </extensions>
      </trkpt>
      <trkpt lat="34.69906386919319629669189453125" lon="135.22155591286718845367431640625">
        <ele>9</ele>
        <time>2026-08-05T21:31:11.000Z</time>
        <extensions>
          <ns3:TrackPointExtension>
            <ns3:atemp>32.0</ns3:atemp>
            <ns3:hr>178</ns3:hr>
            <ns3:cad>94</ns3:cad>
          </ns3:TrackPointExtension>
        </extensions>
      </trkpt>
      <trkpt lat="34.699065797030925750732421875" lon="135.2215915359556674957275390625">
        <ele>9</ele>
        <time>2026-08-05T21:31:12.000Z</time>
        <extensions>
          <ns3:TrackPointExtension>
            <ns3:atemp>31.0</ns3:atemp>
            <ns3:hr>178</ns3:hr>
            <ns3:cad>94</ns3:cad>
          </ns3:TrackPointExtension>
        </extensions>
      </trkpt>
      <trkpt lat="34.69906537793576717376708984375" lon="135.22162632085382938385009765625">
        <ele>8.80000019073486328125</ele>
        <time>2026-08-05T21:31:13.000Z</time>
        <extensions>
          <ns3:TrackPointExtension>
            <ns3:atemp>31.0</ns3:atemp>
            <ns3:hr>178</ns3:hr>
            <ns3:cad>95</ns3:cad>
          </ns3:TrackPointExtension>
        </extensions>
      </trkpt>
      <trkpt lat="34.69906671904027462005615234375" lon="135.2216629497706890106201171875">
        <ele>8.6000003814697265625</ele>
        <time>2026-08-05T21:31:14.000Z</time>
        <extensions>
          <ns3:TrackPointExtension>
            <ns3:atemp>31.0</ns3:atemp>
            <ns3:hr>178</ns3:hr>
            <ns3:cad>95</ns3:cad>
          </ns3:TrackPointExtension>
        </extensions>
      </trkpt>
      <trkpt lat="34.69906973652541637420654296875" lon="135.22170133888721466064453125">
        <ele>8.6000003814697265625</ele>
        <time>2026-08-05T21:31:15.000Z</time>
        <extensions>
          <ns3:TrackPointExtension>
            <ns3:atemp>31.0</ns3:atemp>
            <ns3:hr>178</ns3:hr>
            <ns3:cad>93</ns3:cad>
          </ns3:TrackPointExtension>
        </extensions>
      </trkpt>
      <trkpt lat="34.6990719996392726898193359375" lon="135.22173645906150341033935546875">
        <ele>8.6000003814697265625</ele>
        <time>2026-08-05T21:31:16.000Z</time>
        <extensions>
          <ns3:TrackPointExtension>
            <ns3:atemp>31.0</ns3:atemp>
            <ns3:hr>178</ns3:hr>
            <ns3:cad>92</ns3:cad>
          </ns3:TrackPointExtension>
        </extensions>
      </trkpt>
      <trkpt lat="34.69907208345830440521240234375" lon="135.22177618928253650665283203125">
        <ele>8.80000019073486328125</ele>
        <time>2026-08-05T21:31:17.000Z</time>
        <extensions>
          <ns3:TrackPointExtension>
            <ns3:atemp>31.0</ns3:atemp>
            <ns3:hr>178</ns3:hr>
            <ns3:cad>92</ns3:cad>
          </ns3:TrackPointExtension>
        </extensions>
      </trkpt>
      <trkpt lat="34.6990746818482875823974609375" lon="135.22181265056133270263671875">
        <ele>9</ele>
        <time>2026-08-05T21:31:18.000Z</time>
        <extensions>
          <ns3:TrackPointExtension>
            <ns3:atemp>31.0</ns3:atemp>
            <ns3:hr>178</ns3:hr>
            <ns3:cad>93</ns3:cad>
          </ns3:TrackPointExtension>
        </extensions>
      </trkpt>
      <trkpt lat="34.69907610677182674407958984375" lon="135.221848525106906890869140625">
        <ele>9.19999980926513671875</ele>
        <time>2026-08-05T21:31:19.000Z</time>
        <extensions>
          <ns3:TrackPointExtension>
            <ns3:atemp>31.0</ns3:atemp>
            <ns3:hr>178</ns3:hr>
            <ns3:cad>95</ns3:cad>
          </ns3:TrackPointExtension>
        </extensions>
      </trkpt>
      <trkpt lat="34.69908515922725200653076171875" lon="135.22188247181475162506103515625">
        <ele>9.3999996185302734375</ele>
        <time>2026-08-05T21:31:20.000Z</time>
        <extensions>
          <ns3:TrackPointExtension>
            <ns3:atemp>32.0</ns3:atemp>
            <ns3:hr>178</ns3:hr>
            <ns3:cad>95</ns3:cad>
          </ns3:TrackPointExtension>
        </extensions>
      </trkpt>
      <trkpt lat="34.69909236766397953033447265625" lon="135.22191583178937435150146484375">
        <ele>9.6000003814697265625</ele>
        <time>2026-08-05T21:31:21.000Z</time>
        <extensions>
          <ns3:TrackPointExtension>
            <ns3:atemp>31.0</ns3:atemp>
            <ns3:hr>178</ns3:hr>
            <ns3:cad>94</ns3:cad>
          </ns3:TrackPointExtension>
        </extensions>
      </trkpt>
      <trkpt lat="34.69909873791038990020751953125" lon="135.22195279598236083984375">
        <ele>9.6000003814697265625</ele>
        <time>2026-08-05T21:31:22.000Z</time>
        <extensions>
          <ns3:TrackPointExtension>
            <ns3:atemp>31.0</ns3:atemp>
            <ns3:hr>178</ns3:hr>
            <ns3:cad>94</ns3:cad>
          </ns3:TrackPointExtension>
        </extensions>
      </trkpt>
      <trkpt lat="34.69910410232841968536376953125" lon="135.22198774851858615875244140625">
        <ele>9.6000003814697265625</ele>
        <time>2026-08-05T21:31:23.000Z</time>
        <extensions>
          <ns3:TrackPointExtension>
            <ns3:atemp>31.0</ns3:atemp>
            <ns3:hr>178</ns3:hr>
            <ns3:cad>94</ns3:cad>
          </ns3:TrackPointExtension>
        </extensions>
      </trkpt>
      <trkpt lat="34.69910837709903717041015625" lon="135.2220260538160800933837890625">
        <ele>9.3999996185302734375</ele>
        <time>2026-08-05T21:31:24.000Z</time>
        <extensions>
          <ns3:TrackPointExtension>
            <ns3:atemp>31.0</ns3:atemp>
            <ns3:hr>178</ns3:hr>
            <ns3:cad>94</ns3:cad>
          </ns3:TrackPointExtension>
        </extensions>
      </trkpt>
      <trkpt lat="34.69911315478384494781494140625" lon="135.222061760723590850830078125">
        <ele>9</ele>
        <time>2026-08-05T21:31:25.000Z</time>
        <extensions>
          <ns3:TrackPointExtension>
            <ns3:atemp>31.0</ns3:atemp>
            <ns3:hr>178</ns3:hr>
            <ns3:cad>94</ns3:cad>
          </ns3:TrackPointExtension>
        </extensions>
      </trkpt>
      <trkpt lat="34.69911969266831874847412109375" lon="135.22209838964045047760009765625">
        <ele>8.80000019073486328125</ele>
        <time>2026-08-05T21:31:26.000Z</time>
        <extensions>
          <ns3:TrackPointExtension>
            <ns3:atemp>31.0</ns3:atemp>
            <ns3:hr>177</ns3:hr>
            <ns3:cad>94</ns3:cad>
          </ns3:TrackPointExtension>
        </extensions>
      </trkpt>
      <trkpt lat="34.69912757165729999542236328125" lon="135.222132839262485504150390625">
        <ele>8.80000019073486328125</ele>
        <time>2026-08-05T21:31:27.000Z</time>
        <extensions>
          <ns3:TrackPointExtension>
            <ns3:atemp>32.0</ns3:atemp>
            <ns3:hr>178</ns3:hr>
            <ns3:cad>93</ns3:cad>
          </ns3:TrackPointExtension>
        </extensions>
      </trkpt>
      <trkpt lat="34.6991350315511226654052734375" lon="135.2221712283790111541748046875">
        <ele>8.80000019073486328125</ele>
        <time>2026-08-05T21:31:28.000Z</time>
        <extensions>
          <ns3:TrackPointExtension>
            <ns3:atemp>31.0</ns3:atemp>
            <ns3:hr>178</ns3:hr>
            <ns3:cad>93</ns3:cad>
          </ns3:TrackPointExtension>
        </extensions>
      </trkpt>
      <trkpt lat="34.6991417370736598968505859375" lon="135.22220886312425136566162109375">
        <ele>9</ele>
        <time>2026-08-05T21:31:29.000Z</time>
        <extensions>
          <ns3:TrackPointExtension>
            <ns3:atemp>32.0</ns3:atemp>
            <ns3:hr>178</ns3:hr>
            <ns3:cad>93</ns3:cad>
          </ns3:TrackPointExtension>
        </extensions>
      </trkpt>
      <trkpt lat="34.69915271736681461334228515625" lon="135.222246162593364715576171875">
        <ele>9.3999996185302734375</ele>
        <time>2026-08-05T21:31:30.000Z</time>
        <extensions>
          <ns3:TrackPointExtension>
            <ns3:atemp>31.0</ns3:atemp>
            <ns3:hr>178</ns3:hr>
            <ns3:cad>93</ns3:cad>
          </ns3:TrackPointExtension>
        </extensions>
      </trkpt>
      <trkpt lat="34.69916109926998615264892578125" lon="135.22228010930120944976806640625">
        <ele>9.3999996185302734375</ele>
        <time>2026-08-05T21:31:31.000Z</time>
        <extensions>
          <ns3:TrackPointExtension>
            <ns3:atemp>32.0</ns3:atemp>
            <ns3:hr>178</ns3:hr>
            <ns3:cad>94</ns3:cad>
          </ns3:TrackPointExtension>
        </extensions>
      </trkpt>
      <trkpt lat="34.69916780479252338409423828125" lon="135.22231581620872020721435546875">
        <ele>9.19999980926513671875</ele>
        <time>2026-08-05T21:31:32.000Z</time>
        <extensions>
          <ns3:TrackPointExtension>
            <ns3:atemp>32.0</ns3:atemp>
            <ns3:hr>178</ns3:hr>
            <ns3:cad>94</ns3:cad>
          </ns3:TrackPointExtension>
        </extensions>
      </trkpt>
      <trkpt lat="34.69917476177215576171875" lon="135.22235454060137271881103515625">
        <ele>9</ele>
        <time>2026-08-05T21:31:33.000Z</time>
        <extensions>
          <ns3:TrackPointExtension>
            <ns3:atemp>32.0</ns3:atemp>
            <ns3:hr>178</ns3:hr>
            <ns3:cad>94</ns3:cad>
          </ns3:TrackPointExtension>
        </extensions>
      </trkpt>
      <trkpt lat="34.69918339513242244720458984375" lon="135.2223928458988666534423828125">
        <ele>8.80000019073486328125</ele>
        <time>2026-08-05T21:31:34.000Z</time>
        <extensions>
          <ns3:TrackPointExtension>
            <ns3:atemp>32.0</ns3:atemp>
            <ns3:hr>178</ns3:hr>
            <ns3:cad>95</ns3:cad>
          </ns3:TrackPointExtension>
        </extensions>
      </trkpt>
      <trkpt lat="34.69918892718851566314697265625" lon="135.22243148647248744964599609375">
        <ele>8.80000019073486328125</ele>
        <time>2026-08-05T21:31:35.000Z</time>
        <extensions>
          <ns3:TrackPointExtension>
            <ns3:atemp>32.0</ns3:atemp>
            <ns3:hr>178</ns3:hr>
            <ns3:cad>95</ns3:cad>
          </ns3:TrackPointExtension>
        </extensions>
      </trkpt>
      <trkpt lat="34.69919680617749691009521484375" lon="135.22246601991355419158935546875">
        <ele>9.19999980926513671875</ele>
        <time>2026-08-05T21:31:36.000Z</time>
        <extensions>
          <ns3:TrackPointExtension>
            <ns3:atemp>32.0</ns3:atemp>
            <ns3:hr>178</ns3:hr>
            <ns3:cad>95</ns3:cad>
          </ns3:TrackPointExtension>
        </extensions>
      </trkpt>
      <trkpt lat="34.69920502044260501861572265625" lon="135.2225041575729846954345703125">
        <ele>9.3999996185302734375</ele>
        <time>2026-08-05T21:31:37.000Z</time>
        <extensions>
          <ns3:TrackPointExtension>
            <ns3:atemp>32.0</ns3:atemp>
            <ns3:hr>178</ns3:hr>
            <ns3:cad>95</ns3:cad>
          </ns3:TrackPointExtension>
        </extensions>
      </trkpt>
      <trkpt lat="34.69921172596514225006103515625" lon="135.22254531271755695343017578125">
        <ele>9.80000019073486328125</ele>
        <time>2026-08-05T21:31:38.000Z</time>
        <extensions>
          <ns3:TrackPointExtension>
            <ns3:atemp>32.0</ns3:atemp>
            <ns3:hr>178</ns3:hr>
            <ns3:cad>95</ns3:cad>
          </ns3:TrackPointExtension>
        </extensions>
      </trkpt>
      <trkpt lat="34.6992205269634723663330078125" lon="135.22258487530052661895751953125">
        <ele>9.80000019073486328125</ele>
        <time>2026-08-05T21:31:39.000Z</time>
        <extensions>
          <ns3:TrackPointExtension>
            <ns3:atemp>32.0</ns3:atemp>
            <ns3:hr>178</ns3:hr>
            <ns3:cad>95</ns3:cad>
          </ns3:TrackPointExtension>
        </extensions>
      </trkpt>
      <trkpt lat="34.699226729571819305419921875" lon="135.22262594662606716156005859375">
        <ele>9.80000019073486328125</ele>
        <time>2026-08-05T21:31:40.000Z</time>
        <extensions>
          <ns3:TrackPointExtension>
            <ns3:atemp>32.0</ns3:atemp>
            <ns3:hr>179</ns3:hr>
            <ns3:cad>94</ns3:cad>
          </ns3:TrackPointExtension>
        </extensions>
      </trkpt>
      <trkpt lat="34.69923268072307109832763671875" lon="135.2226622402667999267578125">
        <ele>9.80000019073486328125</ele>
        <time>2026-08-05T21:31:41.000Z</time>
        <extensions>
          <ns3:TrackPointExtension>
            <ns3:atemp>32.0</ns3:atemp>
            <ns3:hr>179</ns3:hr>
            <ns3:cad>94</ns3:cad>
          </ns3:TrackPointExtension>
        </extensions>
      </trkpt>
      <trkpt lat="34.69924022443592548370361328125" lon="135.22269920445978641510009765625">
        <ele>9.80000019073486328125</ele>
        <time>2026-08-05T21:31:42.000Z</time>
        <extensions>
          <ns3:TrackPointExtension>
            <ns3:atemp>32.0</ns3:atemp>
            <ns3:hr>179</ns3:hr>
            <ns3:cad>94</ns3:cad>
          </ns3:TrackPointExtension>
        </extensions>
      </trkpt>
      <trkpt lat="34.69924525357782840728759765625" lon="135.22274061106145381927490234375">
        <ele>9.80000019073486328125</ele>
        <time>2026-08-05T21:31:43.000Z</time>
        <extensions>
          <ns3:TrackPointExtension>
            <ns3:atemp>32.0</ns3:atemp>
            <ns3:hr>178</ns3:hr>
            <ns3:cad>95</ns3:cad>
          </ns3:TrackPointExtension>
        </extensions>
      </trkpt>
      <trkpt lat="34.699249528348445892333984375" lon="135.2227757312357425689697265625">
        <ele>9.80000019073486328125</ele>
        <time>2026-08-05T21:31:44.000Z</time>
        <extensions>
          <ns3:TrackPointExtension>
            <ns3:atemp>32.0</ns3:atemp>
            <ns3:hr>178</ns3:hr>
            <ns3:cad>95</ns3:cad>
          </ns3:TrackPointExtension>
        </extensions>
      </trkpt>
      <trkpt lat="34.69925061799585819244384765625" lon="135.22281018085777759552001953125">
        <ele>9.80000019073486328125</ele>
        <time>2026-08-05T21:31:45.000Z</time>
        <extensions>
          <ns3:TrackPointExtension>
            <ns3:atemp>32.0</ns3:atemp>
            <ns3:hr>178</ns3:hr>
            <ns3:cad>95</ns3:cad>
          </ns3:TrackPointExtension>
        </extensions>
      </trkpt>
      <trkpt lat="34.69925514422357082366943359375" lon="135.22284270264208316802978515625">
        <ele>9.80000019073486328125</ele>
        <time>2026-08-05T21:31:46.000Z</time>
        <extensions>
          <ns3:TrackPointExtension>
            <ns3:atemp>32.0</ns3:atemp>
            <ns3:hr>179</ns3:hr>
            <ns3:cad>94</ns3:cad>
          </ns3:TrackPointExtension>
        </extensions>
      </trkpt>
      <trkpt lat="34.69926168210804462432861328125" lon="135.22287790663540363311767578125">
        <ele>9.80000019073486328125</ele>
        <time>2026-08-05T21:31:47.000Z</time>
        <extensions>
          <ns3:TrackPointExtension>
            <ns3:atemp>32.0</ns3:atemp>
            <ns3:hr>178</ns3:hr>
            <ns3:cad>94</ns3:cad>
          </ns3:TrackPointExtension>
        </extensions>
      </trkpt>
      <trkpt lat="34.69926671124994754791259765625" lon="135.222911350429058074951171875">
        <ele>9.80000019073486328125</ele>
        <time>2026-08-05T21:31:48.000Z</time>
        <extensions>
          <ns3:TrackPointExtension>
            <ns3:atemp>32.0</ns3:atemp>
            <ns3:hr>178</ns3:hr>
            <ns3:cad>95</ns3:cad>
          </ns3:TrackPointExtension>
        </extensions>
      </trkpt>
      <trkpt lat="34.69927207566797733306884765625" lon="135.222947560250759124755859375">
        <ele>9.3999996185302734375</ele>
        <time>2026-08-05T21:31:49.000Z</time>
        <extensions>
          <ns3:TrackPointExtension>
            <ns3:atemp>32.0</ns3:atemp>
            <ns3:hr>179</ns3:hr>
            <ns3:cad>95</ns3:cad>
          </ns3:TrackPointExtension>
        </extensions>
      </trkpt>
      <trkpt lat="34.6992761828005313873291015625" lon="135.2229862846434116363525390625">
        <ele>9.19999980926513671875</ele>
        <time>2026-08-05T21:31:50.000Z</time>
        <extensions>
          <ns3:TrackPointExtension>
            <ns3:atemp>32.0</ns3:atemp>
            <ns3:hr>178</ns3:hr>
            <ns3:cad>95</ns3:cad>
          </ns3:TrackPointExtension>
        </extensions>
      </trkpt>
      <trkpt lat="34.699284397065639495849609375" lon="135.22301805205643177032470703125">
        <ele>9</ele>
        <time>2026-08-05T21:31:51.000Z</time>
        <extensions>
          <ns3:TrackPointExtension>
            <ns3:atemp>32.0</ns3:atemp>
            <ns3:hr>178</ns3:hr>
            <ns3:cad>95</ns3:cad>
          </ns3:TrackPointExtension>
        </extensions>
      </trkpt>
      <trkpt lat="34.69929269514977931976318359375" lon="135.22305107675492763519287109375">
        <ele>8.80000019073486328125</ele>
        <time>2026-08-05T21:31:52.000Z</time>
        <extensions>
          <ns3:TrackPointExtension>
            <ns3:atemp>32.0</ns3:atemp>
            <ns3:hr>178</ns3:hr>
            <ns3:cad>95</ns3:cad>
          </ns3:TrackPointExtension>
        </extensions>
      </trkpt>
      <trkpt lat="34.6992966346442699432373046875" lon="135.22308661602437496185302734375">
        <ele>8.80000019073486328125</ele>
        <time>2026-08-05T21:31:53.000Z</time>
        <extensions>
          <ns3:TrackPointExtension>
            <ns3:atemp>32.0</ns3:atemp>
            <ns3:hr>179</ns3:hr>
            <ns3:cad>95</ns3:cad>
          </ns3:TrackPointExtension>
        </extensions>
      </trkpt>
      <trkpt lat="34.6993023343384265899658203125" lon="135.22311687469482421875">
        <ele>8.6000003814697265625</ele>
        <time>2026-08-05T21:31:54.000Z</time>
        <extensions>
          <ns3:TrackPointExtension>
            <ns3:atemp>32.0</ns3:atemp>
            <ns3:hr>178</ns3:hr>
            <ns3:cad>95</ns3:cad>
          </ns3:TrackPointExtension>
        </extensions>
      </trkpt>
      <trkpt lat="34.69930727966129779815673828125" lon="135.2231477200984954833984375">
        <ele>8.19999980926513671875</ele>
        <time>2026-08-05T21:31:55.000Z</time>
        <extensions>
          <ns3:TrackPointExtension>
            <ns3:atemp>32.0</ns3:atemp>
            <ns3:hr>178</ns3:hr>
            <ns3:cad>95</ns3:cad>
          </ns3:TrackPointExtension>
        </extensions>
      </trkpt>
      <trkpt lat="34.6993100456893444061279296875" lon="135.22318602539598941802978515625">
        <ele>8</ele>
        <time>2026-08-05T21:31:56.000Z</time>
        <extensions>
          <ns3:TrackPointExtension>
            <ns3:atemp>32.0</ns3:atemp>
            <ns3:hr>179</ns3:hr>
            <ns3:cad>95</ns3:cad>
          </ns3:TrackPointExtension>
        </extensions>
      </trkpt>
      <trkpt lat="34.69931599684059619903564453125" lon="135.2232236601412296295166015625">
        <ele>7.599999904632568359375</ele>
        <time>2026-08-05T21:31:57.000Z</time>
        <extensions>
          <ns3:TrackPointExtension>
            <ns3:atemp>32.0</ns3:atemp>
            <ns3:hr>179</ns3:hr>
            <ns3:cad>94</ns3:cad>
          </ns3:TrackPointExtension>
        </extensions>
      </trkpt>
      <trkpt lat="34.69932136125862598419189453125" lon="135.2232576906681060791015625">
        <ele>8</ele>
        <time>2026-08-05T21:31:58.000Z</time>
        <extensions>
          <ns3:TrackPointExtension>
            <ns3:atemp>32.0</ns3:atemp>
            <ns3:hr>179</ns3:hr>
            <ns3:cad>93</ns3:cad>
          </ns3:TrackPointExtension>
        </extensions>
      </trkpt>
      <trkpt lat="34.6993263065814971923828125" lon="135.22329465486109256744384765625">
        <ele>8.19999980926513671875</ele>
        <time>2026-08-05T21:31:59.000Z</time>
        <extensions>
          <ns3:TrackPointExtension>
            <ns3:atemp>32.0</ns3:atemp>
            <ns3:hr>179</ns3:hr>
            <ns3:cad>93</ns3:cad>
          </ns3:TrackPointExtension>
        </extensions>
      </trkpt>
      <trkpt lat="34.6993328444659709930419921875" lon="135.22332969121634960174560546875">
        <ele>9.19999980926513671875</ele>
        <time>2026-08-05T21:32:00.000Z</time>
        <extensions>
          <ns3:TrackPointExtension>
            <ns3:atemp>32.0</ns3:atemp>
            <ns3:hr>178</ns3:hr>
            <ns3:cad>93</ns3:cad>
          </ns3:TrackPointExtension>
        </extensions>
      </trkpt>
      <trkpt lat="34.69933745451271533966064453125" lon="135.22336422465741634368896484375">
        <ele>9.3999996185302734375</ele>
        <time>2026-08-05T21:32:01.000Z</time>
        <extensions>
          <ns3:TrackPointExtension>
            <ns3:atemp>32.0</ns3:atemp>
            <ns3:hr>178</ns3:hr>
            <ns3:cad>92</ns3:cad>
          </ns3:TrackPointExtension>
        </extensions>
      </trkpt>
      <trkpt lat="34.69934248365461826324462890625" lon="135.22339322604238986968994140625">
        <ele>9.6000003814697265625</ele>
        <time>2026-08-05T21:32:02.000Z</time>
        <extensions>
          <ns3:TrackPointExtension>
            <ns3:atemp>32.0</ns3:atemp>
            <ns3:hr>178</ns3:hr>
            <ns3:cad>92</ns3:cad>
          </ns3:TrackPointExtension>
        </extensions>
      </trkpt>
      <trkpt lat="34.6993469260632991790771484375" lon="135.22342558018863201141357421875">
        <ele>9.6000003814697265625</ele>
        <time>2026-08-05T21:32:03.000Z</time>
        <extensions>
          <ns3:TrackPointExtension>
            <ns3:atemp>32.0</ns3:atemp>
            <ns3:hr>178</ns3:hr>
            <ns3:cad>91</ns3:cad>
          </ns3:TrackPointExtension>
        </extensions>
      </trkpt>
      <trkpt lat="34.6993584930896759033203125" lon="135.22345826961100101470947265625">
        <ele>9.3999996185302734375</ele>
        <time>2026-08-05T21:32:04.000Z</time>
        <extensions>
          <ns3:TrackPointExtension>
            <ns3:atemp>32.0</ns3:atemp>
            <ns3:hr>178</ns3:hr>
            <ns3:cad>0</ns3:cad>
          </ns3:TrackPointExtension>
        </extensions>
      </trkpt>
      <trkpt lat="34.699362851679325103759765625" lon="135.22349297069013118743896484375">
        <ele>9</ele>
        <time>2026-08-05T21:32:05.000Z</time>
        <extensions>
          <ns3:TrackPointExtension>
            <ns3:atemp>32.0</ns3:atemp>
            <ns3:hr>179</ns3:hr>
            <ns3:cad>0</ns3:cad>
          </ns3:TrackPointExtension>
        </extensions>
      </trkpt>
      <trkpt lat="34.69936578534543514251708984375" lon="135.223523564636707305908203125">
        <ele>8.6000003814697265625</ele>
        <time>2026-08-05T21:32:06.000Z</time>
        <extensions>
          <ns3:TrackPointExtension>
            <ns3:atemp>32.0</ns3:atemp>
            <ns3:hr>178</ns3:hr>
            <ns3:cad>0</ns3:cad>
          </ns3:TrackPointExtension>
        </extensions>
      </trkpt>
      <trkpt lat="34.69936695881187915802001953125" lon="135.22355533204972743988037109375">
        <ele>8.3999996185302734375</ele>
        <time>2026-08-05T21:32:07.000Z</time>
        <extensions>
          <ns3:TrackPointExtension>
            <ns3:atemp>32.0</ns3:atemp>
            <ns3:hr>179</ns3:hr>
            <ns3:cad>0</ns3:cad>
          </ns3:TrackPointExtension>
        </extensions>
      </trkpt>
      <trkpt lat="34.69936511479318141937255859375" lon="135.2235854230821132659912109375">
        <ele>8.19999980926513671875</ele>
        <time>2026-08-05T21:32:08.000Z</time>
        <extensions>
          <ns3:TrackPointExtension>
            <ns3:atemp>32.0</ns3:atemp>
            <ns3:hr>179</ns3:hr>
            <ns3:cad>0</ns3:cad>
          </ns3:TrackPointExtension>
        </extensions>
      </trkpt>
      <trkpt lat="34.69937047921121120452880859375" lon="135.2236090600490570068359375">
        <ele>8.3999996185302734375</ele>
        <time>2026-08-05T21:32:09.000Z</time>
        <extensions>
          <ns3:TrackPointExtension>
            <ns3:atemp>32.0</ns3:atemp>
            <ns3:hr>180</ns3:hr>
            <ns3:cad>90</ns3:cad>
          </ns3:TrackPointExtension>
        </extensions>
      </trkpt>
      <trkpt lat="34.6993754245340824127197265625" lon="135.22362892515957355499267578125">
        <ele>8.80000019073486328125</ele>
        <time>2026-08-05T21:32:10.000Z</time>
        <extensions>
          <ns3:TrackPointExtension>
            <ns3:atemp>32.0</ns3:atemp>
            <ns3:hr>181</ns3:hr>
            <ns3:cad>90</ns3:cad>
          </ns3:TrackPointExtension>
        </extensions>
      </trkpt>
      <trkpt lat="34.699378274381160736083984375" lon="135.223644264042377471923828125">
        <ele>9</ele>
        <time>2026-08-05T21:32:11.000Z</time>
        <extensions>
          <ns3:TrackPointExtension>
            <ns3:atemp>32.0</ns3:atemp>
            <ns3:hr>182</ns3:hr>
            <ns3:cad>89</ns3:cad>
          </ns3:TrackPointExtension>
        </extensions>
      </trkpt>
      <trkpt lat="34.69938456080853939056396484375" lon="135.22365641780197620391845703125">
        <ele>9.19999980926513671875</ele>
        <time>2026-08-05T21:32:12.000Z</time>
        <extensions>
          <ns3:TrackPointExtension>
            <ns3:atemp>32.0</ns3:atemp>
            <ns3:hr>182</ns3:hr>
            <ns3:cad>89</ns3:cad>
          </ns3:TrackPointExtension>
        </extensions>
      </trkpt>
      <trkpt lat="34.6993908472359180450439453125" lon="135.223665051162242889404296875">
        <ele>9.3999996185302734375</ele>
        <time>2026-08-05T21:32:13.000Z</time>
        <extensions>
          <ns3:TrackPointExtension>
            <ns3:atemp>32.0</ns3:atemp>
            <ns3:hr>183</ns3:hr>
            <ns3:cad>89</ns3:cad>
          </ns3:TrackPointExtension>
        </extensions>
      </trkpt>
      <trkpt lat="34.69939746893942356109619140625" lon="135.2236787974834442138671875">
        <ele>9.6000003814697265625</ele>
        <time>2026-08-05T21:32:14.000Z</time>
        <extensions>
          <ns3:TrackPointExtension>
            <ns3:atemp>32.0</ns3:atemp>
            <ns3:hr>183</ns3:hr>
            <ns3:cad>89</ns3:cad>
          </ns3:TrackPointExtension>
        </extensions>
      </trkpt>
      <trkpt lat="34.6994039230048656463623046875" lon="135.2236948907375335693359375">
        <ele>9.3999996185302734375</ele>
        <time>2026-08-05T21:32:15.000Z</time>
        <extensions>
          <ns3:TrackPointExtension>
            <ns3:atemp>32.0</ns3:atemp>
            <ns3:hr>183</ns3:hr>
            <ns3:cad>89</ns3:cad>
          </ns3:TrackPointExtension>
        </extensions>
      </trkpt>
      <trkpt lat="34.699407778680324554443359375" lon="135.22371056489646434783935546875">
        <ele>9.3999996185302734375</ele>
        <time>2026-08-05T21:32:16.000Z</time>
        <extensions>
          <ns3:TrackPointExtension>
            <ns3:atemp>32.0</ns3:atemp>
            <ns3:hr>183</ns3:hr>
            <ns3:cad>89</ns3:cad>
          </ns3:TrackPointExtension>
        </extensions>
      </trkpt>
      <trkpt lat="34.6994086168706417083740234375" lon="135.2237262390553951263427734375">
        <ele>9.3999996185302734375</ele>
        <time>2026-08-05T21:32:17.000Z</time>
        <extensions>
          <ns3:TrackPointExtension>
            <ns3:atemp>32.0</ns3:atemp>
            <ns3:hr>182</ns3:hr>
            <ns3:cad>62</ns3:cad>
          </ns3:TrackPointExtension>
        </extensions>
      </trkpt>
      <trkpt lat="34.69941054470837116241455078125" lon="135.22374375723302364349365234375">
        <ele>9.19999980926513671875</ele>
        <time>2026-08-05T21:32:18.000Z</time>
        <extensions>
          <ns3:TrackPointExtension>
            <ns3:atemp>32.0</ns3:atemp>
            <ns3:hr>180</ns3:hr>
            <ns3:cad>61</ns3:cad>
          </ns3:TrackPointExtension>
        </extensions>
      </trkpt>
      <trkpt lat="34.69941557385027408599853515625" lon="135.22375985048711299896240234375">
        <ele>9</ele>
        <time>2026-08-05T21:32:19.000Z</time>
        <extensions>
          <ns3:TrackPointExtension>
            <ns3:atemp>32.0</ns3:atemp>
            <ns3:hr>179</ns3:hr>
            <ns3:cad>61</ns3:cad>
          </ns3:TrackPointExtension>
        </extensions>
      </trkpt>
      <trkpt lat="34.699419178068637847900390625" lon="135.22377661429345607757568359375">
        <ele>9</ele>
        <time>2026-08-05T21:32:20.000Z</time>
        <extensions>
          <ns3:TrackPointExtension>
            <ns3:atemp>32.0</ns3:atemp>
            <ns3:hr>178</ns3:hr>
            <ns3:cad>62</ns3:cad>
          </ns3:TrackPointExtension>
        </extensions>
      </trkpt>
      <trkpt lat="34.69942261464893817901611328125" lon="135.22379086352884769439697265625">
        <ele>9</ele>
        <time>2026-08-05T21:32:21.000Z</time>
        <extensions>
          <ns3:TrackPointExtension>
            <ns3:atemp>32.0</ns3:atemp>
            <ns3:hr>177</ns3:hr>
            <ns3:cad>62</ns3:cad>
          </ns3:TrackPointExtension>
        </extensions>
      </trkpt>
      <trkpt lat="34.699427895247936248779296875" lon="135.22380762733519077301025390625">
        <ele>9</ele>
        <time>2026-08-05T21:32:22.000Z</time>
        <extensions>
          <ns3:TrackPointExtension>
            <ns3:atemp>32.0</ns3:atemp>
            <ns3:hr>176</ns3:hr>
            <ns3:cad>62</ns3:cad>
          </ns3:TrackPointExtension>
        </extensions>
      </trkpt>
      <trkpt lat="34.69943049363791942596435546875" lon="135.2238236367702484130859375">
        <ele>9</ele>
        <time>2026-08-05T21:32:23.000Z</time>
        <extensions>
          <ns3:TrackPointExtension>
            <ns3:atemp>32.0</ns3:atemp>
            <ns3:hr>175</ns3:hr>
            <ns3:cad>62</ns3:cad>
          </ns3:TrackPointExtension>
        </extensions>
      </trkpt>
      <trkpt lat="34.69943233765661716461181640625" lon="135.22384107112884521484375">
        <ele>9</ele>
        <time>2026-08-05T21:32:24.000Z</time>
        <extensions>
          <ns3:TrackPointExtension>
            <ns3:atemp>32.0</ns3:atemp>
            <ns3:hr>174</ns3:hr>
            <ns3:cad>62</ns3:cad>
          </ns3:TrackPointExtension>
        </extensions>
      </trkpt>
      <trkpt lat="34.69943300820887088775634765625" lon="135.2238556556403636932373046875">
        <ele>9</ele>
        <time>2026-08-05T21:32:25.000Z</time>
        <extensions>
          <ns3:TrackPointExtension>
            <ns3:atemp>32.0</ns3:atemp>
            <ns3:hr>174</ns3:hr>
            <ns3:cad>60</ns3:cad>
          </ns3:TrackPointExtension>
        </extensions>
      </trkpt>
      <trkpt lat="34.699437282979488372802734375" lon="135.22386814467608928680419921875">
        <ele>9</ele>
        <time>2026-08-05T21:32:26.000Z</time>
        <extensions>
          <ns3:TrackPointExtension>
            <ns3:atemp>32.0</ns3:atemp>
            <ns3:hr>173</ns3:hr>
            <ns3:cad>60</ns3:cad>
          </ns3:TrackPointExtension>
        </extensions>
      </trkpt>
      <trkpt lat="34.6994387917220592498779296875" lon="135.2238851599395275115966796875">
        <ele>9</ele>
        <time>2026-08-05T21:32:27.000Z</time>
        <extensions>
          <ns3:TrackPointExtension>
            <ns3:atemp>32.0</ns3:atemp>
            <ns3:hr>173</ns3:hr>
            <ns3:cad>60</ns3:cad>
          </ns3:TrackPointExtension>
        </extensions>
      </trkpt>
      <trkpt lat="34.6994416415691375732421875" lon="135.22389764897525310516357421875">
        <ele>9</ele>
        <time>2026-08-05T21:32:28.000Z</time>
        <extensions>
          <ns3:TrackPointExtension>
            <ns3:atemp>32.0</ns3:atemp>
            <ns3:hr>172</ns3:hr>
            <ns3:cad>60</ns3:cad>
          </ns3:TrackPointExtension>
        </extensions>
      </trkpt>
      <trkpt lat="34.69944122247397899627685546875" lon="135.22391282021999359130859375">
        <ele>9</ele>
        <time>2026-08-05T21:32:29.000Z</time>
        <extensions>
          <ns3:TrackPointExtension>
            <ns3:atemp>32.0</ns3:atemp>
            <ns3:hr>171</ns3:hr>
            <ns3:cad>62</ns3:cad>
          </ns3:TrackPointExtension>
        </extensions>
      </trkpt>
      <trkpt lat="34.699439294636249542236328125" lon="135.22392715327441692352294921875">
        <ele>8.80000019073486328125</ele>
        <time>2026-08-05T21:32:30.000Z</time>
        <extensions>
          <ns3:TrackPointExtension>
            <ns3:atemp>32.0</ns3:atemp>
            <ns3:hr>171</ns3:hr>
            <ns3:cad>62</ns3:cad>
          </ns3:TrackPointExtension>
        </extensions>
      </trkpt>
      <trkpt lat="34.69943828880786895751953125" lon="135.2239411510527133941650390625">
        <ele>8.80000019073486328125</ele>
        <time>2026-08-05T21:32:31.000Z</time>
        <extensions>
          <ns3:TrackPointExtension>
            <ns3:atemp>32.0</ns3:atemp>
            <ns3:hr>170</ns3:hr>
            <ns3:cad>64</ns3:cad>
          </ns3:TrackPointExtension>
        </extensions>
      </trkpt>
      <trkpt lat="34.69943619333207607269287109375" lon="135.22395841777324676513671875">
        <ele>8.6000003814697265625</ele>
        <time>2026-08-05T21:32:32.000Z</time>
        <extensions>
          <ns3:TrackPointExtension>
            <ns3:atemp>32.0</ns3:atemp>
            <ns3:hr>169</ns3:hr>
            <ns3:cad>66</ns3:cad>
          </ns3:TrackPointExtension>
        </extensions>
      </trkpt>
      <trkpt lat="34.69943703152239322662353515625" lon="135.22397451102733612060546875">
        <ele>8.6000003814697265625</ele>
        <time>2026-08-05T21:32:33.000Z</time>
        <extensions>
          <ns3:TrackPointExtension>
            <ns3:atemp>32.0</ns3:atemp>
            <ns3:hr>168</ns3:hr>
            <ns3:cad>66</ns3:cad>
          </ns3:TrackPointExtension>
        </extensions>
      </trkpt>
      <trkpt lat="34.6994418092072010040283203125" lon="135.22398448549211025238037109375">
        <ele>8.80000019073486328125</ele>
        <time>2026-08-05T21:32:34.000Z</time>
        <extensions>
          <ns3:TrackPointExtension>
            <ns3:atemp>32.0</ns3:atemp>
            <ns3:hr>167</ns3:hr>
            <ns3:cad>66</ns3:cad>
          </ns3:TrackPointExtension>
        </extensions>
      </trkpt>
      <trkpt lat="34.6994465030729770660400390625" lon="135.22400191985070705413818359375">
        <ele>8.80000019073486328125</ele>
        <time>2026-08-05T21:32:35.000Z</time>
        <extensions>
          <ns3:TrackPointExtension>
            <ns3:atemp>32.0</ns3:atemp>
            <ns3:hr>166</ns3:hr>
            <ns3:cad>64</ns3:cad>
          </ns3:TrackPointExtension>
        </extensions>
      </trkpt>
      <trkpt lat="34.69945061020553112030029296875" lon="135.224018432199954986572265625">
        <ele>8.80000019073486328125</ele>
        <time>2026-08-05T21:32:36.000Z</time>
        <extensions>
          <ns3:TrackPointExtension>
            <ns3:atemp>32.0</ns3:atemp>
            <ns3:hr>166</ns3:hr>
            <ns3:cad>64</ns3:cad>
          </ns3:TrackPointExtension>
        </extensions>
      </trkpt>
      <trkpt lat="34.69945329241454601287841796875" lon="135.22403351962566375732421875">
        <ele>9</ele>
        <time>2026-08-05T21:32:37.000Z</time>
        <extensions>
          <ns3:TrackPointExtension>
            <ns3:atemp>32.0</ns3:atemp>
            <ns3:hr>166</ns3:hr>
            <ns3:cad>62</ns3:cad>
          </ns3:TrackPointExtension>
        </extensions>
      </trkpt>
      <trkpt lat="34.69945547170937061309814453125" lon="135.22404818795621395111083984375">
        <ele>9</ele>
        <time>2026-08-05T21:32:38.000Z</time>
        <extensions>
          <ns3:TrackPointExtension>
            <ns3:atemp>32.0</ns3:atemp>
            <ns3:hr>165</ns3:hr>
            <ns3:cad>62</ns3:cad>
          </ns3:TrackPointExtension>
        </extensions>
      </trkpt>
      <trkpt lat="34.69946167431771755218505859375" lon="135.2240655384957790374755859375">
        <ele>9</ele>
        <time>2026-08-05T21:32:39.000Z</time>
        <extensions>
          <ns3:TrackPointExtension>
            <ns3:atemp>32.0</ns3:atemp>
            <ns3:hr>165</ns3:hr>
            <ns3:cad>62</ns3:cad>
          </ns3:TrackPointExtension>
        </extensions>
      </trkpt>
      <trkpt lat="34.69946536235511302947998046875" lon="135.22407718934118747711181640625">
        <ele>8.80000019073486328125</ele>
        <time>2026-08-05T21:32:40.000Z</time>
        <extensions>
          <ns3:TrackPointExtension>
            <ns3:atemp>32.0</ns3:atemp>
            <ns3:hr>165</ns3:hr>
            <ns3:cad>63</ns3:cad>
          </ns3:TrackPointExtension>
        </extensions>
      </trkpt>
      <trkpt lat="34.699466787278652191162109375" lon="135.2240940369665622711181640625">
        <ele>8.6000003814697265625</ele>
        <time>2026-08-05T21:32:41.000Z</time>
        <extensions>
          <ns3:TrackPointExtension>
            <ns3:atemp>32.0</ns3:atemp>
            <ns3:hr>164</ns3:hr>
            <ns3:cad>63</ns3:cad>
          </ns3:TrackPointExtension>
        </extensions>
      </trkpt>
      <trkpt lat="34.69947039149701595306396484375" lon="135.224111638963222503662109375">
        <ele>8.3999996185302734375</ele>
        <time>2026-08-05T21:32:42.000Z</time>
        <extensions>
          <ns3:TrackPointExtension>
            <ns3:atemp>32.0</ns3:atemp>
            <ns3:hr>163</ns3:hr>
            <ns3:cad>63</ns3:cad>
          </ns3:TrackPointExtension>
        </extensions>
      </trkpt>
      <trkpt lat="34.69947307370603084564208984375" lon="135.22412764839828014373779296875">
        <ele>8</ele>
        <time>2026-08-05T21:32:43.000Z</time>
        <extensions>
          <ns3:TrackPointExtension>
            <ns3:atemp>32.0</ns3:atemp>
            <ns3:hr>162</ns3:hr>
            <ns3:cad>63</ns3:cad>
          </ns3:TrackPointExtension>
        </extensions>
      </trkpt>
      <trkpt lat="34.69947458244860172271728515625" lon="135.224141813814640045166015625">
        <ele>8</ele>
        <time>2026-08-05T21:32:44.000Z</time>
        <extensions>
          <ns3:TrackPointExtension>
            <ns3:atemp>32.0</ns3:atemp>
            <ns3:hr>161</ns3:hr>
            <ns3:cad>63</ns3:cad>
          </ns3:TrackPointExtension>
        </extensions>
      </trkpt>
      <trkpt lat="34.69947625882923603057861328125" lon="135.2241584099829196929931640625">
        <ele>8</ele>
        <time>2026-08-05T21:32:45.000Z</time>
        <extensions>
          <ns3:TrackPointExtension>
            <ns3:atemp>32.0</ns3:atemp>
            <ns3:hr>159</ns3:hr>
            <ns3:cad>63</ns3:cad>
          </ns3:TrackPointExtension>
        </extensions>
      </trkpt>
      <trkpt lat="34.69947927631437778472900390625" lon="135.22417366504669189453125">
        <ele>8.19999980926513671875</ele>
        <time>2026-08-05T21:32:46.000Z</time>
        <extensions>
          <ns3:TrackPointExtension>
            <ns3:atemp>32.0</ns3:atemp>
            <ns3:hr>158</ns3:hr>
            <ns3:cad>64</ns3:cad>
          </ns3:TrackPointExtension>
        </extensions>
      </trkpt>
      <trkpt lat="34.69948128797113895416259765625" lon="135.22418732754886150360107421875">
        <ele>8.19999980926513671875</ele>
        <time>2026-08-05T21:32:47.000Z</time>
        <extensions>
          <ns3:TrackPointExtension>
            <ns3:atemp>32.0</ns3:atemp>
            <ns3:hr>158</ns3:hr>
            <ns3:cad>64</ns3:cad>
          </ns3:TrackPointExtension>
        </extensions>
      </trkpt>
      <trkpt lat="34.69948531128466129302978515625" lon="135.2242004871368408203125">
        <ele>8.19999980926513671875</ele>
        <time>2026-08-05T21:32:48.000Z</time>
        <extensions>
          <ns3:TrackPointExtension>
            <ns3:atemp>32.0</ns3:atemp>
            <ns3:hr>157</ns3:hr>
            <ns3:cad>63</ns3:cad>
          </ns3:TrackPointExtension>
        </extensions>
      </trkpt>
      <trkpt lat="34.69948950223624706268310546875" lon="135.2242150716483592987060546875">
        <ele>8.3999996185302734375</ele>
        <time>2026-08-05T21:32:49.000Z</time>
        <extensions>
          <ns3:TrackPointExtension>
            <ns3:atemp>32.0</ns3:atemp>
            <ns3:hr>156</ns3:hr>
            <ns3:cad>63</ns3:cad>
          </ns3:TrackPointExtension>
        </extensions>
      </trkpt>
      <trkpt lat="34.699493944644927978515625" lon="135.2242301590740680694580078125">
        <ele>8.3999996185302734375</ele>
        <time>2026-08-05T21:32:50.000Z</time>
        <extensions>
          <ns3:TrackPointExtension>
            <ns3:atemp>32.0</ns3:atemp>
            <ns3:hr>155</ns3:hr>
            <ns3:cad>63</ns3:cad>
          </ns3:TrackPointExtension>
        </extensions>
      </trkpt>
      <trkpt lat="34.69949788413941860198974609375" lon="135.22424700669944286346435546875">
        <ele>8.19999980926513671875</ele>
        <time>2026-08-05T21:32:51.000Z</time>
        <extensions>
          <ns3:TrackPointExtension>
            <ns3:atemp>33.0</ns3:atemp>
            <ns3:hr>155</ns3:hr>
            <ns3:cad>64</ns3:cad>
          </ns3:TrackPointExtension>
        </extensions>
      </trkpt>
      <trkpt lat="34.69950123690068721771240234375" lon="135.2242648601531982421875">
        <ele>8.19999980926513671875</ele>
        <time>2026-08-05T21:32:52.000Z</time>
        <extensions>
          <ns3:TrackPointExtension>
            <ns3:atemp>32.0</ns3:atemp>
            <ns3:hr>155</ns3:hr>
            <ns3:cad>64</ns3:cad>
          </ns3:TrackPointExtension>
        </extensions>
      </trkpt>
      <trkpt lat="34.6995045058429241180419921875" lon="135.22428162395954132080078125">
        <ele>8.19999980926513671875</ele>
        <time>2026-08-05T21:32:53.000Z</time>
        <extensions>
          <ns3:TrackPointExtension>
            <ns3:atemp>33.0</ns3:atemp>
            <ns3:hr>154</ns3:hr>
            <ns3:cad>64</ns3:cad>
          </ns3:TrackPointExtension>
        </extensions>
      </trkpt>
      <trkpt lat="34.6995075233280658721923828125" lon="135.22429771721363067626953125">
        <ele>8.19999980926513671875</ele>
        <time>2026-08-05T21:32:54.000Z</time>
        <extensions>
          <ns3:TrackPointExtension>
            <ns3:atemp>33.0</ns3:atemp>
            <ns3:hr>153</ns3:hr>
            <ns3:cad>64</ns3:cad>
          </ns3:TrackPointExtension>
        </extensions>
      </trkpt>
      <trkpt lat="34.699509702622890472412109375" lon="135.22431506775319576263427734375">
        <ele>8.19999980926513671875</ele>
        <time>2026-08-05T21:32:55.000Z</time>
        <extensions>
          <ns3:TrackPointExtension>
            <ns3:atemp>33.0</ns3:atemp>
            <ns3:hr>153</ns3:hr>
            <ns3:cad>64</ns3:cad>
          </ns3:TrackPointExtension>
        </extensions>
      </trkpt>
      <trkpt lat="34.6995125524699687957763671875" lon="135.22432864643633365631103515625">
        <ele>8.19999980926513671875</ele>
        <time>2026-08-05T21:32:56.000Z</time>
        <extensions>
          <ns3:TrackPointExtension>
            <ns3:atemp>33.0</ns3:atemp>
            <ns3:hr>152</ns3:hr>
            <ns3:cad>64</ns3:cad>
          </ns3:TrackPointExtension>
        </extensions>
      </trkpt>
      <trkpt lat="34.6995142288506031036376953125" lon="135.2243458293378353118896484375">
        <ele>8.19999980926513671875</ele>
        <time>2026-08-05T21:32:57.000Z</time>
        <extensions>
          <ns3:TrackPointExtension>
            <ns3:atemp>33.0</ns3:atemp>
            <ns3:hr>151</ns3:hr>
            <ns3:cad>64</ns3:cad>
          </ns3:TrackPointExtension>
        </extensions>
      </trkpt>
      <trkpt lat="34.69951816834509372711181640625" lon="135.22435932420194149017333984375">
        <ele>8.19999980926513671875</ele>
        <time>2026-08-05T21:32:58.000Z</time>
        <extensions>
          <ns3:TrackPointExtension>
            <ns3:atemp>33.0</ns3:atemp>
            <ns3:hr>151</ns3:hr>
            <ns3:cad>63</ns3:cad>
          </ns3:TrackPointExtension>
        </extensions>
      </trkpt>
      <trkpt lat="34.69951783306896686553955078125" lon="135.22437860257923603057861328125">
        <ele>8.3999996185302734375</ele>
        <time>2026-08-05T21:32:59.000Z</time>
        <extensions>
          <ns3:TrackPointExtension>
            <ns3:atemp>33.0</ns3:atemp>
            <ns3:hr>151</ns3:hr>
            <ns3:cad>63</ns3:cad>
          </ns3:TrackPointExtension>
        </extensions>
      </trkpt>
      <trkpt lat="34.69951900653541088104248046875" lon="135.22439519874751567840576171875">
        <ele>8.6000003814697265625</ele>
        <time>2026-08-05T21:33:00.000Z</time>
        <extensions>
          <ns3:TrackPointExtension>
            <ns3:atemp>33.0</ns3:atemp>
            <ns3:hr>151</ns3:hr>
            <ns3:cad>64</ns3:cad>
          </ns3:TrackPointExtension>
        </extensions>
      </trkpt>
      <trkpt lat="34.69952453859150409698486328125" lon="135.22440995089709758758544921875">
        <ele>8.6000003814697265625</ele>
        <time>2026-08-05T21:33:01.000Z</time>
        <extensions>
          <ns3:TrackPointExtension>
            <ns3:atemp>33.0</ns3:atemp>
            <ns3:hr>150</ns3:hr>
            <ns3:cad>64</ns3:cad>
          </ns3:TrackPointExtension>
        </extensions>
      </trkpt>
      <trkpt lat="34.69952772371470928192138671875" lon="135.22443358786404132843017578125">
        <ele>8.3999996185302734375</ele>
        <time>2026-08-05T21:33:02.000Z</time>
        <extensions>
          <ns3:TrackPointExtension>
            <ns3:atemp>33.0</ns3:atemp>
            <ns3:hr>149</ns3:hr>
            <ns3:cad>64</ns3:cad>
          </ns3:TrackPointExtension>
        </extensions>
      </trkpt>
      <trkpt lat="34.699531160295009613037109375" lon="135.22446661256253719329833984375">
        <ele>8.19999980926513671875</ele>
        <time>2026-08-05T21:33:03.000Z</time>
        <extensions>
          <ns3:TrackPointExtension>
            <ns3:atemp>33.0</ns3:atemp>
            <ns3:hr>149</ns3:hr>
            <ns3:cad>64</ns3:cad>
          </ns3:TrackPointExtension>
        </extensions>
      </trkpt>
      <trkpt lat="34.699531495571136474609375" lon="135.224496535956859588623046875">
        <ele>7.80000019073486328125</ele>
        <time>2026-08-05T21:33:04.000Z</time>
        <extensions>
          <ns3:TrackPointExtension>
            <ns3:atemp>33.0</ns3:atemp>
            <ns3:hr>148</ns3:hr>
            <ns3:cad>64</ns3:cad>
          </ns3:TrackPointExtension>
        </extensions>
      </trkpt>
      <trkpt lat="34.6995340101420879364013671875" lon="135.2245298959314823150634765625">
        <ele>7.400000095367431640625</ele>
        <time>2026-08-05T21:33:05.000Z</time>
        <extensions>
          <ns3:TrackPointExtension>
            <ns3:atemp>33.0</ns3:atemp>
            <ns3:hr>148</ns3:hr>
            <ns3:cad>85</ns3:cad>
          </ns3:TrackPointExtension>
        </extensions>
      </trkpt>
      <trkpt lat="34.69953778199851512908935546875" lon="135.22456283681094646453857421875">
        <ele>7.19999980926513671875</ele>
        <time>2026-08-05T21:33:06.000Z</time>
        <extensions>
          <ns3:TrackPointExtension>
            <ns3:atemp>33.0</ns3:atemp>
            <ns3:hr>147</ns3:hr>
            <ns3:cad>91</ns3:cad>
          </ns3:TrackPointExtension>
        </extensions>
      </trkpt>
      <trkpt lat="34.6995437331497669219970703125" lon="135.224596448242664337158203125">
        <ele>7.400000095367431640625</ele>
        <time>2026-08-05T21:33:07.000Z</time>
        <extensions>
          <ns3:TrackPointExtension>
            <ns3:atemp>33.0</ns3:atemp>
            <ns3:hr>147</ns3:hr>
            <ns3:cad>92</ns3:cad>
          </ns3:TrackPointExtension>
        </extensions>
      </trkpt>
      <trkpt lat="34.6995490975677967071533203125" lon="135.2246301434934139251708984375">
        <ele>7.80000019073486328125</ele>
        <time>2026-08-05T21:33:08.000Z</time>
        <extensions>
          <ns3:TrackPointExtension>
            <ns3:atemp>33.0</ns3:atemp>
            <ns3:hr>147</ns3:hr>
            <ns3:cad>92</ns3:cad>
          </ns3:TrackPointExtension>
        </extensions>
      </trkpt>
      <trkpt lat="34.6995574794709682464599609375" lon="135.22466291673481464385986328125">
        <ele>7.80000019073486328125</ele>
        <time>2026-08-05T21:33:09.000Z</time>
        <extensions>
          <ns3:TrackPointExtension>
            <ns3:atemp>33.0</ns3:atemp>
            <ns3:hr>148</ns3:hr>
            <ns3:cad>92</ns3:cad>
          </ns3:TrackPointExtension>
        </extensions>
      </trkpt>
      <trkpt lat="34.699566029012203216552734375" lon="135.22469711489975452423095703125">
        <ele>8</ele>
        <time>2026-08-05T21:33:10.000Z</time>
        <extensions>
          <ns3:TrackPointExtension>
            <ns3:atemp>33.0</ns3:atemp>
            <ns3:hr>148</ns3:hr>
            <ns3:cad>92</ns3:cad>
          </ns3:TrackPointExtension>
        </extensions>
      </trkpt>
      <trkpt lat="34.6995757520198822021484375" lon="135.2247277088463306427001953125">
        <ele>7.80000019073486328125</ele>
        <time>2026-08-05T21:33:11.000Z</time>
        <extensions>
          <ns3:TrackPointExtension>
            <ns3:atemp>33.0</ns3:atemp>
            <ns3:hr>148</ns3:hr>
            <ns3:cad>92</ns3:cad>
          </ns3:TrackPointExtension>
        </extensions>
      </trkpt>
      <trkpt lat="34.6995876543223857879638671875" lon="135.2247585542500019073486328125">
        <ele>7.80000019073486328125</ele>
        <time>2026-08-05T21:33:12.000Z</time>
        <extensions>
          <ns3:TrackPointExtension>
            <ns3:atemp>33.0</ns3:atemp>
            <ns3:hr>148</ns3:hr>
            <ns3:cad>92</ns3:cad>
          </ns3:TrackPointExtension>
        </extensions>
      </trkpt>
      <trkpt lat="34.699603579938411712646484375" lon="135.22478520870208740234375">
        <ele>7.599999904632568359375</ele>
        <time>2026-08-05T21:33:13.000Z</time>
        <extensions>
          <ns3:TrackPointExtension>
            <ns3:atemp>33.0</ns3:atemp>
            <ns3:hr>148</ns3:hr>
            <ns3:cad>93</ns3:cad>
          </ns3:TrackPointExtension>
        </extensions>
      </trkpt>
      <trkpt lat="34.6996198408305644989013671875" lon="135.22481295280158519744873046875">
        <ele>7.599999904632568359375</ele>
        <time>2026-08-05T21:33:14.000Z</time>
        <extensions>
          <ns3:TrackPointExtension>
            <ns3:atemp>33.0</ns3:atemp>
            <ns3:hr>148</ns3:hr>
            <ns3:cad>92</ns3:cad>
          </ns3:TrackPointExtension>
        </extensions>
      </trkpt>
      <trkpt lat="34.69963953830301761627197265625" lon="135.2248375117778778076171875">
        <ele>7.599999904632568359375</ele>
        <time>2026-08-05T21:33:15.000Z</time>
        <extensions>
          <ns3:TrackPointExtension>
            <ns3:atemp>33.0</ns3:atemp>
            <ns3:hr>148</ns3:hr>
            <ns3:cad>92</ns3:cad>
          </ns3:TrackPointExtension>
        </extensions>
      </trkpt>
      <trkpt lat="34.69965982250869274139404296875" lon="135.2248604781925678253173828125">
        <ele>7.400000095367431640625</ele>
        <time>2026-08-05T21:33:16.000Z</time>
        <extensions>
          <ns3:TrackPointExtension>
            <ns3:atemp>33.0</ns3:atemp>
            <ns3:hr>148</ns3:hr>
            <ns3:cad>92</ns3:cad>
          </ns3:TrackPointExtension>
        </extensions>
      </trkpt>
      <trkpt lat="34.69967692159116268157958984375" lon="135.22488051094114780426025390625">
        <ele>7</ele>
        <time>2026-08-05T21:33:17.000Z</time>
        <extensions>
          <ns3:TrackPointExtension>
            <ns3:atemp>33.0</ns3:atemp>
            <ns3:hr>148</ns3:hr>
            <ns3:cad>92</ns3:cad>
          </ns3:TrackPointExtension>
        </extensions>
      </trkpt>
      <trkpt lat="34.69969854690134525299072265625" lon="135.22490129806101322174072265625">
        <ele>7</ele>
        <time>2026-08-05T21:33:18.000Z</time>
        <extensions>
          <ns3:TrackPointExtension>
            <ns3:atemp>32.0</ns3:atemp>
            <ns3:hr>148</ns3:hr>
            <ns3:cad>93</ns3:cad>
          </ns3:TrackPointExtension>
        </extensions>
      </trkpt>
      <trkpt lat="34.69972084276378154754638671875" lon="135.2249188162386417388916015625">
        <ele>6.80000019073486328125</ele>
        <time>2026-08-05T21:33:19.000Z</time>
        <extensions>
          <ns3:TrackPointExtension>
            <ns3:atemp>33.0</ns3:atemp>
            <ns3:hr>148</ns3:hr>
            <ns3:cad>92</ns3:cad>
          </ns3:TrackPointExtension>
        </extensions>
      </trkpt>
      <trkpt lat="34.699745066463947296142578125" lon="135.22492996416985988616943359375">
        <ele>6.80000019073486328125</ele>
        <time>2026-08-05T21:33:20.000Z</time>
        <extensions>
          <ns3:TrackPointExtension>
            <ns3:atemp>33.0</ns3:atemp>
            <ns3:hr>149</ns3:hr>
            <ns3:cad>93</ns3:cad>
          </ns3:TrackPointExtension>
        </extensions>
      </trkpt>
      <trkpt lat="34.699772894382476806640625" lon="135.224933065474033355712890625">
        <ele>7</ele>
        <time>2026-08-05T21:33:21.000Z</time>
        <extensions>
          <ns3:TrackPointExtension>
            <ns3:atemp>32.0</ns3:atemp>
            <ns3:hr>149</ns3:hr>
            <ns3:cad>93</ns3:cad>
          </ns3:TrackPointExtension>
        </extensions>
      </trkpt>
      <trkpt lat="34.69979896210134029388427734375" lon="135.22493247874081134796142578125">
        <ele>7.400000095367431640625</ele>
        <time>2026-08-05T21:33:22.000Z</time>
        <extensions>
          <ns3:TrackPointExtension>
            <ns3:atemp>32.0</ns3:atemp>
            <ns3:hr>149</ns3:hr>
            <ns3:cad>94</ns3:cad>
          </ns3:TrackPointExtension>
        </extensions>
      </trkpt>
      <trkpt lat="34.69982662238180637359619140625" lon="135.22493314929306507110595703125">
        <ele>7.599999904632568359375</ele>
        <time>2026-08-05T21:33:23.000Z</time>
        <extensions>
          <ns3:TrackPointExtension>
            <ns3:atemp>32.0</ns3:atemp>
            <ns3:hr>150</ns3:hr>
            <ns3:cad>92</ns3:cad>
          </ns3:TrackPointExtension>
        </extensions>
      </trkpt>
      <trkpt lat="34.69985294155776500701904296875" lon="135.22492937743663787841796875">
        <ele>7.599999904632568359375</ele>
        <time>2026-08-05T21:33:24.000Z</time>
        <extensions>
          <ns3:TrackPointExtension>
            <ns3:atemp>32.0</ns3:atemp>
            <ns3:hr>150</ns3:hr>
            <ns3:cad>92</ns3:cad>
          </ns3:TrackPointExtension>
        </extensions>
      </trkpt>
      <trkpt lat="34.69988227821886539459228515625" lon="135.2249251864850521087646484375">
        <ele>7.80000019073486328125</ele>
        <time>2026-08-05T21:33:25.000Z</time>
        <extensions>
          <ns3:TrackPointExtension>
            <ns3:atemp>32.0</ns3:atemp>
            <ns3:hr>150</ns3:hr>
            <ns3:cad>92</ns3:cad>
          </ns3:TrackPointExtension>
        </extensions>
      </trkpt>
      <trkpt lat="34.6999085135757923126220703125" lon="135.22491856478154659271240234375">
        <ele>8.19999980926513671875</ele>
        <time>2026-08-05T21:33:26.000Z</time>
        <extensions>
          <ns3:TrackPointExtension>
            <ns3:atemp>32.0</ns3:atemp>
            <ns3:hr>150</ns3:hr>
            <ns3:cad>92</ns3:cad>
          </ns3:TrackPointExtension>
        </extensions>
      </trkpt>
      <trkpt lat="34.6999363414943218231201171875" lon="135.224913619458675384521484375">
        <ele>8.6000003814697265625</ele>
        <time>2026-08-05T21:33:27.000Z</time>
        <extensions>
          <ns3:TrackPointExtension>
            <ns3:atemp>32.0</ns3:atemp>
            <ns3:hr>150</ns3:hr>
            <ns3:cad>92</ns3:cad>
          </ns3:TrackPointExtension>
        </extensions>
      </trkpt>
      <trkpt lat="34.699964337050914764404296875" lon="135.2249111048877239227294921875">
        <ele>8.80000019073486328125</ele>
        <time>2026-08-05T21:33:28.000Z</time>
        <extensions>
          <ns3:TrackPointExtension>
            <ns3:atemp>32.0</ns3:atemp>
            <ns3:hr>150</ns3:hr>
            <ns3:cad>92</ns3:cad>
          </ns3:TrackPointExtension>
        </extensions>
      </trkpt>
      <trkpt lat="34.69999057240784168243408203125" lon="135.2249099314212799072265625">
        <ele>9</ele>
        <time>2026-08-05T21:33:29.000Z</time>
        <extensions>
          <ns3:TrackPointExtension>
            <ns3:atemp>32.0</ns3:atemp>
            <ns3:hr>151</ns3:hr>
            <ns3:cad>92</ns3:cad>
          </ns3:TrackPointExtension>
        </extensions>
      </trkpt>
      <trkpt lat="34.70001756213605403900146484375" lon="135.22490498609840869903564453125">
        <ele>8.80000019073486328125</ele>
        <time>2026-08-05T21:33:30.000Z</time>
        <extensions>
          <ns3:TrackPointExtension>
            <ns3:atemp>32.0</ns3:atemp>
            <ns3:hr>151</ns3:hr>
            <ns3:cad>92</ns3:cad>
          </ns3:TrackPointExtension>
        </extensions>
      </trkpt>
      <trkpt lat="34.7000436298549175262451171875" lon="135.2248990349471569061279296875">
        <ele>8.3999996185302734375</ele>
        <time>2026-08-05T21:33:31.000Z</time>
        <extensions>
          <ns3:TrackPointExtension>
            <ns3:atemp>32.0</ns3:atemp>
            <ns3:hr>152</ns3:hr>
            <ns3:cad>92</ns3:cad>
          </ns3:TrackPointExtension>
        </extensions>
      </trkpt>
      <trkpt lat="34.70006952993571758270263671875" lon="135.22489023394882678985595703125">
        <ele>8.19999980926513671875</ele>
        <time>2026-08-05T21:33:32.000Z</time>
        <extensions>
          <ns3:TrackPointExtension>
            <ns3:atemp>32.0</ns3:atemp>
            <ns3:hr>152</ns3:hr>
            <ns3:cad>92</ns3:cad>
          </ns3:TrackPointExtension>
        </extensions>
      </trkpt>
      <trkpt lat="34.70009517855942249298095703125" lon="135.224879086017608642578125">
        <ele>8.19999980926513671875</ele>
        <time>2026-08-05T21:33:33.000Z</time>
        <extensions>
          <ns3:TrackPointExtension>
            <ns3:atemp>32.0</ns3:atemp>
            <ns3:hr>152</ns3:hr>
            <ns3:cad>92</ns3:cad>
          </ns3:TrackPointExtension>
        </extensions>
      </trkpt>
      <trkpt lat="34.700123257935047149658203125" lon="135.22486944682896137237548828125">
        <ele>8.19999980926513671875</ele>
        <time>2026-08-05T21:33:34.000Z</time>
        <extensions>
          <ns3:TrackPointExtension>
            <ns3:atemp>32.0</ns3:atemp>
            <ns3:hr>153</ns3:hr>
            <ns3:cad>93</ns3:cad>
          </ns3:TrackPointExtension>
        </extensions>
      </trkpt>
      <trkpt lat="34.70014848746359348297119140625" lon="135.2248608134686946868896484375">
        <ele>8.19999980926513671875</ele>
        <time>2026-08-05T21:33:35.000Z</time>
        <extensions>
          <ns3:TrackPointExtension>
            <ns3:atemp>32.0</ns3:atemp>
            <ns3:hr>153</ns3:hr>
            <ns3:cad>93</ns3:cad>
          </ns3:TrackPointExtension>
        </extensions>
      </trkpt>
      <trkpt lat="34.700176231563091278076171875" lon="135.22485050372779369354248046875">
        <ele>8.19999980926513671875</ele>
        <time>2026-08-05T21:33:36.000Z</time>
        <extensions>
          <ns3:TrackPointExtension>
            <ns3:atemp>32.0</ns3:atemp>
            <ns3:hr>153</ns3:hr>
            <ns3:cad>94</ns3:cad>
          </ns3:TrackPointExtension>
        </extensions>
      </trkpt>
      <trkpt lat="34.70020263455808162689208984375" lon="135.2248390205204486846923828125">
        <ele>8.19999980926513671875</ele>
        <time>2026-08-05T21:33:37.000Z</time>
        <extensions>
          <ns3:TrackPointExtension>
            <ns3:atemp>32.0</ns3:atemp>
            <ns3:hr>153</ns3:hr>
            <ns3:cad>94</ns3:cad>
          </ns3:TrackPointExtension>
        </extensions>
      </trkpt>
      <trkpt lat="34.700228534638881683349609375" lon="135.22482871077954769134521484375">
        <ele>8.19999980926513671875</ele>
        <time>2026-08-05T21:33:38.000Z</time>
        <extensions>
          <ns3:TrackPointExtension>
            <ns3:atemp>32.0</ns3:atemp>
            <ns3:hr>153</ns3:hr>
            <ns3:cad>93</ns3:cad>
          </ns3:TrackPointExtension>
        </extensions>
      </trkpt>
      <trkpt lat="34.7002570331096649169921875" lon="135.22482166998088359832763671875">
        <ele>8.19999980926513671875</ele>
        <time>2026-08-05T21:33:39.000Z</time>
        <extensions>
          <ns3:TrackPointExtension>
            <ns3:atemp>32.0</ns3:atemp>
            <ns3:hr>153</ns3:hr>
            <ns3:cad>93</ns3:cad>
          </ns3:TrackPointExtension>
        </extensions>
      </trkpt>
      <trkpt lat="34.700280837714672088623046875" lon="135.2248111926019191741943359375">
        <ele>8.19999980926513671875</ele>
        <time>2026-08-05T21:33:40.000Z</time>
        <extensions>
          <ns3:TrackPointExtension>
            <ns3:atemp>32.0</ns3:atemp>
            <ns3:hr>153</ns3:hr>
            <ns3:cad>93</ns3:cad>
          </ns3:TrackPointExtension>
        </extensions>
      </trkpt>
      <trkpt lat="34.7003081627190113067626953125" lon="135.22480272687971591949462890625">
        <ele>8.19999980926513671875</ele>
        <time>2026-08-05T21:33:41.000Z</time>
        <extensions>
          <ns3:TrackPointExtension>
            <ns3:atemp>32.0</ns3:atemp>
            <ns3:hr>153</ns3:hr>
            <ns3:cad>92</ns3:cad>
          </ns3:TrackPointExtension>
        </extensions>
      </trkpt>
      <trkpt lat="34.700336158275604248046875" lon="135.224794261157512664794921875">
        <ele>8</ele>
        <time>2026-08-05T21:33:42.000Z</time>
        <extensions>
          <ns3:TrackPointExtension>
            <ns3:atemp>32.0</ns3:atemp>
            <ns3:hr>153</ns3:hr>
            <ns3:cad>92</ns3:cad>
          </ns3:TrackPointExtension>
        </extensions>
      </trkpt>
      <trkpt lat="34.70036155544221401214599609375" lon="135.224783532321453094482421875">
        <ele>7.80000019073486328125</ele>
        <time>2026-08-05T21:33:43.000Z</time>
        <extensions>
          <ns3:TrackPointExtension>
            <ns3:atemp>32.0</ns3:atemp>
            <ns3:hr>154</ns3:hr>
            <ns3:cad>92</ns3:cad>
          </ns3:TrackPointExtension>
        </extensions>
      </trkpt>
      <trkpt lat="34.7003862820565700531005859375" lon="135.22477372549474239349365234375">
        <ele>7.80000019073486328125</ele>
        <time>2026-08-05T21:33:44.000Z</time>
        <extensions>
          <ns3:TrackPointExtension>
            <ns3:atemp>32.0</ns3:atemp>
            <ns3:hr>154</ns3:hr>
            <ns3:cad>92</ns3:cad>
          </ns3:TrackPointExtension>
        </extensions>
      </trkpt>
      <trkpt lat="34.70041218213737010955810546875" lon="135.22476450540125370025634765625">
        <ele>7.80000019073486328125</ele>
        <time>2026-08-05T21:33:45.000Z</time>
        <extensions>
          <ns3:TrackPointExtension>
            <ns3:atemp>32.0</ns3:atemp>
            <ns3:hr>154</ns3:hr>
            <ns3:cad>92</ns3:cad>
          </ns3:TrackPointExtension>
        </extensions>
      </trkpt>
      <trkpt lat="34.700439758598804473876953125" lon="135.2247543632984161376953125">
        <ele>7.80000019073486328125</ele>
        <time>2026-08-05T21:33:46.000Z</time>
        <extensions>
          <ns3:TrackPointExtension>
            <ns3:atemp>32.0</ns3:atemp>
            <ns3:hr>154</ns3:hr>
            <ns3:cad>92</ns3:cad>
          </ns3:TrackPointExtension>
        </extensions>
      </trkpt>
      <trkpt lat="34.7004670836031436920166015625" lon="135.22474824450910091400146484375">
        <ele>8</ele>
        <time>2026-08-05T21:33:47.000Z</time>
        <extensions>
          <ns3:TrackPointExtension>
            <ns3:atemp>32.0</ns3:atemp>
            <ns3:hr>155</ns3:hr>
            <ns3:cad>93</ns3:cad>
          </ns3:TrackPointExtension>
        </extensions>
      </trkpt>
      <trkpt lat="34.70049398951232433319091796875" lon="135.224741958081722259521484375">
        <ele>8.3999996185302734375</ele>
        <time>2026-08-05T21:33:48.000Z</time>
        <extensions>
          <ns3:TrackPointExtension>
            <ns3:atemp>32.0</ns3:atemp>
            <ns3:hr>155</ns3:hr>
            <ns3:cad>93</ns3:cad>
          </ns3:TrackPointExtension>
        </extensions>
      </trkpt>
      <trkpt lat="34.70051812939345836639404296875" lon="135.22473349235951900482177734375">
        <ele>8.3999996185302734375</ele>
        <time>2026-08-05T21:33:49.000Z</time>
        <extensions>
          <ns3:TrackPointExtension>
            <ns3:atemp>32.0</ns3:atemp>
            <ns3:hr>155</ns3:hr>
            <ns3:cad>93</ns3:cad>
          </ns3:TrackPointExtension>
        </extensions>
      </trkpt>
      <trkpt lat="34.70054210163652896881103515625" lon="135.22472443990409374237060546875">
        <ele>8.6000003814697265625</ele>
        <time>2026-08-05T21:33:50.000Z</time>
        <extensions>
          <ns3:TrackPointExtension>
            <ns3:atemp>32.0</ns3:atemp>
            <ns3:hr>154</ns3:hr>
            <ns3:cad>93</ns3:cad>
          </ns3:TrackPointExtension>
        </extensions>
      </trkpt>
      <trkpt lat="34.70056883990764617919921875" lon="135.22471672855317592620849609375">
        <ele>8.3999996185302734375</ele>
        <time>2026-08-05T21:33:51.000Z</time>
        <extensions>
          <ns3:TrackPointExtension>
            <ns3:atemp>32.0</ns3:atemp>
            <ns3:hr>155</ns3:hr>
            <ns3:cad>93</ns3:cad>
          </ns3:TrackPointExtension>
        </extensions>
      </trkpt>
      <trkpt lat="34.70059708692133426666259765625" lon="135.22471086122095584869384765625">
        <ele>8.3999996185302734375</ele>
        <time>2026-08-05T21:33:52.000Z</time>
        <extensions>
          <ns3:TrackPointExtension>
            <ns3:atemp>32.0</ns3:atemp>
            <ns3:hr>155</ns3:hr>
            <ns3:cad>93</ns3:cad>
          </ns3:TrackPointExtension>
        </extensions>
      </trkpt>
      <trkpt lat="34.70062089152634143829345703125" lon="135.224697701632976531982421875">
        <ele>8.19999980926513671875</ele>
        <time>2026-08-05T21:33:53.000Z</time>
        <extensions>
          <ns3:TrackPointExtension>
            <ns3:atemp>32.0</ns3:atemp>
            <ns3:hr>156</ns3:hr>
            <ns3:cad>93</ns3:cad>
          </ns3:TrackPointExtension>
        </extensions>
      </trkpt>
      <trkpt lat="34.70064385794103145599365234375" lon="135.22468823008239269256591796875">
        <ele>8.19999980926513671875</ele>
        <time>2026-08-05T21:33:54.000Z</time>
        <extensions>
          <ns3:TrackPointExtension>
            <ns3:atemp>32.0</ns3:atemp>
            <ns3:hr>156</ns3:hr>
            <ns3:cad>94</ns3:cad>
          </ns3:TrackPointExtension>
        </extensions>
      </trkpt>
      <trkpt lat="34.70066900365054607391357421875" lon="135.224682278931140899658203125">
        <ele>8</ele>
        <time>2026-08-05T21:33:55.000Z</time>
        <extensions>
          <ns3:TrackPointExtension>
            <ns3:atemp>32.0</ns3:atemp>
            <ns3:hr>156</ns3:hr>
            <ns3:cad>95</ns3:cad>
          </ns3:TrackPointExtension>
        </extensions>
      </trkpt>
      <trkpt lat="34.70069280825555324554443359375" lon="135.2246730588376522064208984375">
        <ele>7.80000019073486328125</ele>
        <time>2026-08-05T21:33:56.000Z</time>
        <extensions>
          <ns3:TrackPointExtension>
            <ns3:atemp>32.0</ns3:atemp>
            <ns3:hr>156</ns3:hr>
            <ns3:cad>95</ns3:cad>
          </ns3:TrackPointExtension>
        </extensions>
      </trkpt>
      <trkpt lat="34.70071963034570217132568359375" lon="135.22466559894382953643798828125">
        <ele>7.400000095367431640625</ele>
        <time>2026-08-05T21:33:57.000Z</time>
        <extensions>
          <ns3:TrackPointExtension>
            <ns3:atemp>32.0</ns3:atemp>
            <ns3:hr>157</ns3:hr>
            <ns3:cad>94</ns3:cad>
          </ns3:TrackPointExtension>
        </extensions>
      </trkpt>
      <trkpt lat="34.700743854045867919921875" lon="135.22465671412646770477294921875">
        <ele>7.400000095367431640625</ele>
        <time>2026-08-05T21:33:58.000Z</time>
        <extensions>
          <ns3:TrackPointExtension>
            <ns3:atemp>32.0</ns3:atemp>
            <ns3:hr>157</ns3:hr>
            <ns3:cad>93</ns3:cad>
          </ns3:TrackPointExtension>
        </extensions>
      </trkpt>
      <trkpt lat="34.70077000558376312255859375" lon="135.22464866749942302703857421875">
        <ele>7.400000095367431640625</ele>
        <time>2026-08-05T21:33:59.000Z</time>
        <extensions>
          <ns3:TrackPointExtension>
            <ns3:atemp>32.0</ns3:atemp>
            <ns3:hr>157</ns3:hr>
            <ns3:cad>92</ns3:cad>
          </ns3:TrackPointExtension>
        </extensions>
      </trkpt>
      <trkpt lat="34.700792469084262847900390625" lon="135.22463877685368061065673828125">
        <ele>7.400000095367431640625</ele>
        <time>2026-08-05T21:34:00.000Z</time>
        <extensions>
          <ns3:TrackPointExtension>
            <ns3:atemp>32.0</ns3:atemp>
            <ns3:hr>157</ns3:hr>
            <ns3:cad>92</ns3:cad>
          </ns3:TrackPointExtension>
        </extensions>
      </trkpt>
      <trkpt lat="34.70081652514636516571044921875" lon="135.22462888620793819427490234375">
        <ele>7.400000095367431640625</ele>
        <time>2026-08-05T21:34:01.000Z</time>
        <extensions>
          <ns3:TrackPointExtension>
            <ns3:atemp>32.0</ns3:atemp>
            <ns3:hr>158</ns3:hr>
            <ns3:cad>93</ns3:cad>
          </ns3:TrackPointExtension>
        </extensions>
      </trkpt>
      <trkpt lat="34.7008415870368480682373046875" lon="135.2246187441051006317138671875">
        <ele>7.19999980926513671875</ele>
        <time>2026-08-05T21:34:02.000Z</time>
        <extensions>
          <ns3:TrackPointExtension>
            <ns3:atemp>32.0</ns3:atemp>
            <ns3:hr>158</ns3:hr>
            <ns3:cad>93</ns3:cad>
          </ns3:TrackPointExtension>
        </extensions>
      </trkpt>
      <trkpt lat="34.70086815766990184783935546875" lon="135.22460876964032649993896484375">
        <ele>7</ele>
        <time>2026-08-05T21:34:03.000Z</time>
        <extensions>
          <ns3:TrackPointExtension>
            <ns3:atemp>32.0</ns3:atemp>
            <ns3:hr>158</ns3:hr>
            <ns3:cad>93</ns3:cad>
          </ns3:TrackPointExtension>
        </extensions>
      </trkpt>
      <trkpt lat="34.70089330337941646575927734375" lon="135.22459519095718860626220703125">
        <ele>6.599999904632568359375</ele>
        <time>2026-08-05T21:34:04.000Z</time>
        <extensions>
          <ns3:TrackPointExtension>
            <ns3:atemp>32.0</ns3:atemp>
            <ns3:hr>158</ns3:hr>
            <ns3:cad>93</ns3:cad>
          </ns3:TrackPointExtension>
        </extensions>
      </trkpt>
      <trkpt lat="34.70091626979410648345947265625" lon="135.224584043025970458984375">
        <ele>6.599999904632568359375</ele>
        <time>2026-08-05T21:34:05.000Z</time>
        <extensions>
          <ns3:TrackPointExtension>
            <ns3:atemp>32.0</ns3:atemp>
            <ns3:hr>158</ns3:hr>
            <ns3:cad>93</ns3:cad>
          </ns3:TrackPointExtension>
        </extensions>
      </trkpt>
      <trkpt lat="34.7009414993226528167724609375" lon="135.22457063198089599609375">
        <ele>6.80000019073486328125</ele>
        <time>2026-08-05T21:34:06.000Z</time>
        <extensions>
          <ns3:TrackPointExtension>
            <ns3:atemp>32.0</ns3:atemp>
            <ns3:hr>159</ns3:hr>
            <ns3:cad>93</ns3:cad>
          </ns3:TrackPointExtension>
        </extensions>
      </trkpt>
      <trkpt lat="34.70096622593700885772705078125" lon="135.2245560474693775177001953125">
        <ele>7.19999980926513671875</ele>
        <time>2026-08-05T21:34:07.000Z</time>
        <extensions>
          <ns3:TrackPointExtension>
            <ns3:atemp>32.0</ns3:atemp>
            <ns3:hr>159</ns3:hr>
            <ns3:cad>93</ns3:cad>
          </ns3:TrackPointExtension>
        </extensions>
      </trkpt>
      <trkpt lat="34.70098935998976230621337890625" lon="135.2245409600436687469482421875">
        <ele>7.599999904632568359375</ele>
        <time>2026-08-05T21:34:08.000Z</time>
        <extensions>
          <ns3:TrackPointExtension>
            <ns3:atemp>32.0</ns3:atemp>
            <ns3:hr>160</ns3:hr>
            <ns3:cad>93</ns3:cad>
          </ns3:TrackPointExtension>
        </extensions>
      </trkpt>
      <trkpt lat="34.70101165585219860076904296875" lon="135.22452696226537227630615234375">
        <ele>8</ele>
        <time>2026-08-05T21:34:09.000Z</time>
        <extensions>
          <ns3:TrackPointExtension>
            <ns3:atemp>32.0</ns3:atemp>
            <ns3:hr>160</ns3:hr>
            <ns3:cad>93</ns3:cad>
          </ns3:TrackPointExtension>
        </extensions>
      </trkpt>
      <trkpt lat="34.70103629864752292633056640625" lon="135.2245141379535198211669921875">
        <ele>8.19999980926513671875</ele>
        <time>2026-08-05T21:34:10.000Z</time>
        <extensions>
          <ns3:TrackPointExtension>
            <ns3:atemp>32.0</ns3:atemp>
            <ns3:hr>160</ns3:hr>
            <ns3:cad>93</ns3:cad>
          </ns3:TrackPointExtension>
        </extensions>
      </trkpt>
      <trkpt lat="34.7010591812431812286376953125" lon="135.22450097836554050445556640625">
        <ele>8.3999996185302734375</ele>
        <time>2026-08-05T21:34:11.000Z</time>
        <extensions>
          <ns3:TrackPointExtension>
            <ns3:atemp>32.0</ns3:atemp>
            <ns3:hr>160</ns3:hr>
            <ns3:cad>92</ns3:cad>
          </ns3:TrackPointExtension>
        </extensions>
      </trkpt>
      <trkpt lat="34.70108290202915668487548828125" lon="135.22448538802564144134521484375">
        <ele>8.3999996185302734375</ele>
        <time>2026-08-05T21:34:12.000Z</time>
        <extensions>
          <ns3:TrackPointExtension>
            <ns3:atemp>32.0</ns3:atemp>
            <ns3:hr>160</ns3:hr>
            <ns3:cad>92</ns3:cad>
          </ns3:TrackPointExtension>
        </extensions>
      </trkpt>
      <trkpt lat="34.7011072933673858642578125" lon="135.22447231225669384002685546875">
        <ele>8.6000003814697265625</ele>
        <time>2026-08-05T21:34:13.000Z</time>
        <extensions>
          <ns3:TrackPointExtension>
            <ns3:atemp>32.0</ns3:atemp>
            <ns3:hr>160</ns3:hr>
            <ns3:cad>92</ns3:cad>
          </ns3:TrackPointExtension>
        </extensions>
      </trkpt>
      <trkpt lat="34.70113269053399562835693359375" lon="135.22446091286838054656982421875">
        <ele>8.80000019073486328125</ele>
        <time>2026-08-05T21:34:14.000Z</time>
        <extensions>
          <ns3:TrackPointExtension>
            <ns3:atemp>32.0</ns3:atemp>
            <ns3:hr>161</ns3:hr>
            <ns3:cad>93</ns3:cad>
          </ns3:TrackPointExtension>
        </extensions>
      </trkpt>
      <trkpt lat="34.70115699805319309234619140625" lon="135.224445573985576629638671875">
        <ele>8.80000019073486328125</ele>
        <time>2026-08-05T21:34:15.000Z</time>
        <extensions>
          <ns3:TrackPointExtension>
            <ns3:atemp>32.0</ns3:atemp>
            <ns3:hr>161</ns3:hr>
            <ns3:cad>94</ns3:cad>
          </ns3:TrackPointExtension>
        </extensions>
      </trkpt>
      <trkpt lat="34.701184071600437164306640625" lon="135.22443274967372417449951171875">
        <ele>8.80000019073486328125</ele>
        <time>2026-08-05T21:34:16.000Z</time>
        <extensions>
          <ns3:TrackPointExtension>
            <ns3:atemp>32.0</ns3:atemp>
            <ns3:hr>161</ns3:hr>
            <ns3:cad>94</ns3:cad>
          </ns3:TrackPointExtension>
        </extensions>
      </trkpt>
      <trkpt lat="34.70120879821479320526123046875" lon="135.22442202083766460418701171875">
        <ele>8.80000019073486328125</ele>
        <time>2026-08-05T21:34:17.000Z</time>
        <extensions>
          <ns3:TrackPointExtension>
            <ns3:atemp>32.0</ns3:atemp>
            <ns3:hr>162</ns3:hr>
            <ns3:cad>94</ns3:cad>
          </ns3:TrackPointExtension>
        </extensions>
      </trkpt>
      <trkpt lat="34.70123461447656154632568359375" lon="135.22441347129642963409423828125">
        <ele>8.80000019073486328125</ele>
        <time>2026-08-05T21:34:18.000Z</time>
        <extensions>
          <ns3:TrackPointExtension>
            <ns3:atemp>32.0</ns3:atemp>
            <ns3:hr>162</ns3:hr>
            <ns3:cad>93</ns3:cad>
          </ns3:TrackPointExtension>
        </extensions>
      </trkpt>
      <trkpt lat="34.7012596763670444488525390625" lon="135.22440559230744838714599609375">
        <ele>8.80000019073486328125</ele>
        <time>2026-08-05T21:34:19.000Z</time>
        <extensions>
          <ns3:TrackPointExtension>
            <ns3:atemp>32.0</ns3:atemp>
            <ns3:hr>162</ns3:hr>
            <ns3:cad>92</ns3:cad>
          </ns3:TrackPointExtension>
        </extensions>
      </trkpt>
      <trkpt lat="34.70128172077238559722900390625" lon="135.224397294223308563232421875">
        <ele>8.80000019073486328125</ele>
        <time>2026-08-05T21:34:20.000Z</time>
        <extensions>
          <ns3:TrackPointExtension>
            <ns3:atemp>32.0</ns3:atemp>
            <ns3:hr>162</ns3:hr>
            <ns3:cad>91</ns3:cad>
          </ns3:TrackPointExtension>
        </extensions>
      </trkpt>
      <trkpt lat="34.70130669884383678436279296875" lon="135.22438933141529560089111328125">
        <ele>9</ele>
        <time>2026-08-05T21:34:21.000Z</time>
        <extensions>
          <ns3:TrackPointExtension>
            <ns3:atemp>32.0</ns3:atemp>
            <ns3:hr>162</ns3:hr>
            <ns3:cad>91</ns3:cad>
          </ns3:TrackPointExtension>
        </extensions>
      </trkpt>
      <trkpt lat="34.70133000053465366363525390625" lon="135.224380195140838623046875">
        <ele>9</ele>
        <time>2026-08-05T21:34:22.000Z</time>
        <extensions>
          <ns3:TrackPointExtension>
            <ns3:atemp>32.0</ns3:atemp>
            <ns3:hr>162</ns3:hr>
            <ns3:cad>93</ns3:cad>
          </ns3:TrackPointExtension>
        </extensions>
      </trkpt>
      <trkpt lat="34.70135615207254886627197265625" lon="135.22437340579926967620849609375">
        <ele>9</ele>
        <time>2026-08-05T21:34:23.000Z</time>
        <extensions>
          <ns3:TrackPointExtension>
            <ns3:atemp>32.0</ns3:atemp>
            <ns3:hr>163</ns3:hr>
            <ns3:cad>93</ns3:cad>
          </ns3:TrackPointExtension>
        </extensions>
      </trkpt>
      <trkpt lat="34.70137752592563629150390625" lon="135.2243662811815738677978515625">
        <ele>9</ele>
        <time>2026-08-05T21:34:24.000Z</time>
        <extensions>
          <ns3:TrackPointExtension>
            <ns3:atemp>32.0</ns3:atemp>
            <ns3:hr>162</ns3:hr>
            <ns3:cad>92</ns3:cad>
          </ns3:TrackPointExtension>
        </extensions>
      </trkpt>
      <trkpt lat="34.70140300691127777099609375" lon="135.2243592403829097747802734375">
        <ele>9</ele>
        <time>2026-08-05T21:34:25.000Z</time>
        <extensions>
          <ns3:TrackPointExtension>
            <ns3:atemp>32.0</ns3:atemp>
            <ns3:hr>163</ns3:hr>
            <ns3:cad>92</ns3:cad>
          </ns3:TrackPointExtension>
        </extensions>
      </trkpt>
      <trkpt lat="34.70142572186887264251708984375" lon="135.2243521995842456817626953125">
        <ele>9.19999980926513671875</ele>
        <time>2026-08-05T21:34:26.000Z</time>
        <extensions>
          <ns3:TrackPointExtension>
            <ns3:atemp>32.0</ns3:atemp>
            <ns3:hr>163</ns3:hr>
            <ns3:cad>92</ns3:cad>
          </ns3:TrackPointExtension>
        </extensions>
      </trkpt>
      <trkpt lat="34.70145220868289470672607421875" lon="135.22434599697589874267578125">
        <ele>9.6000003814697265625</ele>
        <time>2026-08-05T21:34:27.000Z</time>
        <extensions>
          <ns3:TrackPointExtension>
            <ns3:atemp>32.0</ns3:atemp>
            <ns3:hr>163</ns3:hr>
            <ns3:cad>92</ns3:cad>
          </ns3:TrackPointExtension>
        </extensions>
      </trkpt>
      <trkpt lat="34.70147953368723392486572265625" lon="135.22434054873883724212646484375">
        <ele>9.80000019073486328125</ele>
        <time>2026-08-05T21:34:28.000Z</time>
        <extensions>
          <ns3:TrackPointExtension>
            <ns3:atemp>32.0</ns3:atemp>
            <ns3:hr>163</ns3:hr>
            <ns3:cad>92</ns3:cad>
          </ns3:TrackPointExtension>
        </extensions>
      </trkpt>
      <trkpt lat="34.70150853507220745086669921875" lon="135.22433795034885406494140625">
        <ele>10</ele>
        <time>2026-08-05T21:34:29.000Z</time>
        <extensions>
          <ns3:TrackPointExtension>
            <ns3:atemp>32.0</ns3:atemp>
            <ns3:hr>164</ns3:hr>
            <ns3:cad>92</ns3:cad>
          </ns3:TrackPointExtension>
        </extensions>
      </trkpt>
      <trkpt lat="34.701534770429134368896484375" lon="135.224333591759204864501953125">
        <ele>10.19999980926513671875</ele>
        <time>2026-08-05T21:34:30.000Z</time>
        <extensions>
          <ns3:TrackPointExtension>
            <ns3:atemp>32.0</ns3:atemp>
            <ns3:hr>164</ns3:hr>
            <ns3:cad>92</ns3:cad>
          </ns3:TrackPointExtension>
        </extensions>
      </trkpt>
      <trkpt lat="34.70155455172061920166015625" lon="135.22431381046772003173828125">
        <ele>10.3999996185302734375</ele>
        <time>2026-08-05T21:34:31.000Z</time>
        <extensions>
          <ns3:TrackPointExtension>
            <ns3:atemp>32.0</ns3:atemp>
            <ns3:hr>164</ns3:hr>
            <ns3:cad>91</ns3:cad>
          </ns3:TrackPointExtension>
        </extensions>
      </trkpt>
      <trkpt lat="34.701562263071537017822265625" lon="135.2242844738066196441650390625">
        <ele>10.3999996185302734375</ele>
        <time>2026-08-05T21:34:32.000Z</time>
        <extensions>
          <ns3:TrackPointExtension>
            <ns3:atemp>32.0</ns3:atemp>
            <ns3:hr>165</ns3:hr>
            <ns3:cad>90</ns3:cad>
          </ns3:TrackPointExtension>
        </extensions>
      </trkpt>
      <trkpt lat="34.701563604176044464111328125" lon="135.2242546342313289642333984375">
        <ele>10.3999996185302734375</ele>
        <time>2026-08-05T21:34:33.000Z</time>
        <extensions>
          <ns3:TrackPointExtension>
            <ns3:atemp>32.0</ns3:atemp>
            <ns3:hr>165</ns3:hr>
            <ns3:cad>90</ns3:cad>
          </ns3:TrackPointExtension>
        </extensions>
      </trkpt>
      <trkpt lat="34.70155815593898296356201171875" lon="135.22422538138926029205322265625">
        <ele>10.19999980926513671875</ele>
        <time>2026-08-05T21:34:34.000Z</time>
        <extensions>
          <ns3:TrackPointExtension>
            <ns3:atemp>32.0</ns3:atemp>
            <ns3:hr>165</ns3:hr>
            <ns3:cad>90</ns3:cad>
          </ns3:TrackPointExtension>
        </extensions>
      </trkpt>
      <trkpt lat="34.70154918730258941650390625" lon="135.2241932787001132965087890625">
        <ele>10.19999980926513671875</ele>
        <time>2026-08-05T21:34:35.000Z</time>
        <extensions>
          <ns3:TrackPointExtension>
            <ns3:atemp>32.0</ns3:atemp>
            <ns3:hr>165</ns3:hr>
            <ns3:cad>90</ns3:cad>
          </ns3:TrackPointExtension>
        </extensions>
      </trkpt>
      <trkpt lat="34.70154273323714733123779296875" lon="135.22416293621063232421875">
        <ele>10</ele>
        <time>2026-08-05T21:34:36.000Z</time>
        <extensions>
          <ns3:TrackPointExtension>
            <ns3:atemp>32.0</ns3:atemp>
            <ns3:hr>165</ns3:hr>
            <ns3:cad>91</ns3:cad>
          </ns3:TrackPointExtension>
        </extensions>
      </trkpt>
      <trkpt lat="34.7015366144478321075439453125" lon="135.2241325937211513519287109375">
        <ele>10</ele>
        <time>2026-08-05T21:34:37.000Z</time>
        <extensions>
          <ns3:TrackPointExtension>
            <ns3:atemp>32.0</ns3:atemp>
            <ns3:hr>165</ns3:hr>
            <ns3:cad>92</ns3:cad>
          </ns3:TrackPointExtension>
        </extensions>
      </trkpt>
      <trkpt lat="34.70152948983013629913330078125" lon="135.22410401143133640289306640625">
        <ele>10</ele>
        <time>2026-08-05T21:34:38.000Z</time>
        <extensions>
          <ns3:TrackPointExtension>
            <ns3:atemp>32.0</ns3:atemp>
            <ns3:hr>166</ns3:hr>
            <ns3:cad>92</ns3:cad>
          </ns3:TrackPointExtension>
        </extensions>
      </trkpt>
      <trkpt lat="34.7015235386788845062255859375" lon="135.22407182492315769195556640625">
        <ele>10.19999980926513671875</ele>
        <time>2026-08-05T21:34:39.000Z</time>
        <extensions>
          <ns3:TrackPointExtension>
            <ns3:atemp>32.0</ns3:atemp>
            <ns3:hr>166</ns3:hr>
            <ns3:cad>92</ns3:cad>
          </ns3:TrackPointExtension>
        </extensions>
      </trkpt>
      <trkpt lat="34.7015151567757129669189453125" lon="135.22404047660529613494873046875">
        <ele>10.19999980926513671875</ele>
        <time>2026-08-05T21:34:40.000Z</time>
        <extensions>
          <ns3:TrackPointExtension>
            <ns3:atemp>32.0</ns3:atemp>
            <ns3:hr>166</ns3:hr>
            <ns3:cad>92</ns3:cad>
          </ns3:TrackPointExtension>
        </extensions>
      </trkpt>
      <trkpt lat="34.70150887034833431243896484375" lon="135.22400937974452972412109375">
        <ele>10.3999996185302734375</ele>
        <time>2026-08-05T21:34:41.000Z</time>
        <extensions>
          <ns3:TrackPointExtension>
            <ns3:atemp>32.0</ns3:atemp>
            <ns3:hr>166</ns3:hr>
            <ns3:cad>92</ns3:cad>
          </ns3:TrackPointExtension>
        </extensions>
      </trkpt>
      <trkpt lat="34.70150149427354335784912109375" lon="135.223978199064731597900390625">
        <ele>10.3999996185302734375</ele>
        <time>2026-08-05T21:34:42.000Z</time>
        <extensions>
          <ns3:TrackPointExtension>
            <ns3:atemp>32.0</ns3:atemp>
            <ns3:hr>167</ns3:hr>
            <ns3:cad>92</ns3:cad>
          </ns3:TrackPointExtension>
        </extensions>
      </trkpt>
      <trkpt lat="34.70149328000843524932861328125" lon="135.2239505387842655181884765625">
        <ele>10.3999996185302734375</ele>
        <time>2026-08-05T21:34:43.000Z</time>
        <extensions>
          <ns3:TrackPointExtension>
            <ns3:atemp>32.0</ns3:atemp>
            <ns3:hr>167</ns3:hr>
            <ns3:cad>93</ns3:cad>
          </ns3:TrackPointExtension>
        </extensions>
      </trkpt>
      <trkpt lat="34.70148674212396144866943359375" lon="135.2239193581044673919677734375">
        <ele>10.3999996185302734375</ele>
        <time>2026-08-05T21:34:44.000Z</time>
        <extensions>
          <ns3:TrackPointExtension>
            <ns3:atemp>32.0</ns3:atemp>
            <ns3:hr>167</ns3:hr>
            <ns3:cad>93</ns3:cad>
          </ns3:TrackPointExtension>
        </extensions>
      </trkpt>
      <trkpt lat="34.70148171298205852508544921875" lon="135.22388868033885955810546875">
        <ele>10.3999996185302734375</ele>
        <time>2026-08-05T21:34:45.000Z</time>
        <extensions>
          <ns3:TrackPointExtension>
            <ns3:atemp>32.0</ns3:atemp>
            <ns3:hr>167</ns3:hr>
            <ns3:cad>93</ns3:cad>
          </ns3:TrackPointExtension>
        </extensions>
      </trkpt>
      <trkpt lat="34.7014762647449970245361328125" lon="135.22385909222066402435302734375">
        <ele>10.3999996185302734375</ele>
        <time>2026-08-05T21:34:46.000Z</time>
        <extensions>
          <ns3:TrackPointExtension>
            <ns3:atemp>32.0</ns3:atemp>
            <ns3:hr>167</ns3:hr>
            <ns3:cad>93</ns3:cad>
          </ns3:TrackPointExtension>
        </extensions>
      </trkpt>
      <trkpt lat="34.70147131942212581634521484375" lon="135.223827660083770751953125">
        <ele>10.6000003814697265625</ele>
        <time>2026-08-05T21:34:47.000Z</time>
        <extensions>
          <ns3:TrackPointExtension>
            <ns3:atemp>32.0</ns3:atemp>
            <ns3:hr>167</ns3:hr>
            <ns3:cad>93</ns3:cad>
          </ns3:TrackPointExtension>
        </extensions>
      </trkpt>
      <trkpt lat="34.701468385756015777587890625" lon="135.2237949706614017486572265625">
        <ele>10.6000003814697265625</ele>
        <time>2026-08-05T21:34:48.000Z</time>
        <extensions>
          <ns3:TrackPointExtension>
            <ns3:atemp>32.0</ns3:atemp>
            <ns3:hr>167</ns3:hr>
            <ns3:cad>93</ns3:cad>
          </ns3:TrackPointExtension>
        </extensions>
      </trkpt>
      <trkpt lat="34.70146209932863712310791015625" lon="135.22376756183803081512451171875">
        <ele>10.6000003814697265625</ele>
        <time>2026-08-05T21:34:49.000Z</time>
        <extensions>
          <ns3:TrackPointExtension>
            <ns3:atemp>32.0</ns3:atemp>
            <ns3:hr>167</ns3:hr>
            <ns3:cad>93</ns3:cad>
          </ns3:TrackPointExtension>
        </extensions>
      </trkpt>
      <trkpt lat="34.7014554776251316070556640625" lon="135.22373621352016925811767578125">
        <ele>10.6000003814697265625</ele>
        <time>2026-08-05T21:34:50.000Z</time>
        <extensions>
          <ns3:TrackPointExtension>
            <ns3:atemp>32.0</ns3:atemp>
            <ns3:hr>167</ns3:hr>
            <ns3:cad>94</ns3:cad>
          </ns3:TrackPointExtension>
        </extensions>
      </trkpt>
      <trkpt lat="34.70144927501678466796875" lon="135.2237074635922908782958984375">
        <ele>10.80000019073486328125</ele>
        <time>2026-08-05T21:34:51.000Z</time>
        <extensions>
          <ns3:TrackPointExtension>
            <ns3:atemp>32.0</ns3:atemp>
            <ns3:hr>167</ns3:hr>
            <ns3:cad>93</ns3:cad>
          </ns3:TrackPointExtension>
        </extensions>
      </trkpt>
      <trkpt lat="34.7014424018561840057373046875" lon="135.22367821075022220611572265625">
        <ele>10.80000019073486328125</ele>
        <time>2026-08-05T21:34:52.000Z</time>
        <extensions>
          <ns3:TrackPointExtension>
            <ns3:atemp>32.0</ns3:atemp>
            <ns3:hr>167</ns3:hr>
            <ns3:cad>92</ns3:cad>
          </ns3:TrackPointExtension>
        </extensions>
      </trkpt>
      <trkpt lat="34.70143427141010761260986328125" lon="135.2236491255462169647216796875">
        <ele>10.80000019073486328125</ele>
        <time>2026-08-05T21:34:53.000Z</time>
        <extensions>
          <ns3:TrackPointExtension>
            <ns3:atemp>32.0</ns3:atemp>
            <ns3:hr>168</ns3:hr>
            <ns3:cad>92</ns3:cad>
          </ns3:TrackPointExtension>
        </extensions>
      </trkpt>
      <trkpt lat="34.70142806880176067352294921875" lon="135.22361853159964084625244140625">
        <ele>10.80000019073486328125</ele>
        <time>2026-08-05T21:34:54.000Z</time>
        <extensions>
          <ns3:TrackPointExtension>
            <ns3:atemp>32.0</ns3:atemp>
            <ns3:hr>168</ns3:hr>
            <ns3:cad>92</ns3:cad>
          </ns3:TrackPointExtension>
        </extensions>
      </trkpt>
      <trkpt lat="34.7014222852885723114013671875" lon="135.22358668036758899688720703125">
        <ele>11</ele>
        <time>2026-08-05T21:34:55.000Z</time>
        <extensions>
          <ns3:TrackPointExtension>
            <ns3:atemp>32.0</ns3:atemp>
            <ns3:hr>168</ns3:hr>
            <ns3:cad>93</ns3:cad>
          </ns3:TrackPointExtension>
        </extensions>
      </trkpt>
      <trkpt lat="34.7014115564525127410888671875" lon="135.22355902008712291717529296875">
        <ele>11</ele>
        <time>2026-08-05T21:34:56.000Z</time>
        <extensions>
          <ns3:TrackPointExtension>
            <ns3:atemp>32.0</ns3:atemp>
            <ns3:hr>167</ns3:hr>
            <ns3:cad>93</ns3:cad>
          </ns3:TrackPointExtension>
        </extensions>
      </trkpt>
      <trkpt lat="34.70139957033097743988037109375" lon="135.22353068925440311431884765625">
        <ele>11</ele>
        <time>2026-08-05T21:34:57.000Z</time>
        <extensions>
          <ns3:TrackPointExtension>
            <ns3:atemp>32.0</ns3:atemp>
            <ns3:hr>167</ns3:hr>
            <ns3:cad>93</ns3:cad>
          </ns3:TrackPointExtension>
        </extensions>
      </trkpt>
      <trkpt lat="34.70139252953231334686279296875" lon="135.22350336425006389617919921875">
        <ele>11</ele>
        <time>2026-08-05T21:34:58.000Z</time>
        <extensions>
          <ns3:TrackPointExtension>
            <ns3:atemp>32.0</ns3:atemp>
            <ns3:hr>168</ns3:hr>
            <ns3:cad>92</ns3:cad>
          </ns3:TrackPointExtension>
        </extensions>
      </trkpt>
      <trkpt lat="34.70138733275234699249267578125" lon="135.22347268648445606231689453125">
        <ele>10.80000019073486328125</ele>
        <time>2026-08-05T21:34:59.000Z</time>
        <extensions>
          <ns3:TrackPointExtension>
            <ns3:atemp>32.0</ns3:atemp>
            <ns3:hr>168</ns3:hr>
            <ns3:cad>91</ns3:cad>
          </ns3:TrackPointExtension>
        </extensions>
      </trkpt>
      <trkpt lat="34.70138146542012691497802734375" lon="135.22344368509948253631591796875">
        <ele>10.80000019073486328125</ele>
        <time>2026-08-05T21:35:00.000Z</time>
        <extensions>
          <ns3:TrackPointExtension>
            <ns3:atemp>32.0</ns3:atemp>
            <ns3:hr>167</ns3:hr>
            <ns3:cad>90</ns3:cad>
          </ns3:TrackPointExtension>
        </extensions>
      </trkpt>
      <trkpt lat="34.701373167335987091064453125" lon="135.22341258823871612548828125">
        <ele>10.6000003814697265625</ele>
        <time>2026-08-05T21:35:01.000Z</time>
        <extensions>
          <ns3:TrackPointExtension>
            <ns3:atemp>32.0</ns3:atemp>
            <ns3:hr>167</ns3:hr>
            <ns3:cad>91</ns3:cad>
          </ns3:TrackPointExtension>
        </extensions>
      </trkpt>
      <trkpt lat="34.7013659588992595672607421875" lon="135.2233837544918060302734375">
        <ele>10.6000003814697265625</ele>
        <time>2026-08-05T21:35:02.000Z</time>
        <extensions>
          <ns3:TrackPointExtension>
            <ns3:atemp>32.0</ns3:atemp>
            <ns3:hr>167</ns3:hr>
            <ns3:cad>91</ns3:cad>
          </ns3:TrackPointExtension>
        </extensions>
      </trkpt>
      <trkpt lat="34.70135581679642200469970703125" lon="135.22335483692586421966552734375">
        <ele>10.6000003814697265625</ele>
        <time>2026-08-05T21:35:03.000Z</time>
        <extensions>
          <ns3:TrackPointExtension>
            <ns3:atemp>32.0</ns3:atemp>
            <ns3:hr>166</ns3:hr>
            <ns3:cad>91</ns3:cad>
          </ns3:TrackPointExtension>
        </extensions>
      </trkpt>
      <trkpt lat="34.70134441740810871124267578125" lon="135.22332717664539813995361328125">
        <ele>10.6000003814697265625</ele>
        <time>2026-08-05T21:35:04.000Z</time>
        <extensions>
          <ns3:TrackPointExtension>
            <ns3:atemp>32.0</ns3:atemp>
            <ns3:hr>166</ns3:hr>
            <ns3:cad>91</ns3:cad>
          </ns3:TrackPointExtension>
        </extensions>
      </trkpt>
      <trkpt lat="34.7013357840478420257568359375" lon="135.2232984267175197601318359375">
        <ele>10.6000003814697265625</ele>
        <time>2026-08-05T21:35:05.000Z</time>
        <extensions>
          <ns3:TrackPointExtension>
            <ns3:atemp>32.0</ns3:atemp>
            <ns3:hr>166</ns3:hr>
            <ns3:cad>91</ns3:cad>
          </ns3:TrackPointExtension>
        </extensions>
      </trkpt>
      <trkpt lat="34.7013253904879093170166015625" lon="135.22327118553221225738525390625">
        <ele>10.6000003814697265625</ele>
        <time>2026-08-05T21:35:06.000Z</time>
        <extensions>
          <ns3:TrackPointExtension>
            <ns3:atemp>32.0</ns3:atemp>
            <ns3:hr>166</ns3:hr>
            <ns3:cad>91</ns3:cad>
          </ns3:TrackPointExtension>
        </extensions>
      </trkpt>
      <trkpt lat="34.701320193707942962646484375" lon="135.2232404239475727081298828125">
        <ele>10.6000003814697265625</ele>
        <time>2026-08-05T21:35:07.000Z</time>
        <extensions>
          <ns3:TrackPointExtension>
            <ns3:atemp>32.0</ns3:atemp>
            <ns3:hr>166</ns3:hr>
            <ns3:cad>90</ns3:cad>
          </ns3:TrackPointExtension>
        </extensions>
      </trkpt>
      <trkpt lat="34.7013146616518497467041015625" lon="135.2232147753238677978515625">
        <ele>10.6000003814697265625</ele>
        <time>2026-08-05T21:35:08.000Z</time>
        <extensions>
          <ns3:TrackPointExtension>
            <ns3:atemp>32.0</ns3:atemp>
            <ns3:hr>166</ns3:hr>
            <ns3:cad>90</ns3:cad>
          </ns3:TrackPointExtension>
        </extensions>
      </trkpt>
      <trkpt lat="34.70130954869091510772705078125" lon="135.22318853996694087982177734375">
        <ele>10.6000003814697265625</ele>
        <time>2026-08-05T21:35:09.000Z</time>
        <extensions>
          <ns3:TrackPointExtension>
            <ns3:atemp>32.0</ns3:atemp>
            <ns3:hr>166</ns3:hr>
            <ns3:cad>90</ns3:cad>
          </ns3:TrackPointExtension>
        </extensions>
      </trkpt>
      <trkpt lat="34.70130401663482189178466796875" lon="135.22316372953355312347412109375">
        <ele>10.6000003814697265625</ele>
        <time>2026-08-05T21:35:10.000Z</time>
        <extensions>
          <ns3:TrackPointExtension>
            <ns3:atemp>32.0</ns3:atemp>
            <ns3:hr>166</ns3:hr>
            <ns3:cad>90</ns3:cad>
          </ns3:TrackPointExtension>
        </extensions>
      </trkpt>
      <trkpt lat="34.70129781402647495269775390625" lon="135.223137326538562774658203125">
        <ele>10.6000003814697265625</ele>
        <time>2026-08-05T21:35:11.000Z</time>
        <extensions>
          <ns3:TrackPointExtension>
            <ns3:atemp>32.0</ns3:atemp>
            <ns3:hr>166</ns3:hr>
            <ns3:cad>90</ns3:cad>
          </ns3:TrackPointExtension>
        </extensions>
      </trkpt>
      <trkpt lat="34.70129496417939662933349609375" lon="135.22311444394290447235107421875">
        <ele>10.6000003814697265625</ele>
        <time>2026-08-05T21:35:12.000Z</time>
        <extensions>
          <ns3:TrackPointExtension>
            <ns3:atemp>32.0</ns3:atemp>
            <ns3:hr>166</ns3:hr>
            <ns3:cad>90</ns3:cad>
          </ns3:TrackPointExtension>
        </extensions>
      </trkpt>
      <trkpt lat="34.7012958861887454986572265625" lon="135.223089717328548431396484375">
        <ele>10.6000003814697265625</ele>
        <time>2026-08-05T21:35:13.000Z</time>
        <extensions>
          <ns3:TrackPointExtension>
            <ns3:atemp>32.0</ns3:atemp>
            <ns3:hr>166</ns3:hr>
            <ns3:cad>90</ns3:cad>
          </ns3:TrackPointExtension>
        </extensions>
      </trkpt>
      <trkpt lat="34.7013039328157901763916015625" lon="135.22307337261736392974853515625">
        <ele>10.6000003814697265625</ele>
        <time>2026-08-05T21:35:14.000Z</time>
        <extensions>
          <ns3:TrackPointExtension>
            <ns3:atemp>32.0</ns3:atemp>
            <ns3:hr>166</ns3:hr>
            <ns3:cad>90</ns3:cad>
          </ns3:TrackPointExtension>
        </extensions>
      </trkpt>
      <trkpt lat="34.7013183496892452239990234375" lon="135.22306448780000209808349609375">
        <ele>10.6000003814697265625</ele>
        <time>2026-08-05T21:35:15.000Z</time>
        <extensions>
          <ns3:TrackPointExtension>
            <ns3:atemp>32.0</ns3:atemp>
            <ns3:hr>166</ns3:hr>
            <ns3:cad>89</ns3:cad>
          </ns3:TrackPointExtension>
        </extensions>
      </trkpt>
      <trkpt lat="34.7013379633426666259765625" lon="135.2230600453913211822509765625">
        <ele>10.6000003814697265625</ele>
        <time>2026-08-05T21:35:16.000Z</time>
        <extensions>
          <ns3:TrackPointExtension>
            <ns3:atemp>32.0</ns3:atemp>
            <ns3:hr>166</ns3:hr>
            <ns3:cad>89</ns3:cad>
          </ns3:TrackPointExtension>
        </extensions>
      </trkpt>
      <trkpt lat="34.70135246403515338897705078125" lon="135.2230583690106868743896484375">
        <ele>10.6000003814697265625</ele>
        <time>2026-08-05T21:35:17.000Z</time>
        <extensions>
          <ns3:TrackPointExtension>
            <ns3:atemp>33.0</ns3:atemp>
            <ns3:hr>166</ns3:hr>
            <ns3:cad>88</ns3:cad>
          </ns3:TrackPointExtension>
        </extensions>
      </trkpt>
      <trkpt lat="34.7013696469366550445556640625" lon="135.2230553515255451202392578125">
        <ele>10.80000019073486328125</ele>
        <time>2026-08-05T21:35:18.000Z</time>
        <extensions>
          <ns3:TrackPointExtension>
            <ns3:atemp>32.0</ns3:atemp>
            <ns3:hr>165</ns3:hr>
            <ns3:cad>87</ns3:cad>
          </ns3:TrackPointExtension>
        </extensions>
      </trkpt>
      <trkpt lat="34.7013817168772220611572265625" lon="135.22305007092654705047607421875">
        <ele>11</ele>
        <time>2026-08-05T21:35:19.000Z</time>
        <extensions>
          <ns3:TrackPointExtension>
            <ns3:atemp>33.0</ns3:atemp>
            <ns3:hr>165</ns3:hr>
            <ns3:cad>87</ns3:cad>
          </ns3:TrackPointExtension>
        </extensions>
      </trkpt>
      <trkpt lat="34.70139336772263050079345703125" lon="135.22304101847112178802490234375">
        <ele>11.19999980926513671875</ele>
        <time>2026-08-05T21:35:20.000Z</time>
        <extensions>
          <ns3:TrackPointExtension>
            <ns3:atemp>33.0</ns3:atemp>
            <ns3:hr>165</ns3:hr>
            <ns3:cad>87</ns3:cad>
          </ns3:TrackPointExtension>
        </extensions>
      </trkpt>
      <trkpt lat="34.70142454840242862701416015625" lon="135.22303598932921886444091796875">
        <ele>11.3999996185302734375</ele>
        <time>2026-08-05T21:35:21.000Z</time>
        <extensions>
          <ns3:TrackPointExtension>
            <ns3:atemp>32.0</ns3:atemp>
            <ns3:hr>164</ns3:hr>
            <ns3:cad>87</ns3:cad>
          </ns3:TrackPointExtension>
        </extensions>
      </trkpt>
      <trkpt lat="34.7014578245580196380615234375" lon="135.2230325527489185333251953125">
        <ele>11.3999996185302734375</ele>
        <time>2026-08-05T21:35:22.000Z</time>
        <extensions>
          <ns3:TrackPointExtension>
            <ns3:atemp>33.0</ns3:atemp>
            <ns3:hr>164</ns3:hr>
            <ns3:cad>85</ns3:cad>
          </ns3:TrackPointExtension>
        </extensions>
      </trkpt>
      <trkpt lat="34.70149227418005466461181640625" lon="135.223024003207683563232421875">
        <ele>11.3999996185302734375</ele>
        <time>2026-08-05T21:35:23.000Z</time>
        <extensions>
          <ns3:TrackPointExtension>
            <ns3:atemp>33.0</ns3:atemp>
            <ns3:hr>163</ns3:hr>
            <ns3:cad>85</ns3:cad>
          </ns3:TrackPointExtension>
        </extensions>
      </trkpt>
      <trkpt lat="34.7015284001827239990234375" lon="135.22302593104541301727294921875">
        <ele>11.3999996185302734375</ele>
        <time>2026-08-05T21:35:24.000Z</time>
        <extensions>
          <ns3:TrackPointExtension>
            <ns3:atemp>32.0</ns3:atemp>
            <ns3:hr>163</ns3:hr>
            <ns3:cad>85</ns3:cad>
          </ns3:TrackPointExtension>
        </extensions>
      </trkpt>
      <trkpt lat="34.701560251414775848388671875" lon="135.22304135374724864959716796875">
        <ele>11.19999980926513671875</ele>
        <time>2026-08-05T21:35:25.000Z</time>
        <extensions>
          <ns3:TrackPointExtension>
            <ns3:atemp>33.0</ns3:atemp>
            <ns3:hr>160</ns3:hr>
            <ns3:cad>91</ns3:cad>
          </ns3:TrackPointExtension>
        </extensions>
      </trkpt>
      <trkpt lat="34.70157877542078495025634765625" lon="135.2230674214661121368408203125">
        <ele>11.19999980926513671875</ele>
        <time>2026-08-05T21:35:26.000Z</time>
        <extensions>
          <ns3:TrackPointExtension>
            <ns3:atemp>33.0</ns3:atemp>
            <ns3:hr>160</ns3:hr>
            <ns3:cad>91</ns3:cad>
          </ns3:TrackPointExtension>
        </extensions>
      </trkpt>
      <trkpt lat="34.70159386284649372100830078125" lon="135.2231032960116863250732421875">
        <ele>11</ele>
        <time>2026-08-05T21:35:27.000Z</time>
        <extensions>
          <ns3:TrackPointExtension>
            <ns3:atemp>33.0</ns3:atemp>
            <ns3:hr>161</ns3:hr>
            <ns3:cad>92</ns3:cad>
          </ns3:TrackPointExtension>
        </extensions>
      </trkpt>
      <trkpt lat="34.70160408876836299896240234375" lon="135.223133973777294158935546875">
        <ele>11.19999980926513671875</ele>
        <time>2026-08-05T21:35:28.000Z</time>
        <extensions>
          <ns3:TrackPointExtension>
            <ns3:atemp>33.0</ns3:atemp>
            <ns3:hr>161</ns3:hr>
            <ns3:cad>92</ns3:cad>
          </ns3:TrackPointExtension>
        </extensions>
      </trkpt>
      <trkpt lat="34.70161347649991512298583984375" lon="135.2231669984757900238037109375">
        <ele>11.6000003814697265625</ele>
        <time>2026-08-05T21:35:29.000Z</time>
        <extensions>
          <ns3:TrackPointExtension>
            <ns3:atemp>32.0</ns3:atemp>
            <ns3:hr>162</ns3:hr>
            <ns3:cad>93</ns3:cad>
          </ns3:TrackPointExtension>
        </extensions>
      </trkpt>
      <trkpt lat="34.70162319950759410858154296875" lon="135.223199017345905303955078125">
        <ele>11.80000019073486328125</ele>
        <time>2026-08-05T21:35:30.000Z</time>
        <extensions>
          <ns3:TrackPointExtension>
            <ns3:atemp>33.0</ns3:atemp>
            <ns3:hr>162</ns3:hr>
            <ns3:cad>92</ns3:cad>
          </ns3:TrackPointExtension>
        </extensions>
      </trkpt>
      <trkpt lat="34.70162873156368732452392578125" lon="135.223233215510845184326171875">
        <ele>11.80000019073486328125</ele>
        <time>2026-08-05T21:35:31.000Z</time>
        <extensions>
          <ns3:TrackPointExtension>
            <ns3:atemp>32.0</ns3:atemp>
            <ns3:hr>162</ns3:hr>
            <ns3:cad>92</ns3:cad>
          </ns3:TrackPointExtension>
        </extensions>
      </trkpt>
      <trkpt lat="34.7016378678381443023681640625" lon="135.22326330654323101043701171875">
        <ele>11.80000019073486328125</ele>
        <time>2026-08-05T21:35:32.000Z</time>
        <extensions>
          <ns3:TrackPointExtension>
            <ns3:atemp>32.0</ns3:atemp>
            <ns3:hr>162</ns3:hr>
            <ns3:cad>92</ns3:cad>
          </ns3:TrackPointExtension>
        </extensions>
      </trkpt>
      <trkpt lat="34.7016492672264575958251953125" lon="135.22329725325107574462890625">
        <ele>11.19999980926513671875</ele>
        <time>2026-08-05T21:35:33.000Z</time>
        <extensions>
          <ns3:TrackPointExtension>
            <ns3:atemp>32.0</ns3:atemp>
            <ns3:hr>161</ns3:hr>
            <ns3:cad>92</ns3:cad>
          </ns3:TrackPointExtension>
        </extensions>
      </trkpt>
      <trkpt lat="34.70165739767253398895263671875" lon="135.22332784719765186309814453125">
        <ele>10.3999996185302734375</ele>
        <time>2026-08-05T21:35:34.000Z</time>
        <extensions>
          <ns3:TrackPointExtension>
            <ns3:atemp>32.0</ns3:atemp>
            <ns3:hr>161</ns3:hr>
            <ns3:cad>92</ns3:cad>
          </ns3:TrackPointExtension>
        </extensions>
      </trkpt>
      <trkpt lat="34.701663516461849212646484375" lon="135.22335894405841827392578125">
        <ele>10.3999996185302734375</ele>
        <time>2026-08-05T21:35:35.000Z</time>
        <extensions>
          <ns3:TrackPointExtension>
            <ns3:atemp>32.0</ns3:atemp>
            <ns3:hr>161</ns3:hr>
            <ns3:cad>92</ns3:cad>
          </ns3:TrackPointExtension>
        </extensions>
      </trkpt>
      <trkpt lat="34.70167391002178192138671875" lon="135.2233912982046604156494140625">
        <ele>10.3999996185302734375</ele>
        <time>2026-08-05T21:35:36.000Z</time>
        <extensions>
          <ns3:TrackPointExtension>
            <ns3:atemp>32.0</ns3:atemp>
            <ns3:hr>160</ns3:hr>
            <ns3:cad>92</ns3:cad>
          </ns3:TrackPointExtension>
        </extensions>
      </trkpt>
      <trkpt lat="34.70168237574398517608642578125" lon="135.2234208025038242340087890625">
        <ele>10.3999996185302734375</ele>
        <time>2026-08-05T21:35:37.000Z</time>
        <extensions>
          <ns3:TrackPointExtension>
            <ns3:atemp>32.0</ns3:atemp>
            <ns3:hr>160</ns3:hr>
            <ns3:cad>92</ns3:cad>
          </ns3:TrackPointExtension>
        </extensions>
      </trkpt>
      <trkpt lat="34.70169092528522014617919921875" lon="135.223458521068096160888671875">
        <ele>10.3999996185302734375</ele>
        <time>2026-08-05T21:35:38.000Z</time>
        <extensions>
          <ns3:TrackPointExtension>
            <ns3:atemp>32.0</ns3:atemp>
            <ns3:hr>160</ns3:hr>
            <ns3:cad>92</ns3:cad>
          </ns3:TrackPointExtension>
        </extensions>
      </trkpt>
      <trkpt lat="34.7016992233693599700927734375" lon="135.22349297069013118743896484375">
        <ele>10.3999996185302734375</ele>
        <time>2026-08-05T21:35:39.000Z</time>
        <extensions>
          <ns3:TrackPointExtension>
            <ns3:atemp>32.0</ns3:atemp>
            <ns3:hr>160</ns3:hr>
            <ns3:cad>92</ns3:cad>
          </ns3:TrackPointExtension>
        </extensions>
      </trkpt>
      <trkpt lat="34.7017092816531658172607421875" lon="135.22352658212184906005859375">
        <ele>10.3999996185302734375</ele>
        <time>2026-08-05T21:35:40.000Z</time>
        <extensions>
          <ns3:TrackPointExtension>
            <ns3:atemp>32.0</ns3:atemp>
            <ns3:hr>160</ns3:hr>
            <ns3:cad>92</ns3:cad>
          </ns3:TrackPointExtension>
        </extensions>
      </trkpt>
      <trkpt lat="34.7017186693847179412841796875" lon="135.22356069646775722503662109375">
        <ele>10.19999980926513671875</ele>
        <time>2026-08-05T21:35:41.000Z</time>
        <extensions>
          <ns3:TrackPointExtension>
            <ns3:atemp>32.0</ns3:atemp>
            <ns3:hr>160</ns3:hr>
            <ns3:cad>92</ns3:cad>
          </ns3:TrackPointExtension>
        </extensions>
      </trkpt>
      <trkpt lat="34.70172730274498462677001953125" lon="135.22359539754688739776611328125">
        <ele>10.19999980926513671875</ele>
        <time>2026-08-05T21:35:42.000Z</time>
        <extensions>
          <ns3:TrackPointExtension>
            <ns3:atemp>32.0</ns3:atemp>
            <ns3:hr>160</ns3:hr>
            <ns3:cad>92</ns3:cad>
          </ns3:TrackPointExtension>
        </extensions>
      </trkpt>
      <trkpt lat="34.70173518173396587371826171875" lon="135.22362892515957355499267578125">
        <ele>10.19999980926513671875</ele>
        <time>2026-08-05T21:35:43.000Z</time>
        <extensions>
          <ns3:TrackPointExtension>
            <ns3:atemp>32.0</ns3:atemp>
            <ns3:hr>161</ns3:hr>
            <ns3:cad>92</ns3:cad>
          </ns3:TrackPointExtension>
        </extensions>
      </trkpt>
      <trkpt lat="34.70174339599907398223876953125" lon="135.22366329096257686614990234375">
        <ele>10</ele>
        <time>2026-08-05T21:35:44.000Z</time>
        <extensions>
          <ns3:TrackPointExtension>
            <ns3:atemp>32.0</ns3:atemp>
            <ns3:hr>161</ns3:hr>
            <ns3:cad>92</ns3:cad>
          </ns3:TrackPointExtension>
        </extensions>
      </trkpt>
      <trkpt lat="34.70175261609256267547607421875" lon="135.223698578774929046630859375">
        <ele>9.80000019073486328125</ele>
        <time>2026-08-05T21:35:45.000Z</time>
        <extensions>
          <ns3:TrackPointExtension>
            <ns3:atemp>32.0</ns3:atemp>
            <ns3:hr>161</ns3:hr>
            <ns3:cad>92</ns3:cad>
          </ns3:TrackPointExtension>
        </extensions>
      </trkpt>
      <trkpt lat="34.70176217146217823028564453125" lon="135.22373235784471035003662109375">
        <ele>9.80000019073486328125</ele>
        <time>2026-08-05T21:35:46.000Z</time>
        <extensions>
          <ns3:TrackPointExtension>
            <ns3:atemp>32.0</ns3:atemp>
            <ns3:hr>161</ns3:hr>
            <ns3:cad>92</ns3:cad>
          </ns3:TrackPointExtension>
        </extensions>
      </trkpt>
      <trkpt lat="34.70176954753696918487548828125" lon="135.223768316209316253662109375">
        <ele>9.80000019073486328125</ele>
        <time>2026-08-05T21:35:47.000Z</time>
        <extensions>
          <ns3:TrackPointExtension>
            <ns3:atemp>32.0</ns3:atemp>
            <ns3:hr>161</ns3:hr>
            <ns3:cad>92</ns3:cad>
          </ns3:TrackPointExtension>
        </extensions>
      </trkpt>
      <trkpt lat="34.7017749957740306854248046875" lon="135.223801173269748687744140625">
        <ele>9.80000019073486328125</ele>
        <time>2026-08-05T21:35:48.000Z</time>
        <extensions>
          <ns3:TrackPointExtension>
            <ns3:atemp>32.0</ns3:atemp>
            <ns3:hr>161</ns3:hr>
            <ns3:cad>93</ns3:cad>
          </ns3:TrackPointExtension>
        </extensions>
      </trkpt>
      <trkpt lat="34.70178027637302875518798828125" lon="135.22383511997759342193603515625">
        <ele>9.6000003814697265625</ele>
        <time>2026-08-05T21:35:49.000Z</time>
        <extensions>
          <ns3:TrackPointExtension>
            <ns3:atemp>32.0</ns3:atemp>
            <ns3:hr>160</ns3:hr>
            <ns3:cad>93</ns3:cad>
          </ns3:TrackPointExtension>
        </extensions>
      </trkpt>
      <trkpt lat="34.7017877362668514251708984375" lon="135.2238650433719158172607421875">
        <ele>9.6000003814697265625</ele>
        <time>2026-08-05T21:35:50.000Z</time>
        <extensions>
          <ns3:TrackPointExtension>
            <ns3:atemp>32.0</ns3:atemp>
            <ns3:hr>161</ns3:hr>
            <ns3:cad>93</ns3:cad>
          </ns3:TrackPointExtension>
        </extensions>
      </trkpt>
      <trkpt lat="34.70179720781743526458740234375" lon="135.22389949299395084381103515625">
        <ele>9.6000003814697265625</ele>
        <time>2026-08-05T21:35:51.000Z</time>
        <extensions>
          <ns3:TrackPointExtension>
            <ns3:atemp>32.0</ns3:atemp>
            <ns3:hr>161</ns3:hr>
            <ns3:cad>93</ns3:cad>
          </ns3:TrackPointExtension>
        </extensions>
      </trkpt>
      <trkpt lat="34.7018048353493213653564453125" lon="135.2239294163882732391357421875">
        <ele>9.6000003814697265625</ele>
        <time>2026-08-05T21:35:52.000Z</time>
        <extensions>
          <ns3:TrackPointExtension>
            <ns3:atemp>32.0</ns3:atemp>
            <ns3:hr>161</ns3:hr>
            <ns3:cad>93</ns3:cad>
          </ns3:TrackPointExtension>
        </extensions>
      </trkpt>
      <trkpt lat="34.70180927775800228118896484375" lon="135.2239631116390228271484375">
        <ele>9.3999996185302734375</ele>
        <time>2026-08-05T21:35:53.000Z</time>
        <extensions>
          <ns3:TrackPointExtension>
            <ns3:atemp>32.0</ns3:atemp>
            <ns3:hr>162</ns3:hr>
            <ns3:cad>93</ns3:cad>
          </ns3:TrackPointExtension>
        </extensions>
      </trkpt>
      <trkpt lat="34.701815061271190643310546875" lon="135.22399420849978923797607421875">
        <ele>9.19999980926513671875</ele>
        <time>2026-08-05T21:35:54.000Z</time>
        <extensions>
          <ns3:TrackPointExtension>
            <ns3:atemp>32.0</ns3:atemp>
            <ns3:hr>162</ns3:hr>
            <ns3:cad>93</ns3:cad>
          </ns3:TrackPointExtension>
        </extensions>
      </trkpt>
      <trkpt lat="34.70182151533663272857666015625" lon="135.2240246348083019256591796875">
        <ele>9.3999996185302734375</ele>
        <time>2026-08-05T21:35:55.000Z</time>
        <extensions>
          <ns3:TrackPointExtension>
            <ns3:atemp>32.0</ns3:atemp>
            <ns3:hr>162</ns3:hr>
            <ns3:cad>94</ns3:cad>
          </ns3:TrackPointExtension>
        </extensions>
      </trkpt>
      <trkpt lat="34.70182738266885280609130859375" lon="135.2240531332790851593017578125">
        <ele>9.6000003814697265625</ele>
        <time>2026-08-05T21:35:56.000Z</time>
        <extensions>
          <ns3:TrackPointExtension>
            <ns3:atemp>32.0</ns3:atemp>
            <ns3:hr>162</ns3:hr>
            <ns3:cad>94</ns3:cad>
          </ns3:TrackPointExtension>
        </extensions>
      </trkpt>
      <trkpt lat="34.7018340043723583221435546875" lon="135.22408138029277324676513671875">
        <ele>9.6000003814697265625</ele>
        <time>2026-08-05T21:35:57.000Z</time>
        <extensions>
          <ns3:TrackPointExtension>
            <ns3:atemp>32.0</ns3:atemp>
            <ns3:hr>162</ns3:hr>
            <ns3:cad>92</ns3:cad>
          </ns3:TrackPointExtension>
        </extensions>
      </trkpt>
      <trkpt lat="34.70184112899005413055419921875" lon="135.22411474026739597320556640625">
        <ele>10</ele>
        <time>2026-08-05T21:35:58.000Z</time>
        <extensions>
          <ns3:TrackPointExtension>
            <ns3:atemp>32.0</ns3:atemp>
            <ns3:hr>162</ns3:hr>
            <ns3:cad>92</ns3:cad>
          </ns3:TrackPointExtension>
        </extensions>
      </trkpt>
      <trkpt lat="34.7018443979322910308837890625" lon="135.22414080798625946044921875">
        <ele>10.3999996185302734375</ele>
        <time>2026-08-05T21:35:59.000Z</time>
        <extensions>
          <ns3:TrackPointExtension>
            <ns3:atemp>32.0</ns3:atemp>
            <ns3:hr>163</ns3:hr>
            <ns3:cad>93</ns3:cad>
          </ns3:TrackPointExtension>
        </extensions>
      </trkpt>
      <trkpt lat="34.70184833742678165435791015625" lon="135.22417458705604076385498046875">
        <ele>10.3999996185302734375</ele>
        <time>2026-08-05T21:36:00.000Z</time>
        <extensions>
          <ns3:TrackPointExtension>
            <ns3:atemp>32.0</ns3:atemp>
            <ns3:hr>163</ns3:hr>
            <ns3:cad>93</ns3:cad>
          </ns3:TrackPointExtension>
        </extensions>
      </trkpt>
      <trkpt lat="34.7018561325967311859130859375" lon="135.2242030017077922821044921875">
        <ele>10.3999996185302734375</ele>
        <time>2026-08-05T21:36:01.000Z</time>
        <extensions>
          <ns3:TrackPointExtension>
            <ns3:atemp>32.0</ns3:atemp>
            <ns3:hr>163</ns3:hr>
            <ns3:cad>93</ns3:cad>
          </ns3:TrackPointExtension>
        </extensions>
      </trkpt>
      <trkpt lat="34.70186032354831695556640625" lon="135.2242365293204784393310546875">
        <ele>10.3999996185302734375</ele>
        <time>2026-08-05T21:36:02.000Z</time>
        <extensions>
          <ns3:TrackPointExtension>
            <ns3:atemp>32.0</ns3:atemp>
            <ns3:hr>164</ns3:hr>
            <ns3:cad>93</ns3:cad>
          </ns3:TrackPointExtension>
        </extensions>
      </trkpt>
      <trkpt lat="34.7018645144999027252197265625" lon="135.2242640219628810882568359375">
        <ele>10.3999996185302734375</ele>
        <time>2026-08-05T21:36:03.000Z</time>
        <extensions>
          <ns3:TrackPointExtension>
            <ns3:atemp>32.0</ns3:atemp>
            <ns3:hr>164</ns3:hr>
            <ns3:cad>93</ns3:cad>
          </ns3:TrackPointExtension>
        </extensions>
      </trkpt>
      <trkpt lat="34.7018749080598354339599609375" lon="135.2242928557097911834716796875">
        <ele>10.3999996185302734375</ele>
        <time>2026-08-05T21:36:04.000Z</time>
        <extensions>
          <ns3:TrackPointExtension>
            <ns3:atemp>32.0</ns3:atemp>
            <ns3:hr>164</ns3:hr>
            <ns3:cad>93</ns3:cad>
          </ns3:TrackPointExtension>
        </extensions>
      </trkpt>
      <trkpt lat="34.70189074985682964324951171875" lon="135.22431490011513233184814453125">
        <ele>10.19999980926513671875</ele>
        <time>2026-08-05T21:36:05.000Z</time>
        <extensions>
          <ns3:TrackPointExtension>
            <ns3:atemp>32.0</ns3:atemp>
            <ns3:hr>164</ns3:hr>
            <ns3:cad>92</ns3:cad>
          </ns3:TrackPointExtension>
        </extensions>
      </trkpt>
      <trkpt lat="34.70191203989088535308837890625" lon="135.2243297360837459564208984375">
        <ele>10.19999980926513671875</ele>
        <time>2026-08-05T21:36:06.000Z</time>
        <extensions>
          <ns3:TrackPointExtension>
            <ns3:atemp>32.0</ns3:atemp>
            <ns3:hr>164</ns3:hr>
            <ns3:cad>92</ns3:cad>
          </ns3:TrackPointExtension>
        </extensions>
      </trkpt>
      <trkpt lat="34.70193316228687763214111328125" lon="135.22433451376855373382568359375">
        <ele>10.19999980926513671875</ele>
        <time>2026-08-05T21:36:07.000Z</time>
        <extensions>
          <ns3:TrackPointExtension>
            <ns3:atemp>32.0</ns3:atemp>
            <ns3:hr>164</ns3:hr>
            <ns3:cad>92</ns3:cad>
          </ns3:TrackPointExtension>
        </extensions>
      </trkpt>
      <trkpt lat="34.70195562578737735748291015625" lon="135.2243401296436786651611328125">
        <ele>10.3999996185302734375</ele>
        <time>2026-08-05T21:36:08.000Z</time>
        <extensions>
          <ns3:TrackPointExtension>
            <ns3:atemp>32.0</ns3:atemp>
            <ns3:hr>164</ns3:hr>
            <ns3:cad>91</ns3:cad>
          </ns3:TrackPointExtension>
        </extensions>
      </trkpt>
      <trkpt lat="34.701977334916591644287109375" lon="135.2243434824049472808837890625">
        <ele>10.3999996185302734375</ele>
        <time>2026-08-05T21:36:09.000Z</time>
        <extensions>
          <ns3:TrackPointExtension>
            <ns3:atemp>32.0</ns3:atemp>
            <ns3:hr>164</ns3:hr>
            <ns3:cad>90</ns3:cad>
          </ns3:TrackPointExtension>
        </extensions>
      </trkpt>
      <trkpt lat="34.70200155861675739288330078125" lon="135.224347002804279327392578125">
        <ele>10.3999996185302734375</ele>
        <time>2026-08-05T21:36:10.000Z</time>
        <extensions>
          <ns3:TrackPointExtension>
            <ns3:atemp>32.0</ns3:atemp>
            <ns3:hr>164</ns3:hr>
            <ns3:cad>90</ns3:cad>
          </ns3:TrackPointExtension>
        </extensions>
      </trkpt>
      <trkpt lat="34.70202519558370113372802734375" lon="135.22435446269810199737548828125">
        <ele>10.6000003814697265625</ele>
        <time>2026-08-05T21:36:11.000Z</time>
        <extensions>
          <ns3:TrackPointExtension>
            <ns3:atemp>32.0</ns3:atemp>
            <ns3:hr>164</ns3:hr>
            <ns3:cad>90</ns3:cad>
          </ns3:TrackPointExtension>
        </extensions>
      </trkpt>
      <trkpt lat="34.70205017365515232086181640625" lon="135.22436334751546382904052734375">
        <ele>10.6000003814697265625</ele>
        <time>2026-08-05T21:36:12.000Z</time>
        <extensions>
          <ns3:TrackPointExtension>
            <ns3:atemp>32.0</ns3:atemp>
            <ns3:hr>164</ns3:hr>
            <ns3:cad>90</ns3:cad>
          </ns3:TrackPointExtension>
        </extensions>
      </trkpt>
      <trkpt lat="34.7020747326314449310302734375" lon="135.224365778267383575439453125">
        <ele>10.80000019073486328125</ele>
        <time>2026-08-05T21:36:13.000Z</time>
        <extensions>
          <ns3:TrackPointExtension>
            <ns3:atemp>32.0</ns3:atemp>
            <ns3:hr>164</ns3:hr>
            <ns3:cad>90</ns3:cad>
          </ns3:TrackPointExtension>
        </extensions>
      </trkpt>
      <trkpt lat="34.702098704874515533447265625" lon="135.22437474690377712249755859375">
        <ele>10.80000019073486328125</ele>
        <time>2026-08-05T21:36:14.000Z</time>
        <extensions>
          <ns3:TrackPointExtension>
            <ns3:atemp>32.0</ns3:atemp>
            <ns3:hr>164</ns3:hr>
            <ns3:cad>90</ns3:cad>
          </ns3:TrackPointExtension>
        </extensions>
      </trkpt>
      <trkpt lat="34.70212292857468128204345703125" lon="135.2243833802640438079833984375">
        <ele>11</ele>
        <time>2026-08-05T21:36:15.000Z</time>
        <extensions>
          <ns3:TrackPointExtension>
            <ns3:atemp>32.0</ns3:atemp>
            <ns3:hr>164</ns3:hr>
            <ns3:cad>90</ns3:cad>
          </ns3:TrackPointExtension>
        </extensions>
      </trkpt>
      <trkpt lat="34.70214757137000560760498046875" lon="135.2243900857865810394287109375">
        <ele>11</ele>
        <time>2026-08-05T21:36:16.000Z</time>
        <extensions>
          <ns3:TrackPointExtension>
            <ns3:atemp>32.0</ns3:atemp>
            <ns3:hr>164</ns3:hr>
            <ns3:cad>90</ns3:cad>
          </ns3:TrackPointExtension>
        </extensions>
      </trkpt>
      <trkpt lat="34.70217280089855194091796875" lon="135.22439754568040370941162109375">
        <ele>11</ele>
        <time>2026-08-05T21:36:17.000Z</time>
        <extensions>
          <ns3:TrackPointExtension>
            <ns3:atemp>32.0</ns3:atemp>
            <ns3:hr>164</ns3:hr>
            <ns3:cad>90</ns3:cad>
          </ns3:TrackPointExtension>
        </extensions>
      </trkpt>
      <trkpt lat="34.7021977789700031280517578125" lon="135.22440232336521148681640625">
        <ele>11.19999980926513671875</ele>
        <time>2026-08-05T21:36:18.000Z</time>
        <extensions>
          <ns3:TrackPointExtension>
            <ns3:atemp>32.0</ns3:atemp>
            <ns3:hr>164</ns3:hr>
            <ns3:cad>90</ns3:cad>
          </ns3:TrackPointExtension>
        </extensions>
      </trkpt>
      <trkpt lat="34.70222451724112033843994140625" lon="135.22440911270678043365478515625">
        <ele>11.3999996185302734375</ele>
        <time>2026-08-05T21:36:19.000Z</time>
        <extensions>
          <ns3:TrackPointExtension>
            <ns3:atemp>32.0</ns3:atemp>
            <ns3:hr>164</ns3:hr>
            <ns3:cad>92</ns3:cad>
          </ns3:TrackPointExtension>
        </extensions>
      </trkpt>
      <trkpt lat="34.70224798657000064849853515625" lon="135.224418751895427703857421875">
        <ele>11.6000003814697265625</ele>
        <time>2026-08-05T21:36:20.000Z</time>
        <extensions>
          <ns3:TrackPointExtension>
            <ns3:atemp>32.0</ns3:atemp>
            <ns3:hr>164</ns3:hr>
            <ns3:cad>92</ns3:cad>
          </ns3:TrackPointExtension>
        </extensions>
      </trkpt>
      <trkpt lat="34.70227296464145183563232421875" lon="135.2244319953024387359619140625">
        <ele>11.80000019073486328125</ele>
        <time>2026-08-05T21:36:21.000Z</time>
        <extensions>
          <ns3:TrackPointExtension>
            <ns3:atemp>32.0</ns3:atemp>
            <ns3:hr>164</ns3:hr>
            <ns3:cad>92</ns3:cad>
          </ns3:TrackPointExtension>
        </extensions>
      </trkpt>
      <trkpt lat="34.70229458995163440704345703125" lon="135.22444649599492549896240234375">
        <ele>12</ele>
        <time>2026-08-05T21:36:22.000Z</time>
        <extensions>
          <ns3:TrackPointExtension>
            <ns3:atemp>32.0</ns3:atemp>
            <ns3:hr>164</ns3:hr>
            <ns3:cad>91</ns3:cad>
          </ns3:TrackPointExtension>
        </extensions>
      </trkpt>
      <trkpt lat="34.702316634356975555419921875" lon="135.22446225397288799285888671875">
        <ele>12.19999980926513671875</ele>
        <time>2026-08-05T21:36:23.000Z</time>
        <extensions>
          <ns3:TrackPointExtension>
            <ns3:atemp>32.0</ns3:atemp>
            <ns3:hr>165</ns3:hr>
            <ns3:cad>91</ns3:cad>
          </ns3:TrackPointExtension>
        </extensions>
      </trkpt>
      <trkpt lat="34.70233700238168239593505859375" lon="135.22447717376053333282470703125">
        <ele>12.19999980926513671875</ele>
        <time>2026-08-05T21:36:24.000Z</time>
        <extensions>
          <ns3:TrackPointExtension>
            <ns3:atemp>32.0</ns3:atemp>
            <ns3:hr>165</ns3:hr>
            <ns3:cad>92</ns3:cad>
          </ns3:TrackPointExtension>
        </extensions>
      </trkpt>
      <trkpt lat="34.7023550234735012054443359375" lon="135.22449075244367122650146484375">
        <ele>12.3999996185302734375</ele>
        <time>2026-08-05T21:36:25.000Z</time>
        <extensions>
          <ns3:TrackPointExtension>
            <ns3:atemp>32.0</ns3:atemp>
            <ns3:hr>165</ns3:hr>
            <ns3:cad>92</ns3:cad>
          </ns3:TrackPointExtension>
        </extensions>
      </trkpt>
      <trkpt lat="34.702373631298542022705078125" lon="135.2245054207742214202880859375">
        <ele>12.3999996185302734375</ele>
        <time>2026-08-05T21:36:26.000Z</time>
        <extensions>
          <ns3:TrackPointExtension>
            <ns3:atemp>32.0</ns3:atemp>
            <ns3:hr>165</ns3:hr>
            <ns3:cad>90</ns3:cad>
          </ns3:TrackPointExtension>
        </extensions>
      </trkpt>
      <trkpt lat="34.702393077313899993896484375" lon="135.2245211787521839141845703125">
        <ele>12.3999996185302734375</ele>
        <time>2026-08-05T21:36:27.000Z</time>
        <extensions>
          <ns3:TrackPointExtension>
            <ns3:atemp>32.0</ns3:atemp>
            <ns3:hr>166</ns3:hr>
            <ns3:cad>90</ns3:cad>
          </ns3:TrackPointExtension>
        </extensions>
      </trkpt>
      <trkpt lat="34.7024096734821796417236328125" lon="135.22453685291111469268798828125">
        <ele>12.6000003814697265625</ele>
        <time>2026-08-05T21:36:28.000Z</time>
        <extensions>
          <ns3:TrackPointExtension>
            <ns3:atemp>32.0</ns3:atemp>
            <ns3:hr>166</ns3:hr>
            <ns3:cad>90</ns3:cad>
          </ns3:TrackPointExtension>
        </extensions>
      </trkpt>
      <trkpt lat="34.70242786221206188201904296875" lon="135.22455462254583835601806640625">
        <ele>12.6000003814697265625</ele>
        <time>2026-08-05T21:36:29.000Z</time>
        <extensions>
          <ns3:TrackPointExtension>
            <ns3:atemp>32.0</ns3:atemp>
            <ns3:hr>166</ns3:hr>
            <ns3:cad>89</ns3:cad>
          </ns3:TrackPointExtension>
        </extensions>
      </trkpt>
      <trkpt lat="34.70244613476097583770751953125" lon="135.2245721407234668731689453125">
        <ele>12.80000019073486328125</ele>
        <time>2026-08-05T21:36:30.000Z</time>
        <extensions>
          <ns3:TrackPointExtension>
            <ns3:atemp>32.0</ns3:atemp>
            <ns3:hr>165</ns3:hr>
            <ns3:cad>89</ns3:cad>
          </ns3:TrackPointExtension>
        </extensions>
      </trkpt>
      <trkpt lat="34.7024609707295894622802734375" lon="135.22459032945334911346435546875">
        <ele>13</ele>
        <time>2026-08-05T21:36:31.000Z</time>
        <extensions>
          <ns3:TrackPointExtension>
            <ns3:atemp>32.0</ns3:atemp>
            <ns3:hr>165</ns3:hr>
            <ns3:cad>89</ns3:cad>
          </ns3:TrackPointExtension>
        </extensions>
      </trkpt>
      <trkpt lat="34.70247454941272735595703125" lon="135.22460893727838993072509765625">
        <ele>13.19999980926513671875</ele>
        <time>2026-08-05T21:36:32.000Z</time>
        <extensions>
          <ns3:TrackPointExtension>
            <ns3:atemp>32.0</ns3:atemp>
            <ns3:hr>166</ns3:hr>
            <ns3:cad>89</ns3:cad>
          </ns3:TrackPointExtension>
        </extensions>
      </trkpt>
      <trkpt lat="34.70248837955296039581298828125" lon="135.22462788037955760955810546875">
        <ele>13.3999996185302734375</ele>
        <time>2026-08-05T21:36:33.000Z</time>
        <extensions>
          <ns3:TrackPointExtension>
            <ns3:atemp>32.0</ns3:atemp>
            <ns3:hr>166</ns3:hr>
            <ns3:cad>89</ns3:cad>
          </ns3:TrackPointExtension>
        </extensions>
      </trkpt>
      <trkpt lat="34.702501706779003143310546875" lon="135.224649421870708465576171875">
        <ele>13.6000003814697265625</ele>
        <time>2026-08-05T21:36:34.000Z</time>
        <extensions>
          <ns3:TrackPointExtension>
            <ns3:atemp>32.0</ns3:atemp>
            <ns3:hr>166</ns3:hr>
            <ns3:cad>90</ns3:cad>
          </ns3:TrackPointExtension>
        </extensions>
      </trkpt>
      <trkpt lat="34.702518470585346221923828125" lon="135.2246650122106075286865234375">
        <ele>13.6000003814697265625</ele>
        <time>2026-08-05T21:36:35.000Z</time>
        <extensions>
          <ns3:TrackPointExtension>
            <ns3:atemp>32.0</ns3:atemp>
            <ns3:hr>166</ns3:hr>
            <ns3:cad>90</ns3:cad>
          </ns3:TrackPointExtension>
        </extensions>
      </trkpt>
      <trkpt lat="34.70253213308751583099365234375" lon="135.22468219511210918426513671875">
        <ele>13.6000003814697265625</ele>
        <time>2026-08-05T21:36:36.000Z</time>
        <extensions>
          <ns3:TrackPointExtension>
            <ns3:atemp>32.0</ns3:atemp>
            <ns3:hr>166</ns3:hr>
            <ns3:cad>90</ns3:cad>
          </ns3:TrackPointExtension>
        </extensions>
      </trkpt>
      <trkpt lat="34.70254470594227313995361328125" lon="135.22470214404165744781494140625">
        <ele>13.80000019073486328125</ele>
        <time>2026-08-05T21:36:37.000Z</time>
        <extensions>
          <ns3:TrackPointExtension>
            <ns3:atemp>32.0</ns3:atemp>
            <ns3:hr>166</ns3:hr>
            <ns3:cad>90</ns3:cad>
          </ns3:TrackPointExtension>
        </extensions>
      </trkpt>
      <trkpt lat="34.702558033168315887451171875" lon="135.224723182618618011474609375">
        <ele>13.80000019073486328125</ele>
        <time>2026-08-05T21:36:38.000Z</time>
        <extensions>
          <ns3:TrackPointExtension>
            <ns3:atemp>32.0</ns3:atemp>
            <ns3:hr>167</ns3:hr>
            <ns3:cad>90</ns3:cad>
          </ns3:TrackPointExtension>
        </extensions>
      </trkpt>
      <trkpt lat="34.7025699354708194732666015625" lon="135.22474874742329120635986328125">
        <ele>14</ele>
        <time>2026-08-05T21:36:39.000Z</time>
        <extensions>
          <ns3:TrackPointExtension>
            <ns3:atemp>32.0</ns3:atemp>
            <ns3:hr>167</ns3:hr>
            <ns3:cad>91</ns3:cad>
          </ns3:TrackPointExtension>
        </extensions>
      </trkpt>
      <trkpt lat="34.70258049666881561279296875" lon="135.2247719652950763702392578125">
        <ele>14.19999980926513671875</ele>
        <time>2026-08-05T21:36:40.000Z</time>
        <extensions>
          <ns3:TrackPointExtension>
            <ns3:atemp>32.0</ns3:atemp>
            <ns3:hr>167</ns3:hr>
            <ns3:cad>91</ns3:cad>
          </ns3:TrackPointExtension>
        </extensions>
      </trkpt>
      <trkpt lat="34.70259013585746288299560546875" lon="135.224797613918781280517578125">
        <ele>14.3999996185302734375</ele>
        <time>2026-08-05T21:36:41.000Z</time>
        <extensions>
          <ns3:TrackPointExtension>
            <ns3:atemp>32.0</ns3:atemp>
            <ns3:hr>167</ns3:hr>
            <ns3:cad>89</ns3:cad>
          </ns3:TrackPointExtension>
        </extensions>
      </trkpt>
      <trkpt lat="34.702600948512554168701171875" lon="135.22482217289507389068603515625">
        <ele>14.6000003814697265625</ele>
        <time>2026-08-05T21:36:42.000Z</time>
        <extensions>
          <ns3:TrackPointExtension>
            <ns3:atemp>32.0</ns3:atemp>
            <ns3:hr>167</ns3:hr>
            <ns3:cad>89</ns3:cad>
          </ns3:TrackPointExtension>
        </extensions>
      </trkpt>
      <trkpt lat="34.7026125155389308929443359375" lon="135.22484497167170047760009765625">
        <ele>14.80000019073486328125</ele>
        <time>2026-08-05T21:36:43.000Z</time>
        <extensions>
          <ns3:TrackPointExtension>
            <ns3:atemp>32.0</ns3:atemp>
            <ns3:hr>167</ns3:hr>
            <ns3:cad>89</ns3:cad>
          </ns3:TrackPointExtension>
        </extensions>
      </trkpt>
      <trkpt lat="34.70262265764176845550537109375" lon="135.2248670160770416259765625">
        <ele>14.80000019073486328125</ele>
        <time>2026-08-05T21:36:44.000Z</time>
        <extensions>
          <ns3:TrackPointExtension>
            <ns3:atemp>32.0</ns3:atemp>
            <ns3:hr>166</ns3:hr>
            <ns3:cad>88</ns3:cad>
          </ns3:TrackPointExtension>
        </extensions>
      </trkpt>
      <trkpt lat="34.70263405703008174896240234375" lon="135.22488671354949474334716796875">
        <ele>15</ele>
        <time>2026-08-05T21:36:45.000Z</time>
        <extensions>
          <ns3:TrackPointExtension>
            <ns3:atemp>32.0</ns3:atemp>
            <ns3:hr>167</ns3:hr>
            <ns3:cad>88</ns3:cad>
          </ns3:TrackPointExtension>
        </extensions>
      </trkpt>
      <trkpt lat="34.70264218747615814208984375" lon="135.2249127812683582305908203125">
        <ele>15</ele>
        <time>2026-08-05T21:36:46.000Z</time>
        <extensions>
          <ns3:TrackPointExtension>
            <ns3:atemp>33.0</ns3:atemp>
            <ns3:hr>167</ns3:hr>
            <ns3:cad>89</ns3:cad>
          </ns3:TrackPointExtension>
        </extensions>
      </trkpt>
      <trkpt lat="34.70265115611255168914794921875" lon="135.22493817843496799468994140625">
        <ele>15.19999980926513671875</ele>
        <time>2026-08-05T21:36:47.000Z</time>
        <extensions>
          <ns3:TrackPointExtension>
            <ns3:atemp>33.0</ns3:atemp>
            <ns3:hr>167</ns3:hr>
            <ns3:cad>89</ns3:cad>
          </ns3:TrackPointExtension>
        </extensions>
      </trkpt>
      <trkpt lat="34.7026587836444377899169921875" lon="135.22496424615383148193359375">
        <ele>15.3999996185302734375</ele>
        <time>2026-08-05T21:36:48.000Z</time>
        <extensions>
          <ns3:TrackPointExtension>
            <ns3:atemp>32.0</ns3:atemp>
            <ns3:hr>167</ns3:hr>
            <ns3:cad>89</ns3:cad>
          </ns3:TrackPointExtension>
        </extensions>
      </trkpt>
      <trkpt lat="34.7026654891669750213623046875" lon="135.224992074072360992431640625">
        <ele>15.6000003814697265625</ele>
        <time>2026-08-05T21:36:49.000Z</time>
        <extensions>
          <ns3:TrackPointExtension>
            <ns3:atemp>32.0</ns3:atemp>
            <ns3:hr>167</ns3:hr>
            <ns3:cad>89</ns3:cad>
          </ns3:TrackPointExtension>
        </extensions>
      </trkpt>
      <trkpt lat="34.7026685066521167755126953125" lon="135.22502132691442966461181640625">
        <ele>15.80000019073486328125</ele>
        <time>2026-08-05T21:36:50.000Z</time>
        <extensions>
          <ns3:TrackPointExtension>
            <ns3:atemp>32.0</ns3:atemp>
            <ns3:hr>168</ns3:hr>
            <ns3:cad>89</ns3:cad>
          </ns3:TrackPointExtension>
        </extensions>
      </trkpt>
      <trkpt lat="34.7026765532791614532470703125" lon="135.2250467240810394287109375">
        <ele>16</ele>
        <time>2026-08-05T21:36:51.000Z</time>
        <extensions>
          <ns3:TrackPointExtension>
            <ns3:atemp>33.0</ns3:atemp>
            <ns3:hr>168</ns3:hr>
            <ns3:cad>89</ns3:cad>
          </ns3:TrackPointExtension>
        </extensions>
      </trkpt>
      <trkpt lat="34.702685438096523284912109375" lon="135.22507279179990291595458984375">
        <ele>15.80000019073486328125</ele>
        <time>2026-08-05T21:36:52.000Z</time>
        <extensions>
          <ns3:TrackPointExtension>
            <ns3:atemp>32.0</ns3:atemp>
            <ns3:hr>169</ns3:hr>
            <ns3:cad>90</ns3:cad>
          </ns3:TrackPointExtension>
        </extensions>
      </trkpt>
      <trkpt lat="34.70269306562840938568115234375" lon="135.2251022122800350189208984375">
        <ele>15.80000019073486328125</ele>
        <time>2026-08-05T21:36:53.000Z</time>
        <extensions>
          <ns3:TrackPointExtension>
            <ns3:atemp>33.0</ns3:atemp>
            <ns3:hr>169</ns3:hr>
            <ns3:cad>90</ns3:cad>
          </ns3:TrackPointExtension>
        </extensions>
      </trkpt>
      <trkpt lat="34.7026963345706462860107421875" lon="135.22513196803629398345947265625">
        <ele>15.80000019073486328125</ele>
        <time>2026-08-05T21:36:54.000Z</time>
        <extensions>
          <ns3:TrackPointExtension>
            <ns3:atemp>32.0</ns3:atemp>
            <ns3:hr>168</ns3:hr>
            <ns3:cad>89</ns3:cad>
          </ns3:TrackPointExtension>
        </extensions>
      </trkpt>
      <trkpt lat="34.70270161516964435577392578125" lon="135.2251632325351238250732421875">
        <ele>15.80000019073486328125</ele>
        <time>2026-08-05T21:36:55.000Z</time>
        <extensions>
          <ns3:TrackPointExtension>
            <ns3:atemp>33.0</ns3:atemp>
            <ns3:hr>168</ns3:hr>
            <ns3:cad>89</ns3:cad>
          </ns3:TrackPointExtension>
        </extensions>
      </trkpt>
      <trkpt lat="34.70271117053925991058349609375" lon="135.22518946789205074310302734375">
        <ele>15.80000019073486328125</ele>
        <time>2026-08-05T21:36:56.000Z</time>
        <extensions>
          <ns3:TrackPointExtension>
            <ns3:atemp>33.0</ns3:atemp>
            <ns3:hr>168</ns3:hr>
            <ns3:cad>89</ns3:cad>
          </ns3:TrackPointExtension>
        </extensions>
      </trkpt>
      <trkpt lat="34.70271997153759002685546875" lon="135.2252192236483097076416015625">
        <ele>16</ele>
        <time>2026-08-05T21:36:57.000Z</time>
        <extensions>
          <ns3:TrackPointExtension>
            <ns3:atemp>33.0</ns3:atemp>
            <ns3:hr>169</ns3:hr>
            <ns3:cad>91</ns3:cad>
          </ns3:TrackPointExtension>
        </extensions>
      </trkpt>
      <trkpt lat="34.70272592268884181976318359375" lon="135.22524612955749034881591796875">
        <ele>16</ele>
        <time>2026-08-05T21:36:58.000Z</time>
        <extensions>
          <ns3:TrackPointExtension>
            <ns3:atemp>33.0</ns3:atemp>
            <ns3:hr>168</ns3:hr>
            <ns3:cad>91</ns3:cad>
          </ns3:TrackPointExtension>
        </extensions>
      </trkpt>
      <trkpt lat="34.702735729515552520751953125" lon="135.2252634800970554351806640625">
        <ele>16.200000762939453125</ele>
        <time>2026-08-05T21:36:59.000Z</time>
        <extensions>
          <ns3:TrackPointExtension>
            <ns3:atemp>33.0</ns3:atemp>
            <ns3:hr>168</ns3:hr>
            <ns3:cad>90</ns3:cad>
          </ns3:TrackPointExtension>
        </extensions>
      </trkpt>
      <trkpt lat="34.70275073312222957611083984375" lon="135.2252648212015628814697265625">
        <ele>16.200000762939453125</ele>
        <time>2026-08-05T21:37:00.000Z</time>
        <extensions>
          <ns3:TrackPointExtension>
            <ns3:atemp>33.0</ns3:atemp>
            <ns3:hr>168</ns3:hr>
            <ns3:cad>90</ns3:cad>
          </ns3:TrackPointExtension>
        </extensions>
      </trkpt>
      <trkpt lat="34.70276799984276294708251953125" lon="135.2252490632236003875732421875">
        <ele>16.200000762939453125</ele>
        <time>2026-08-05T21:37:01.000Z</time>
        <extensions>
          <ns3:TrackPointExtension>
            <ns3:atemp>33.0</ns3:atemp>
            <ns3:hr>169</ns3:hr>
            <ns3:cad>90</ns3:cad>
          </ns3:TrackPointExtension>
        </extensions>
      </trkpt>
      <trkpt lat="34.7027905471622943878173828125" lon="135.22523020394146442413330078125">
        <ele>16.3999996185302734375</ele>
        <time>2026-08-05T21:37:02.000Z</time>
        <extensions>
          <ns3:TrackPointExtension>
            <ns3:atemp>33.0</ns3:atemp>
            <ns3:hr>168</ns3:hr>
            <ns3:cad>90</ns3:cad>
          </ns3:TrackPointExtension>
        </extensions>
      </trkpt>
      <trkpt lat="34.70281326211988925933837890625" lon="135.22521260194480419158935546875">
        <ele>16.3999996185302734375</ele>
        <time>2026-08-05T21:37:03.000Z</time>
        <extensions>
          <ns3:TrackPointExtension>
            <ns3:atemp>33.0</ns3:atemp>
            <ns3:hr>168</ns3:hr>
            <ns3:cad>89</ns3:cad>
          </ns3:TrackPointExtension>
        </extensions>
      </trkpt>
      <trkpt lat="34.70283891074359416961669921875" lon="135.22519885562360286712646484375">
        <ele>16.6000003814697265625</ele>
        <time>2026-08-05T21:37:04.000Z</time>
        <extensions>
          <ns3:TrackPointExtension>
            <ns3:atemp>32.0</ns3:atemp>
            <ns3:hr>168</ns3:hr>
            <ns3:cad>89</ns3:cad>
          </ns3:TrackPointExtension>
        </extensions>
      </trkpt>
      <trkpt lat="34.70286975614726543426513671875" lon="135.22518326528370380401611328125">
        <ele>16.6000003814697265625</ele>
        <time>2026-08-05T21:37:05.000Z</time>
        <extensions>
          <ns3:TrackPointExtension>
            <ns3:atemp>33.0</ns3:atemp>
            <ns3:hr>168</ns3:hr>
            <ns3:cad>90</ns3:cad>
          </ns3:TrackPointExtension>
        </extensions>
      </trkpt>
      <trkpt lat="34.70289221964776515960693359375" lon="135.22517370991408824920654296875">
        <ele>16.6000003814697265625</ele>
        <time>2026-08-05T21:37:06.000Z</time>
        <extensions>
          <ns3:TrackPointExtension>
            <ns3:atemp>33.0</ns3:atemp>
            <ns3:hr>168</ns3:hr>
            <ns3:cad>91</ns3:cad>
          </ns3:TrackPointExtension>
        </extensions>
      </trkpt>
      <trkpt lat="34.70290797762572765350341796875" lon="135.2251632325351238250732421875">
        <ele>16.6000003814697265625</ele>
        <time>2026-08-05T21:37:07.000Z</time>
        <extensions>
          <ns3:TrackPointExtension>
            <ns3:atemp>33.0</ns3:atemp>
            <ns3:hr>168</ns3:hr>
            <ns3:cad>92</ns3:cad>
          </ns3:TrackPointExtension>
        </extensions>
      </trkpt>
      <trkpt lat="34.702919460833072662353515625" lon="135.22515476681292057037353515625">
        <ele>16.3999996185302734375</ele>
        <time>2026-08-05T21:37:08.000Z</time>
        <extensions>
          <ns3:TrackPointExtension>
            <ns3:atemp>33.0</ns3:atemp>
            <ns3:hr>168</ns3:hr>
            <ns3:cad>92</ns3:cad>
          </ns3:TrackPointExtension>
        </extensions>
      </trkpt>
      <trkpt lat="34.70293044112622737884521484375" lon="135.22514663636684417724609375">
        <ele>16.3999996185302734375</ele>
        <time>2026-08-05T21:37:09.000Z</time>
        <extensions>
          <ns3:TrackPointExtension>
            <ns3:atemp>33.0</ns3:atemp>
            <ns3:hr>168</ns3:hr>
            <ns3:cad>92</ns3:cad>
          </ns3:TrackPointExtension>
        </extensions>
      </trkpt>
      <trkpt lat="34.702940918505191802978515625" lon="135.22514521144330501556396484375">
        <ele>16.3999996185302734375</ele>
        <time>2026-08-05T21:37:10.000Z</time>
        <extensions>
          <ns3:TrackPointExtension>
            <ns3:atemp>33.0</ns3:atemp>
            <ns3:hr>168</ns3:hr>
            <ns3:cad>92</ns3:cad>
          </ns3:TrackPointExtension>
        </extensions>
      </trkpt>
      <trkpt lat="34.70298022963106632232666015625" lon="135.22514370270073413848876953125">
        <ele>16.200000762939453125</ele>
        <time>2026-08-05T21:37:11.000Z</time>
        <extensions>
          <ns3:TrackPointExtension>
            <ns3:atemp>33.0</ns3:atemp>
            <ns3:hr>168</ns3:hr>
            <ns3:cad>92</ns3:cad>
          </ns3:TrackPointExtension>
        </extensions>
      </trkpt>
      <trkpt lat="34.703011997044086456298828125" lon="135.22514755837619304656982421875">
        <ele>16.200000762939453125</ele>
        <time>2026-08-05T21:37:12.000Z</time>
        <extensions>
          <ns3:TrackPointExtension>
            <ns3:atemp>33.0</ns3:atemp>
            <ns3:hr>168</ns3:hr>
            <ns3:cad>92</ns3:cad>
          </ns3:TrackPointExtension>
        </extensions>
      </trkpt>
      <trkpt lat="34.70304041169583797454833984375" lon="135.22514923475682735443115234375">
        <ele>16.200000762939453125</ele>
        <time>2026-08-05T21:37:13.000Z</time>
        <extensions>
          <ns3:TrackPointExtension>
            <ns3:atemp>33.0</ns3:atemp>
            <ns3:hr>167</ns3:hr>
            <ns3:cad>92</ns3:cad>
          </ns3:TrackPointExtension>
        </extensions>
      </trkpt>
      <trkpt lat="34.7030651383101940155029296875" lon="135.2251471392810344696044921875">
        <ele>16.200000762939453125</ele>
        <time>2026-08-05T21:37:14.000Z</time>
        <extensions>
          <ns3:TrackPointExtension>
            <ns3:atemp>33.0</ns3:atemp>
            <ns3:hr>168</ns3:hr>
            <ns3:cad>91</ns3:cad>
          </ns3:TrackPointExtension>
        </extensions>
      </trkpt>
      <trkpt lat="34.70309020020067691802978515625" lon="135.225148983299732208251953125">
        <ele>16.200000762939453125</ele>
        <time>2026-08-05T21:37:15.000Z</time>
        <extensions>
          <ns3:TrackPointExtension>
            <ns3:atemp>33.0</ns3:atemp>
            <ns3:hr>167</ns3:hr>
            <ns3:cad>91</ns3:cad>
          </ns3:TrackPointExtension>
        </extensions>
      </trkpt>
      <trkpt lat="34.70311316661536693572998046875" lon="135.22515107877552509307861328125">
        <ele>16.3999996185302734375</ele>
        <time>2026-08-05T21:37:16.000Z</time>
        <extensions>
          <ns3:TrackPointExtension>
            <ns3:atemp>33.0</ns3:atemp>
            <ns3:hr>167</ns3:hr>
            <ns3:cad>91</ns3:cad>
          </ns3:TrackPointExtension>
        </extensions>
      </trkpt>
      <trkpt lat="34.70314241945743560791015625" lon="135.2251555211842060089111328125">
        <ele>16.3999996185302734375</ele>
        <time>2026-08-05T21:37:17.000Z</time>
        <extensions>
          <ns3:TrackPointExtension>
            <ns3:atemp>33.0</ns3:atemp>
            <ns3:hr>167</ns3:hr>
            <ns3:cad>92</ns3:cad>
          </ns3:TrackPointExtension>
        </extensions>
      </trkpt>
      <trkpt lat="34.70316781662404537200927734375" lon="135.22516432218253612518310546875">
        <ele>16.3999996185302734375</ele>
        <time>2026-08-05T21:37:18.000Z</time>
        <extensions>
          <ns3:TrackPointExtension>
            <ns3:atemp>33.0</ns3:atemp>
            <ns3:hr>168</ns3:hr>
            <ns3:cad>92</ns3:cad>
          </ns3:TrackPointExtension>
        </extensions>
      </trkpt>
      <trkpt lat="34.70318625681102275848388671875" lon="135.2251860313117504119873046875">
        <ele>16.3999996185302734375</ele>
        <time>2026-08-05T21:37:19.000Z</time>
        <extensions>
          <ns3:TrackPointExtension>
            <ns3:atemp>33.0</ns3:atemp>
            <ns3:hr>167</ns3:hr>
            <ns3:cad>92</ns3:cad>
          </ns3:TrackPointExtension>
        </extensions>
      </trkpt>
      <trkpt lat="34.70320276916027069091796875" lon="135.22519868798553943634033203125">
        <ele>16.3999996185302734375</ele>
        <time>2026-08-05T21:37:20.000Z</time>
        <extensions>
          <ns3:TrackPointExtension>
            <ns3:atemp>32.0</ns3:atemp>
            <ns3:hr>167</ns3:hr>
            <ns3:cad>90</ns3:cad>
          </ns3:TrackPointExtension>
        </extensions>
      </trkpt>
      <trkpt lat="34.703226573765277862548828125" lon="135.22519290447235107421875">
        <ele>16.3999996185302734375</ele>
        <time>2026-08-05T21:37:21.000Z</time>
        <extensions>
          <ns3:TrackPointExtension>
            <ns3:atemp>32.0</ns3:atemp>
            <ns3:hr>168</ns3:hr>
            <ns3:cad>90</ns3:cad>
          </ns3:TrackPointExtension>
        </extensions>
      </trkpt>
      <trkpt lat="34.70325297676026821136474609375" lon="135.2251736260950565338134765625">
        <ele>16.3999996185302734375</ele>
        <time>2026-08-05T21:37:22.000Z</time>
        <extensions>
          <ns3:TrackPointExtension>
            <ns3:atemp>32.0</ns3:atemp>
            <ns3:hr>167</ns3:hr>
            <ns3:cad>90</ns3:cad>
          </ns3:TrackPointExtension>
        </extensions>
      </trkpt>
      <trkpt lat="34.703270494937896728515625" lon="135.22515602409839630126953125">
        <ele>16.3999996185302734375</ele>
        <time>2026-08-05T21:37:23.000Z</time>
        <extensions>
          <ns3:TrackPointExtension>
            <ns3:atemp>33.0</ns3:atemp>
            <ns3:hr>167</ns3:hr>
            <ns3:cad>90</ns3:cad>
          </ns3:TrackPointExtension>
        </extensions>
      </trkpt>
      <trkpt lat="34.70328818075358867645263671875" lon="135.2251411043107509613037109375">
        <ele>16.6000003814697265625</ele>
        <time>2026-08-05T21:37:24.000Z</time>
        <extensions>
          <ns3:TrackPointExtension>
            <ns3:atemp>33.0</ns3:atemp>
            <ns3:hr>168</ns3:hr>
            <ns3:cad>91</ns3:cad>
          </ns3:TrackPointExtension>
        </extensions>
      </trkpt>
      <trkpt lat="34.703310392796993255615234375" lon="135.22512786090373992919921875">
        <ele>16.6000003814697265625</ele>
        <time>2026-08-05T21:37:25.000Z</time>
        <extensions>
          <ns3:TrackPointExtension>
            <ns3:atemp>32.0</ns3:atemp>
            <ns3:hr>167</ns3:hr>
            <ns3:cad>90</ns3:cad>
          </ns3:TrackPointExtension>
        </extensions>
      </trkpt>
      <trkpt lat="34.703330509364604949951171875" lon="135.2251136116683483123779296875">
        <ele>16.6000003814697265625</ele>
        <time>2026-08-05T21:37:26.000Z</time>
        <extensions>
          <ns3:TrackPointExtension>
            <ns3:atemp>32.0</ns3:atemp>
            <ns3:hr>167</ns3:hr>
            <ns3:cad>91</ns3:cad>
          </ns3:TrackPointExtension>
        </extensions>
      </trkpt>
      <trkpt lat="34.7033541463315486907958984375" lon="135.22510229609906673431396484375">
        <ele>16.6000003814697265625</ele>
        <time>2026-08-05T21:37:27.000Z</time>
        <extensions>
          <ns3:TrackPointExtension>
            <ns3:atemp>33.0</ns3:atemp>
            <ns3:hr>168</ns3:hr>
            <ns3:cad>91</ns3:cad>
          </ns3:TrackPointExtension>
        </extensions>
      </trkpt>
      <trkpt lat="34.70337417908012866973876953125" lon="135.225088633596897125244140625">
        <ele>16.3999996185302734375</ele>
        <time>2026-08-05T21:37:28.000Z</time>
        <extensions>
          <ns3:TrackPointExtension>
            <ns3:atemp>33.0</ns3:atemp>
            <ns3:hr>167</ns3:hr>
            <ns3:cad>92</ns3:cad>
          </ns3:TrackPointExtension>
        </extensions>
      </trkpt>
      <trkpt lat="34.7033952176570892333984375" lon="135.22507145069539546966552734375">
        <ele>16.3999996185302734375</ele>
        <time>2026-08-05T21:37:29.000Z</time>
        <extensions>
          <ns3:TrackPointExtension>
            <ns3:atemp>33.0</ns3:atemp>
            <ns3:hr>168</ns3:hr>
            <ns3:cad>92</ns3:cad>
          </ns3:TrackPointExtension>
        </extensions>
      </trkpt>
      <trkpt lat="34.7034181840717792510986328125" lon="135.22505384869873523712158203125">
        <ele>16.200000762939453125</ele>
        <time>2026-08-05T21:37:30.000Z</time>
        <extensions>
          <ns3:TrackPointExtension>
            <ns3:atemp>32.0</ns3:atemp>
            <ns3:hr>168</ns3:hr>
            <ns3:cad>92</ns3:cad>
          </ns3:TrackPointExtension>
        </extensions>
      </trkpt>
      <trkpt lat="34.7034413181245326995849609375" lon="135.22504161112010478973388671875">
        <ele>16.200000762939453125</ele>
        <time>2026-08-05T21:37:31.000Z</time>
        <extensions>
          <ns3:TrackPointExtension>
            <ns3:atemp>33.0</ns3:atemp>
            <ns3:hr>168</ns3:hr>
            <ns3:cad>93</ns3:cad>
          </ns3:TrackPointExtension>
        </extensions>
      </trkpt>
      <trkpt lat="34.70346562564373016357421875" lon="135.22502467967569828033447265625">
        <ele>16.200000762939453125</ele>
        <time>2026-08-05T21:37:32.000Z</time>
        <extensions>
          <ns3:TrackPointExtension>
            <ns3:atemp>32.0</ns3:atemp>
            <ns3:hr>167</ns3:hr>
            <ns3:cad>93</ns3:cad>
          </ns3:TrackPointExtension>
        </extensions>
      </trkpt>
      <trkpt lat="34.7034864127635955810546875" lon="135.22500674240291118621826171875">
        <ele>16.200000762939453125</ele>
        <time>2026-08-05T21:37:33.000Z</time>
        <extensions>
          <ns3:TrackPointExtension>
            <ns3:atemp>32.0</ns3:atemp>
            <ns3:hr>168</ns3:hr>
            <ns3:cad>93</ns3:cad>
          </ns3:TrackPointExtension>
        </extensions>
      </trkpt>
      <trkpt lat="34.7035063616931438446044921875" lon="135.224988050758838653564453125">
        <ele>16.200000762939453125</ele>
        <time>2026-08-05T21:37:34.000Z</time>
        <extensions>
          <ns3:TrackPointExtension>
            <ns3:atemp>33.0</ns3:atemp>
            <ns3:hr>168</ns3:hr>
            <ns3:cad>93</ns3:cad>
          </ns3:TrackPointExtension>
        </extensions>
      </trkpt>
      <trkpt lat="34.70352287404239177703857421875" lon="135.224970281124114990234375">
        <ele>16</ele>
        <time>2026-08-05T21:37:35.000Z</time>
        <extensions>
          <ns3:TrackPointExtension>
            <ns3:atemp>32.0</ns3:atemp>
            <ns3:hr>168</ns3:hr>
            <ns3:cad>92</ns3:cad>
          </ns3:TrackPointExtension>
        </extensions>
      </trkpt>
      <trkpt lat="34.7035358659923076629638671875" lon="135.2249429561197757720947265625">
        <ele>16</ele>
        <time>2026-08-05T21:37:36.000Z</time>
        <extensions>
          <ns3:TrackPointExtension>
            <ns3:atemp>32.0</ns3:atemp>
            <ns3:hr>167</ns3:hr>
            <ns3:cad>92</ns3:cad>
          </ns3:TrackPointExtension>
        </extensions>
      </trkpt>
      <trkpt lat="34.70355221070349216461181640625" lon="135.2249184809625148773193359375">
        <ele>16</ele>
        <time>2026-08-05T21:37:37.000Z</time>
        <extensions>
          <ns3:TrackPointExtension>
            <ns3:atemp>32.0</ns3:atemp>
            <ns3:hr>168</ns3:hr>
            <ns3:cad>92</ns3:cad>
          </ns3:TrackPointExtension>
        </extensions>
      </trkpt>
      <trkpt lat="34.70357358455657958984375" lon="135.224899537861347198486328125">
        <ele>16</ele>
        <time>2026-08-05T21:37:38.000Z</time>
        <extensions>
          <ns3:TrackPointExtension>
            <ns3:atemp>32.0</ns3:atemp>
            <ns3:hr>168</ns3:hr>
            <ns3:cad>92</ns3:cad>
          </ns3:TrackPointExtension>
        </extensions>
      </trkpt>
      <trkpt lat="34.70359059982001781463623046875" lon="135.224880091845989227294921875">
        <ele>16</ele>
        <time>2026-08-05T21:37:39.000Z</time>
        <extensions>
          <ns3:TrackPointExtension>
            <ns3:atemp>32.0</ns3:atemp>
            <ns3:hr>167</ns3:hr>
            <ns3:cad>90</ns3:cad>
          </ns3:TrackPointExtension>
        </extensions>
      </trkpt>
      <trkpt lat="34.703610129654407501220703125" lon="135.224857963621616363525390625">
        <ele>16.200000762939453125</ele>
        <time>2026-08-05T21:37:40.000Z</time>
        <extensions>
          <ns3:TrackPointExtension>
            <ns3:atemp>32.0</ns3:atemp>
            <ns3:hr>167</ns3:hr>
            <ns3:cad>90</ns3:cad>
          </ns3:TrackPointExtension>
        </extensions>
      </trkpt>
      <trkpt lat="34.70363317988812923431396484375" lon="135.22484027780592441558837890625">
        <ele>16.3999996185302734375</ele>
        <time>2026-08-05T21:37:41.000Z</time>
        <extensions>
          <ns3:TrackPointExtension>
            <ns3:atemp>32.0</ns3:atemp>
            <ns3:hr>167</ns3:hr>
            <ns3:cad>90</ns3:cad>
          </ns3:TrackPointExtension>
        </extensions>
      </trkpt>
      <trkpt lat="34.70366016961634159088134765625" lon="135.2248279564082622528076171875">
        <ele>16.3999996185302734375</ele>
        <time>2026-08-05T21:37:42.000Z</time>
        <extensions>
          <ns3:TrackPointExtension>
            <ns3:atemp>32.0</ns3:atemp>
            <ns3:hr>167</ns3:hr>
            <ns3:cad>90</ns3:cad>
          </ns3:TrackPointExtension>
        </extensions>
      </trkpt>
      <trkpt lat="34.70367492176592350006103515625" lon="135.2248460613191127777099609375">
        <ele>16.6000003814697265625</ele>
        <time>2026-08-05T21:37:43.000Z</time>
        <extensions>
          <ns3:TrackPointExtension>
            <ns3:atemp>32.0</ns3:atemp>
            <ns3:hr>166</ns3:hr>
            <ns3:cad>89</ns3:cad>
          </ns3:TrackPointExtension>
        </extensions>
      </trkpt>
      <trkpt lat="34.70368347130715847015380859375" lon="135.22487699054181575775146484375">
        <ele>16.6000003814697265625</ele>
        <time>2026-08-05T21:37:44.000Z</time>
        <extensions>
          <ns3:TrackPointExtension>
            <ns3:atemp>32.0</ns3:atemp>
            <ns3:hr>166</ns3:hr>
            <ns3:cad>89</ns3:cad>
          </ns3:TrackPointExtension>
        </extensions>
      </trkpt>
      <trkpt lat="34.703689925372600555419921875" lon="135.2249097637832164764404296875">
        <ele>16.6000003814697265625</ele>
        <time>2026-08-05T21:37:45.000Z</time>
        <extensions>
          <ns3:TrackPointExtension>
            <ns3:atemp>32.0</ns3:atemp>
            <ns3:hr>166</ns3:hr>
            <ns3:cad>89</ns3:cad>
          </ns3:TrackPointExtension>
        </extensions>
      </trkpt>
      <trkpt lat="34.70369772054255008697509765625" lon="135.2249486558139324188232421875">
        <ele>16.6000003814697265625</ele>
        <time>2026-08-05T21:37:46.000Z</time>
        <extensions>
          <ns3:TrackPointExtension>
            <ns3:atemp>32.0</ns3:atemp>
            <ns3:hr>166</ns3:hr>
            <ns3:cad>88</ns3:cad>
          </ns3:TrackPointExtension>
        </extensions>
      </trkpt>
      <trkpt lat="34.70370627008378505706787109375" lon="135.22498059086501598358154296875">
        <ele>16.6000003814697265625</ele>
        <time>2026-08-05T21:37:47.000Z</time>
        <extensions>
          <ns3:TrackPointExtension>
            <ns3:atemp>33.0</ns3:atemp>
            <ns3:hr>166</ns3:hr>
            <ns3:cad>88</ns3:cad>
          </ns3:TrackPointExtension>
        </extensions>
      </trkpt>
      <trkpt lat="34.70371431671082973480224609375" lon="135.22501051425933837890625">
        <ele>16.6000003814697265625</ele>
        <time>2026-08-05T21:37:48.000Z</time>
        <extensions>
          <ns3:TrackPointExtension>
            <ns3:atemp>32.0</ns3:atemp>
            <ns3:hr>166</ns3:hr>
            <ns3:cad>89</ns3:cad>
          </ns3:TrackPointExtension>
        </extensions>
      </trkpt>
      <trkpt lat="34.70372269861400127410888671875" lon="135.22504203021526336669921875">
        <ele>16.799999237060546875</ele>
        <time>2026-08-05T21:37:49.000Z</time>
        <extensions>
          <ns3:TrackPointExtension>
            <ns3:atemp>32.0</ns3:atemp>
            <ns3:hr>165</ns3:hr>
            <ns3:cad>90</ns3:cad>
          </ns3:TrackPointExtension>
        </extensions>
      </trkpt>
      <trkpt lat="34.7037304937839508056640625" lon="135.22507421672344207763671875">
        <ele>16.799999237060546875</ele>
        <time>2026-08-05T21:37:50.000Z</time>
        <extensions>
          <ns3:TrackPointExtension>
            <ns3:atemp>32.0</ns3:atemp>
            <ns3:hr>166</ns3:hr>
            <ns3:cad>90</ns3:cad>
          </ns3:TrackPointExtension>
        </extensions>
      </trkpt>
      <trkpt lat="34.70373921096324920654296875" lon="135.225109755992889404296875">
        <ele>16.799999237060546875</ele>
        <time>2026-08-05T21:37:51.000Z</time>
        <extensions>
          <ns3:TrackPointExtension>
            <ns3:atemp>33.0</ns3:atemp>
            <ns3:hr>166</ns3:hr>
            <ns3:cad>90</ns3:cad>
          </ns3:TrackPointExtension>
        </extensions>
      </trkpt>
      <trkpt lat="34.7037484310567378997802734375" lon="135.22514286451041698455810546875">
        <ele>16.799999237060546875</ele>
        <time>2026-08-05T21:37:52.000Z</time>
        <extensions>
          <ns3:TrackPointExtension>
            <ns3:atemp>32.0</ns3:atemp>
            <ns3:hr>165</ns3:hr>
            <ns3:cad>90</ns3:cad>
          </ns3:TrackPointExtension>
        </extensions>
      </trkpt>
      <trkpt lat="34.70375756733119487762451171875" lon="135.225174464285373687744140625">
        <ele>16.799999237060546875</ele>
        <time>2026-08-05T21:37:53.000Z</time>
        <extensions>
          <ns3:TrackPointExtension>
            <ns3:atemp>33.0</ns3:atemp>
            <ns3:hr>166</ns3:hr>
            <ns3:cad>90</ns3:cad>
          </ns3:TrackPointExtension>
        </extensions>
      </trkpt>
      <trkpt lat="34.70376712270081043243408203125" lon="135.22520824335515499114990234375">
        <ele>17</ele>
        <time>2026-08-05T21:37:54.000Z</time>
        <extensions>
          <ns3:TrackPointExtension>
            <ns3:atemp>32.0</ns3:atemp>
            <ns3:hr>166</ns3:hr>
            <ns3:cad>90</ns3:cad>
          </ns3:TrackPointExtension>
        </extensions>
      </trkpt>
      <trkpt lat="34.70377542078495025634765625" lon="135.22523707710206508636474609375">
        <ele>17</ele>
        <time>2026-08-05T21:37:55.000Z</time>
        <extensions>
          <ns3:TrackPointExtension>
            <ns3:atemp>32.0</ns3:atemp>
            <ns3:hr>165</ns3:hr>
            <ns3:cad>91</ns3:cad>
          </ns3:TrackPointExtension>
        </extensions>
      </trkpt>
      <trkpt lat="34.7037832997739315032958984375" lon="135.2252691797912120819091796875">
        <ele>17</ele>
        <time>2026-08-05T21:37:56.000Z</time>
        <extensions>
          <ns3:TrackPointExtension>
            <ns3:atemp>32.0</ns3:atemp>
            <ns3:hr>165</ns3:hr>
            <ns3:cad>90</ns3:cad>
          </ns3:TrackPointExtension>
        </extensions>
      </trkpt>
      <trkpt lat="34.7037923522293567657470703125" lon="135.22529759444296360015869140625">
        <ele>17</ele>
        <time>2026-08-05T21:37:57.000Z</time>
        <extensions>
          <ns3:TrackPointExtension>
            <ns3:atemp>32.0</ns3:atemp>
            <ns3:hr>165</ns3:hr>
            <ns3:cad>91</ns3:cad>
          </ns3:TrackPointExtension>
        </extensions>
      </trkpt>
      <trkpt lat="34.7037997283041477203369140625" lon="135.22532843984663486480712890625">
        <ele>17</ele>
        <time>2026-08-05T21:37:58.000Z</time>
        <extensions>
          <ns3:TrackPointExtension>
            <ns3:atemp>32.0</ns3:atemp>
            <ns3:hr>165</ns3:hr>
            <ns3:cad>91</ns3:cad>
          </ns3:TrackPointExtension>
        </extensions>
      </trkpt>
      <trkpt lat="34.70380735583603382110595703125" lon="135.22535710595548152923583984375">
        <ele>17</ele>
        <time>2026-08-05T21:37:59.000Z</time>
        <extensions>
          <ns3:TrackPointExtension>
            <ns3:atemp>32.0</ns3:atemp>
            <ns3:hr>164</ns3:hr>
            <ns3:cad>92</ns3:cad>
          </ns3:TrackPointExtension>
        </extensions>
      </trkpt>
      <trkpt lat="34.703813977539539337158203125" lon="135.22539013065397739410400390625">
        <ele>17</ele>
        <time>2026-08-05T21:38:00.000Z</time>
        <extensions>
          <ns3:TrackPointExtension>
            <ns3:atemp>33.0</ns3:atemp>
            <ns3:hr>164</ns3:hr>
            <ns3:cad>92</ns3:cad>
          </ns3:TrackPointExtension>
        </extensions>
      </trkpt>
      <trkpt lat="34.70382235944271087646484375" lon="135.22541913203895092010498046875">
        <ele>17</ele>
        <time>2026-08-05T21:38:01.000Z</time>
        <extensions>
          <ns3:TrackPointExtension>
            <ns3:atemp>32.0</ns3:atemp>
            <ns3:hr>164</ns3:hr>
            <ns3:cad>92</ns3:cad>
          </ns3:TrackPointExtension>
        </extensions>
      </trkpt>
      <trkpt lat="34.7038335911929607391357421875" lon="135.22544167935848236083984375">
        <ele>17</ele>
        <time>2026-08-05T21:38:02.000Z</time>
        <extensions>
          <ns3:TrackPointExtension>
            <ns3:atemp>32.0</ns3:atemp>
            <ns3:hr>164</ns3:hr>
            <ns3:cad>92</ns3:cad>
          </ns3:TrackPointExtension>
        </extensions>
      </trkpt>
      <trkpt lat="34.703851528465747833251953125" lon="135.2254436910152435302734375">
        <ele>16.799999237060546875</ele>
        <time>2026-08-05T21:38:03.000Z</time>
        <extensions>
          <ns3:TrackPointExtension>
            <ns3:atemp>32.0</ns3:atemp>
            <ns3:hr>164</ns3:hr>
            <ns3:cad>92</ns3:cad>
          </ns3:TrackPointExtension>
        </extensions>
      </trkpt>
      <trkpt lat="34.7038801945745944976806640625" lon="135.2254331298172473907470703125">
        <ele>16.799999237060546875</ele>
        <time>2026-08-05T21:38:04.000Z</time>
        <extensions>
          <ns3:TrackPointExtension>
            <ns3:atemp>32.0</ns3:atemp>
            <ns3:hr>164</ns3:hr>
            <ns3:cad>91</ns3:cad>
          </ns3:TrackPointExtension>
        </extensions>
      </trkpt>
      <trkpt lat="34.703897126019001007080078125" lon="135.22542600519955158233642578125">
        <ele>16.799999237060546875</ele>
        <time>2026-08-05T21:38:05.000Z</time>
        <extensions>
          <ns3:TrackPointExtension>
            <ns3:atemp>32.0</ns3:atemp>
            <ns3:hr>164</ns3:hr>
            <ns3:cad>91</ns3:cad>
          </ns3:TrackPointExtension>
        </extensions>
      </trkpt>
      <trkpt lat="34.70392386429011821746826171875" lon="135.2254195511341094970703125">
        <ele>16.6000003814697265625</ele>
        <time>2026-08-05T21:38:06.000Z</time>
        <extensions>
          <ns3:TrackPointExtension>
            <ns3:atemp>32.0</ns3:atemp>
            <ns3:hr>164</ns3:hr>
            <ns3:cad>90</ns3:cad>
          </ns3:TrackPointExtension>
        </extensions>
      </trkpt>
      <trkpt lat="34.703954793512821197509765625" lon="135.2254130132496356964111328125">
        <ele>16.6000003814697265625</ele>
        <time>2026-08-05T21:38:07.000Z</time>
        <extensions>
          <ns3:TrackPointExtension>
            <ns3:atemp>33.0</ns3:atemp>
            <ns3:hr>164</ns3:hr>
            <ns3:cad>88</ns3:cad>
          </ns3:TrackPointExtension>
        </extensions>
      </trkpt>
      <trkpt lat="34.7039804421365261077880859375" lon="135.2254103310406208038330078125">
        <ele>16.6000003814697265625</ele>
        <time>2026-08-05T21:38:08.000Z</time>
        <extensions>
          <ns3:TrackPointExtension>
            <ns3:atemp>33.0</ns3:atemp>
            <ns3:hr>164</ns3:hr>
            <ns3:cad>89</ns3:cad>
          </ns3:TrackPointExtension>
        </extensions>
      </trkpt>
      <trkpt lat="34.7040163166821002960205078125" lon="135.225395746529102325439453125">
        <ele>16.6000003814697265625</ele>
        <time>2026-08-05T21:38:09.000Z</time>
        <extensions>
          <ns3:TrackPointExtension>
            <ns3:atemp>33.0</ns3:atemp>
            <ns3:hr>164</ns3:hr>
            <ns3:cad>89</ns3:cad>
          </ns3:TrackPointExtension>
        </extensions>
      </trkpt>
      <trkpt lat="34.7040163166821002960205078125" lon="135.225395746529102325439453125">
        <ele>16.6000003814697265625</ele>
        <time>2026-08-05T21:38:10.000Z</time>
        <extensions>
          <ns3:TrackPointExtension>
            <ns3:atemp>32.0</ns3:atemp>
            <ns3:hr>164</ns3:hr>
            <ns3:cad>90</ns3:cad>
          </ns3:TrackPointExtension>
        </extensions>
      </trkpt>
      <trkpt lat="34.704036600887775421142578125" lon="135.22538392804563045501708984375">
        <ele>16.6000003814697265625</ele>
        <time>2026-08-05T21:38:11.000Z</time>
        <extensions>
          <ns3:TrackPointExtension>
            <ns3:atemp>32.0</ns3:atemp>
            <ns3:hr>164</ns3:hr>
            <ns3:cad>90</ns3:cad>
          </ns3:TrackPointExtension>
        </extensions>
      </trkpt>
      <trkpt lat="34.70405261032283306121826171875" lon="135.22537303157150745391845703125">
        <ele>16.6000003814697265625</ele>
        <time>2026-08-05T21:38:12.000Z</time>
        <extensions>
          <ns3:TrackPointExtension>
            <ns3:atemp>33.0</ns3:atemp>
            <ns3:hr>163</ns3:hr>
            <ns3:cad>90</ns3:cad>
          </ns3:TrackPointExtension>
        </extensions>
      </trkpt>
      <trkpt lat="34.70406970940530300140380859375" lon="135.225364230573177337646484375">
        <ele>16.6000003814697265625</ele>
        <time>2026-08-05T21:38:13.000Z</time>
        <extensions>
          <ns3:TrackPointExtension>
            <ns3:atemp>32.0</ns3:atemp>
            <ns3:hr>164</ns3:hr>
            <ns3:cad>90</ns3:cad>
          </ns3:TrackPointExtension>
        </extensions>
      </trkpt>
      <trkpt lat="34.7040860541164875030517578125" lon="135.22535274736583232879638671875">
        <ele>16.799999237060546875</ele>
        <time>2026-08-05T21:38:14.000Z</time>
        <extensions>
          <ns3:TrackPointExtension>
            <ns3:atemp>33.0</ns3:atemp>
            <ns3:hr>163</ns3:hr>
            <ns3:cad>90</ns3:cad>
          </ns3:TrackPointExtension>
        </extensions>
      </trkpt>
      <trkpt lat="34.70410239882767200469970703125" lon="135.225344114005565643310546875">
        <ele>17.200000762939453125</ele>
        <time>2026-08-05T21:38:15.000Z</time>
        <extensions>
          <ns3:TrackPointExtension>
            <ns3:atemp>33.0</ns3:atemp>
            <ns3:hr>163</ns3:hr>
            <ns3:cad>90</ns3:cad>
          </ns3:TrackPointExtension>
        </extensions>
      </trkpt>
      <trkpt lat="34.7041366808116436004638671875" lon="135.22532911039888858795166015625">
        <ele>17.200000762939453125</ele>
        <time>2026-08-05T21:38:16.000Z</time>
        <extensions>
          <ns3:TrackPointExtension>
            <ns3:atemp>33.0</ns3:atemp>
            <ns3:hr>163</ns3:hr>
            <ns3:cad>90</ns3:cad>
          </ns3:TrackPointExtension>
        </extensions>
      </trkpt>
      <trkpt lat="34.70416970551013946533203125" lon="135.2253120951354503631591796875">
        <ele>17.200000762939453125</ele>
        <time>2026-08-05T21:38:17.000Z</time>
        <extensions>
          <ns3:TrackPointExtension>
            <ns3:atemp>32.0</ns3:atemp>
            <ns3:hr>164</ns3:hr>
            <ns3:cad>90</ns3:cad>
          </ns3:TrackPointExtension>
        </extensions>
      </trkpt>
      <trkpt lat="34.7042027302086353302001953125" lon="135.22529591806232929229736328125">
        <ele>17</ele>
        <time>2026-08-05T21:38:18.000Z</time>
        <extensions>
          <ns3:TrackPointExtension>
            <ns3:atemp>32.0</ns3:atemp>
            <ns3:hr>163</ns3:hr>
            <ns3:cad>90</ns3:cad>
          </ns3:TrackPointExtension>
        </extensions>
      </trkpt>
      <trkpt lat="34.70421924255788326263427734375" lon="135.22528384812176227569580078125">
        <ele>17</ele>
        <time>2026-08-05T21:38:19.000Z</time>
        <extensions>
          <ns3:TrackPointExtension>
            <ns3:atemp>33.0</ns3:atemp>
            <ns3:hr>164</ns3:hr>
            <ns3:cad>91</ns3:cad>
          </ns3:TrackPointExtension>
        </extensions>
      </trkpt>
      <trkpt lat="34.704239107668399810791015625" lon="135.2252708561718463897705078125">
        <ele>16.799999237060546875</ele>
        <time>2026-08-05T21:38:20.000Z</time>
        <extensions>
          <ns3:TrackPointExtension>
            <ns3:atemp>33.0</ns3:atemp>
            <ns3:hr>164</ns3:hr>
            <ns3:cad>92</ns3:cad>
          </ns3:TrackPointExtension>
        </extensions>
      </trkpt>
      <trkpt lat="34.7042563743889331817626953125" lon="135.225258953869342803955078125">
        <ele>17</ele>
        <time>2026-08-05T21:38:21.000Z</time>
        <extensions>
          <ns3:TrackPointExtension>
            <ns3:atemp>33.0</ns3:atemp>
            <ns3:hr>164</ns3:hr>
            <ns3:cad>92</ns3:cad>
          </ns3:TrackPointExtension>
        </extensions>
      </trkpt>
      <trkpt lat="34.7042744792997837066650390625" lon="135.225254260003566741943359375">
        <ele>17</ele>
        <time>2026-08-05T21:38:22.000Z</time>
        <extensions>
          <ns3:TrackPointExtension>
            <ns3:atemp>33.0</ns3:atemp>
            <ns3:hr>163</ns3:hr>
            <ns3:cad>92</ns3:cad>
          </ns3:TrackPointExtension>
        </extensions>
      </trkpt>
      <trkpt lat="34.70429484732449054718017578125" lon="135.2252490632236003875732421875">
        <ele>17</ele>
        <time>2026-08-05T21:38:23.000Z</time>
        <extensions>
          <ns3:TrackPointExtension>
            <ns3:atemp>32.0</ns3:atemp>
            <ns3:hr>164</ns3:hr>
            <ns3:cad>92</ns3:cad>
          </ns3:TrackPointExtension>
        </extensions>
      </trkpt>
      <trkpt lat="34.704317562282085418701171875" lon="135.2252400107681751251220703125">
        <ele>17</ele>
        <time>2026-08-05T21:38:24.000Z</time>
        <extensions>
          <ns3:TrackPointExtension>
            <ns3:atemp>32.0</ns3:atemp>
            <ns3:hr>164</ns3:hr>
            <ns3:cad>92</ns3:cad>
          </ns3:TrackPointExtension>
        </extensions>
      </trkpt>
      <trkpt lat="34.704339019954204559326171875" lon="135.22522886283695697784423828125">
        <ele>16.6000003814697265625</ele>
        <time>2026-08-05T21:38:25.000Z</time>
        <extensions>
          <ns3:TrackPointExtension>
            <ns3:atemp>32.0</ns3:atemp>
            <ns3:hr>164</ns3:hr>
            <ns3:cad>92</ns3:cad>
          </ns3:TrackPointExtension>
        </extensions>
      </trkpt>
      <trkpt lat="34.70436676405370235443115234375" lon="135.2252158708870410919189453125">
        <ele>16.200000762939453125</ele>
        <time>2026-08-05T21:38:26.000Z</time>
        <extensions>
          <ns3:TrackPointExtension>
            <ns3:atemp>32.0</ns3:atemp>
            <ns3:hr>163</ns3:hr>
            <ns3:cad>89</ns3:cad>
          </ns3:TrackPointExtension>
        </extensions>
      </trkpt>
      <trkpt lat="34.704391323029994964599609375" lon="135.2252031303942203521728515625">
        <ele>15.80000019073486328125</ele>
        <time>2026-08-05T21:38:27.000Z</time>
        <extensions>
          <ns3:TrackPointExtension>
            <ns3:atemp>32.0</ns3:atemp>
            <ns3:hr>163</ns3:hr>
            <ns3:cad>88</ns3:cad>
          </ns3:TrackPointExtension>
        </extensions>
      </trkpt>
      <trkpt lat="34.70442124642431735992431640625" lon="135.225187875330448150634765625">
        <ele>15.3999996185302734375</ele>
        <time>2026-08-05T21:38:28.000Z</time>
        <extensions>
          <ns3:TrackPointExtension>
            <ns3:atemp>32.0</ns3:atemp>
            <ns3:hr>164</ns3:hr>
            <ns3:cad>88</ns3:cad>
          </ns3:TrackPointExtension>
        </extensions>
      </trkpt>
      <trkpt lat="34.70444974489510059356689453125" lon="135.225171782076358795166015625">
        <ele>15</ele>
        <time>2026-08-05T21:38:29.000Z</time>
        <extensions>
          <ns3:TrackPointExtension>
            <ns3:atemp>32.0</ns3:atemp>
            <ns3:hr>164</ns3:hr>
            <ns3:cad>88</ns3:cad>
          </ns3:TrackPointExtension>
        </extensions>
      </trkpt>
      <trkpt lat="34.70448092557489871978759765625" lon="135.22515526972711086273193359375">
        <ele>14.6000003814697265625</ele>
        <time>2026-08-05T21:38:30.000Z</time>
        <extensions>
          <ns3:TrackPointExtension>
            <ns3:atemp>32.0</ns3:atemp>
            <ns3:hr>164</ns3:hr>
            <ns3:cad>89</ns3:cad>
          </ns3:TrackPointExtension>
        </extensions>
      </trkpt>
      <trkpt lat="34.70450590364634990692138671875" lon="135.2251432836055755615234375">
        <ele>14.3999996185302734375</ele>
        <time>2026-08-05T21:38:31.000Z</time>
        <extensions>
          <ns3:TrackPointExtension>
            <ns3:atemp>32.0</ns3:atemp>
            <ns3:hr>164</ns3:hr>
            <ns3:cad>90</ns3:cad>
          </ns3:TrackPointExtension>
        </extensions>
      </trkpt>
      <trkpt lat="34.7045390121638774871826171875" lon="135.22512626834213733673095703125">
        <ele>14</ele>
        <time>2026-08-05T21:38:32.000Z</time>
        <extensions>
          <ns3:TrackPointExtension>
            <ns3:atemp>32.0</ns3:atemp>
            <ns3:hr>163</ns3:hr>
            <ns3:cad>92</ns3:cad>
          </ns3:TrackPointExtension>
        </extensions>
      </trkpt>
      <trkpt lat="34.70456927083432674407958984375" lon="135.22510908544063568115234375">
        <ele>13.6000003814697265625</ele>
        <time>2026-08-05T21:38:33.000Z</time>
        <extensions>
          <ns3:TrackPointExtension>
            <ns3:atemp>32.0</ns3:atemp>
            <ns3:hr>163</ns3:hr>
            <ns3:cad>92</ns3:cad>
          </ns3:TrackPointExtension>
        </extensions>
      </trkpt>
      <trkpt lat="34.7046027146279811859130859375" lon="135.22508972324430942535400390625">
        <ele>13.3999996185302734375</ele>
        <time>2026-08-05T21:38:34.000Z</time>
        <extensions>
          <ns3:TrackPointExtension>
            <ns3:atemp>32.0</ns3:atemp>
            <ns3:hr>163</ns3:hr>
            <ns3:cad>92</ns3:cad>
          </ns3:TrackPointExtension>
        </extensions>
      </trkpt>
      <trkpt lat="34.70463632605969905853271484375" lon="135.225073881447315216064453125">
        <ele>13</ele>
        <time>2026-08-05T21:38:35.000Z</time>
        <extensions>
          <ns3:TrackPointExtension>
            <ns3:atemp>32.0</ns3:atemp>
            <ns3:hr>163</ns3:hr>
            <ns3:cad>92</ns3:cad>
          </ns3:TrackPointExtension>
        </extensions>
      </trkpt>
      <trkpt lat="34.70467270351946353912353515625" lon="135.2250586263835430145263671875">
        <ele>12.6000003814697265625</ele>
        <time>2026-08-05T21:38:36.000Z</time>
        <extensions>
          <ns3:TrackPointExtension>
            <ns3:atemp>32.0</ns3:atemp>
            <ns3:hr>163</ns3:hr>
            <ns3:cad>93</ns3:cad>
          </ns3:TrackPointExtension>
        </extensions>
      </trkpt>
      <trkpt lat="34.70470723696053028106689453125" lon="135.22505099885165691375732421875">
        <ele>12.3999996185302734375</ele>
        <time>2026-08-05T21:38:37.000Z</time>
        <extensions>
          <ns3:TrackPointExtension>
            <ns3:atemp>32.0</ns3:atemp>
            <ns3:hr>163</ns3:hr>
            <ns3:cad>93</ns3:cad>
          </ns3:TrackPointExtension>
        </extensions>
      </trkpt>
      <trkpt lat="34.70473489724099636077880859375" lon="135.2250609733164310455322265625">
        <ele>12.19999980926513671875</ele>
        <time>2026-08-05T21:38:38.000Z</time>
        <extensions>
          <ns3:TrackPointExtension>
            <ns3:atemp>32.0</ns3:atemp>
            <ns3:hr>163</ns3:hr>
            <ns3:cad>92</ns3:cad>
          </ns3:TrackPointExtension>
        </extensions>
      </trkpt>
      <trkpt lat="34.70476037822663784027099609375" lon="135.225073881447315216064453125">
        <ele>12</ele>
        <time>2026-08-05T21:38:39.000Z</time>
        <extensions>
          <ns3:TrackPointExtension>
            <ns3:atemp>32.0</ns3:atemp>
            <ns3:hr>163</ns3:hr>
            <ns3:cad>92</ns3:cad>
          </ns3:TrackPointExtension>
        </extensions>
      </trkpt>
      <trkpt lat="34.70478049479424953460693359375" lon="135.22508628666400909423828125">
        <ele>12.19999980926513671875</ele>
        <time>2026-08-05T21:38:40.000Z</time>
        <extensions>
          <ns3:TrackPointExtension>
            <ns3:atemp>32.0</ns3:atemp>
            <ns3:hr>163</ns3:hr>
            <ns3:cad>92</ns3:cad>
          </ns3:TrackPointExtension>
        </extensions>
      </trkpt>
      <trkpt lat="34.70480362884700298309326171875" lon="135.22509827278554439544677734375">
        <ele>12.19999980926513671875</ele>
        <time>2026-08-05T21:38:41.000Z</time>
        <extensions>
          <ns3:TrackPointExtension>
            <ns3:atemp>32.0</ns3:atemp>
            <ns3:hr>163</ns3:hr>
            <ns3:cad>91</ns3:cad>
          </ns3:TrackPointExtension>
        </extensions>
      </trkpt>
      <trkpt lat="34.7048253379762172698974609375" lon="135.22510615177452564239501953125">
        <ele>12.19999980926513671875</ele>
        <time>2026-08-05T21:38:42.000Z</time>
        <extensions>
          <ns3:TrackPointExtension>
            <ns3:atemp>32.0</ns3:atemp>
            <ns3:hr>162</ns3:hr>
            <ns3:cad>91</ns3:cad>
          </ns3:TrackPointExtension>
        </extensions>
      </trkpt>
      <trkpt lat="34.704850651323795318603515625" lon="135.22511302493512630462646484375">
        <ele>12.19999980926513671875</ele>
        <time>2026-08-05T21:38:43.000Z</time>
        <extensions>
          <ns3:TrackPointExtension>
            <ns3:atemp>32.0</ns3:atemp>
            <ns3:hr>162</ns3:hr>
            <ns3:cad>89</ns3:cad>
          </ns3:TrackPointExtension>
        </extensions>
      </trkpt>
      <trkpt lat="34.7048746235668659210205078125" lon="135.22511939518153667449951171875">
        <ele>12</ele>
        <time>2026-08-05T21:38:44.000Z</time>
        <extensions>
          <ns3:TrackPointExtension>
            <ns3:atemp>32.0</ns3:atemp>
            <ns3:hr>162</ns3:hr>
            <ns3:cad>89</ns3:cad>
          </ns3:TrackPointExtension>
        </extensions>
      </trkpt>
      <trkpt lat="34.70489566214382648468017578125" lon="135.22512861527502536773681640625">
        <ele>12</ele>
        <time>2026-08-05T21:38:45.000Z</time>
        <extensions>
          <ns3:TrackPointExtension>
            <ns3:atemp>32.0</ns3:atemp>
            <ns3:hr>162</ns3:hr>
            <ns3:cad>89</ns3:cad>
          </ns3:TrackPointExtension>
        </extensions>
      </trkpt>
      <trkpt lat="34.7049192152917385101318359375" lon="135.22513766773045063018798828125">
        <ele>11.80000019073486328125</ele>
        <time>2026-08-05T21:38:46.000Z</time>
        <extensions>
          <ns3:TrackPointExtension>
            <ns3:atemp>32.0</ns3:atemp>
            <ns3:hr>162</ns3:hr>
            <ns3:cad>89</ns3:cad>
          </ns3:TrackPointExtension>
        </extensions>
      </trkpt>
      <trkpt lat="34.70494209788739681243896484375" lon="135.22514420561492443084716796875">
        <ele>11.80000019073486328125</ele>
        <time>2026-08-05T21:38:47.000Z</time>
        <extensions>
          <ns3:TrackPointExtension>
            <ns3:atemp>32.0</ns3:atemp>
            <ns3:hr>162</ns3:hr>
            <ns3:cad>90</ns3:cad>
          </ns3:TrackPointExtension>
        </extensions>
      </trkpt>
      <trkpt lat="34.70496766269207000732421875" lon="135.2251548506319522857666015625">
        <ele>11.80000019073486328125</ele>
        <time>2026-08-05T21:38:48.000Z</time>
        <extensions>
          <ns3:TrackPointExtension>
            <ns3:atemp>32.0</ns3:atemp>
            <ns3:hr>162</ns3:hr>
            <ns3:cad>90</ns3:cad>
          </ns3:TrackPointExtension>
        </extensions>
      </trkpt>
      <trkpt lat="34.7049889527261257171630859375" lon="135.22516138851642608642578125">
        <ele>12</ele>
        <time>2026-08-05T21:38:49.000Z</time>
        <extensions>
          <ns3:TrackPointExtension>
            <ns3:atemp>32.0</ns3:atemp>
            <ns3:hr>162</ns3:hr>
            <ns3:cad>90</ns3:cad>
          </ns3:TrackPointExtension>
        </extensions>
      </trkpt>
      <trkpt lat="34.70500982366502285003662109375" lon="135.22516750730574131011962890625">
        <ele>12</ele>
        <time>2026-08-05T21:38:50.000Z</time>
        <extensions>
          <ns3:TrackPointExtension>
            <ns3:atemp>32.0</ns3:atemp>
            <ns3:hr>163</ns3:hr>
            <ns3:cad>90</ns3:cad>
          </ns3:TrackPointExtension>
        </extensions>
      </trkpt>
      <trkpt lat="34.70503513701260089874267578125" lon="135.225172452628612518310546875">
        <ele>12</ele>
        <time>2026-08-05T21:38:51.000Z</time>
        <extensions>
          <ns3:TrackPointExtension>
            <ns3:atemp>32.0</ns3:atemp>
            <ns3:hr>163</ns3:hr>
            <ns3:cad>89</ns3:cad>
          </ns3:TrackPointExtension>
        </extensions>
      </trkpt>
      <trkpt lat="34.70505827106535434722900390625" lon="135.22517723031342029571533203125">
        <ele>12</ele>
        <time>2026-08-05T21:38:52.000Z</time>
        <extensions>
          <ns3:TrackPointExtension>
            <ns3:atemp>32.0</ns3:atemp>
            <ns3:hr>163</ns3:hr>
            <ns3:cad>89</ns3:cad>
          </ns3:TrackPointExtension>
        </extensions>
      </trkpt>
      <trkpt lat="34.7050824947655200958251953125" lon="135.2251836843788623809814453125">
        <ele>12</ele>
        <time>2026-08-05T21:38:53.000Z</time>
        <extensions>
          <ns3:TrackPointExtension>
            <ns3:atemp>32.0</ns3:atemp>
            <ns3:hr>162</ns3:hr>
            <ns3:cad>89</ns3:cad>
          </ns3:TrackPointExtension>
        </extensions>
      </trkpt>
      <trkpt lat="34.7051062993705272674560546875" lon="135.2251897193491458892822265625">
        <ele>12</ele>
        <time>2026-08-05T21:38:54.000Z</time>
        <extensions>
          <ns3:TrackPointExtension>
            <ns3:atemp>32.0</ns3:atemp>
            <ns3:hr>162</ns3:hr>
            <ns3:cad>89</ns3:cad>
          </ns3:TrackPointExtension>
        </extensions>
      </trkpt>
      <trkpt lat="34.7051274217665195465087890625" lon="135.22519516758620738983154296875">
        <ele>11.80000019073486328125</ele>
        <time>2026-08-05T21:38:55.000Z</time>
        <extensions>
          <ns3:TrackPointExtension>
            <ns3:atemp>32.0</ns3:atemp>
            <ns3:hr>162</ns3:hr>
            <ns3:cad>90</ns3:cad>
          </ns3:TrackPointExtension>
        </extensions>
      </trkpt>
      <trkpt lat="34.70515072345733642578125" lon="135.22520321421325206756591796875">
        <ele>11.80000019073486328125</ele>
        <time>2026-08-05T21:38:56.000Z</time>
        <extensions>
          <ns3:TrackPointExtension>
            <ns3:atemp>32.0</ns3:atemp>
            <ns3:hr>162</ns3:hr>
            <ns3:cad>91</ns3:cad>
          </ns3:TrackPointExtension>
        </extensions>
      </trkpt>
      <trkpt lat="34.705173857510089874267578125" lon="135.2252118475735187530517578125">
        <ele>12</ele>
        <time>2026-08-05T21:38:57.000Z</time>
        <extensions>
          <ns3:TrackPointExtension>
            <ns3:atemp>32.0</ns3:atemp>
            <ns3:hr>162</ns3:hr>
            <ns3:cad>91</ns3:cad>
          </ns3:TrackPointExtension>
        </extensions>
      </trkpt>
      <trkpt lat="34.70519657246768474578857421875" lon="135.22521779872477054595947265625">
        <ele>11.80000019073486328125</ele>
        <time>2026-08-05T21:38:58.000Z</time>
        <extensions>
          <ns3:TrackPointExtension>
            <ns3:atemp>32.0</ns3:atemp>
            <ns3:hr>161</ns3:hr>
            <ns3:cad>91</ns3:cad>
          </ns3:TrackPointExtension>
        </extensions>
      </trkpt>
      <trkpt lat="34.70522121526300907135009765625" lon="135.22522903047502040863037109375">
        <ele>11.6000003814697265625</ele>
        <time>2026-08-05T21:38:59.000Z</time>
        <extensions>
          <ns3:TrackPointExtension>
            <ns3:atemp>32.0</ns3:atemp>
            <ns3:hr>161</ns3:hr>
            <ns3:cad>92</ns3:cad>
          </ns3:TrackPointExtension>
        </extensions>
      </trkpt>
      <trkpt lat="34.70524434931576251983642578125" lon="135.22523741237819194793701171875">
        <ele>11.3999996185302734375</ele>
        <time>2026-08-05T21:39:00.000Z</time>
        <extensions>
          <ns3:TrackPointExtension>
            <ns3:atemp>32.0</ns3:atemp>
            <ns3:hr>161</ns3:hr>
            <ns3:cad>91</ns3:cad>
          </ns3:TrackPointExtension>
        </extensions>
      </trkpt>
      <trkpt lat="34.7052699141204357147216796875" lon="135.225245542824268341064453125">
        <ele>11.3999996185302734375</ele>
        <time>2026-08-05T21:39:01.000Z</time>
        <extensions>
          <ns3:TrackPointExtension>
            <ns3:atemp>32.0</ns3:atemp>
            <ns3:hr>160</ns3:hr>
            <ns3:cad>92</ns3:cad>
          </ns3:TrackPointExtension>
        </extensions>
      </trkpt>
      <trkpt lat="34.7053185291588306427001953125" lon="135.225260294973850250244140625">
        <ele>11.3999996185302734375</ele>
        <time>2026-08-05T21:39:02.000Z</time>
        <extensions>
          <ns3:TrackPointExtension>
            <ns3:atemp>32.0</ns3:atemp>
            <ns3:hr>160</ns3:hr>
            <ns3:cad>93</ns3:cad>
          </ns3:TrackPointExtension>
        </extensions>
      </trkpt>
      <trkpt lat="34.7053185291588306427001953125" lon="135.225260294973850250244140625">
        <ele>11.6000003814697265625</ele>
        <time>2026-08-05T21:39:03.000Z</time>
        <extensions>
          <ns3:TrackPointExtension>
            <ns3:atemp>32.0</ns3:atemp>
            <ns3:hr>160</ns3:hr>
            <ns3:cad>93</ns3:cad>
          </ns3:TrackPointExtension>
        </extensions>
      </trkpt>
      <trkpt lat="34.70534409396350383758544921875" lon="135.22527043707668781280517578125">
        <ele>12</ele>
        <time>2026-08-05T21:39:04.000Z</time>
        <extensions>
          <ns3:TrackPointExtension>
            <ns3:atemp>32.0</ns3:atemp>
            <ns3:hr>160</ns3:hr>
            <ns3:cad>93</ns3:cad>
          </ns3:TrackPointExtension>
        </extensions>
      </trkpt>
      <trkpt lat="34.7053674794733524322509765625" lon="135.22527781315147876739501953125">
        <ele>12</ele>
        <time>2026-08-05T21:39:05.000Z</time>
        <extensions>
          <ns3:TrackPointExtension>
            <ns3:atemp>32.0</ns3:atemp>
            <ns3:hr>160</ns3:hr>
            <ns3:cad>93</ns3:cad>
          </ns3:TrackPointExtension>
        </extensions>
      </trkpt>
      <trkpt lat="34.7053919546306133270263671875" lon="135.22528150118887424468994140625">
        <ele>12</ele>
        <time>2026-08-05T21:39:06.000Z</time>
        <extensions>
          <ns3:TrackPointExtension>
            <ns3:atemp>32.0</ns3:atemp>
            <ns3:hr>160</ns3:hr>
            <ns3:cad>93</ns3:cad>
          </ns3:TrackPointExtension>
        </extensions>
      </trkpt>
      <trkpt lat="34.7054167650640010833740234375" lon="135.2252906374633312225341796875">
        <ele>12</ele>
        <time>2026-08-05T21:39:07.000Z</time>
        <extensions>
          <ns3:TrackPointExtension>
            <ns3:atemp>32.0</ns3:atemp>
            <ns3:hr>160</ns3:hr>
            <ns3:cad>93</ns3:cad>
          </ns3:TrackPointExtension>
        </extensions>
      </trkpt>
      <trkpt lat="34.70543981529772281646728515625" lon="135.22529792971909046173095703125">
        <ele>12</ele>
        <time>2026-08-05T21:39:08.000Z</time>
        <extensions>
          <ns3:TrackPointExtension>
            <ns3:atemp>32.0</ns3:atemp>
            <ns3:hr>160</ns3:hr>
            <ns3:cad>92</ns3:cad>
          </ns3:TrackPointExtension>
        </extensions>
      </trkpt>
      <trkpt lat="34.70546579919755458831787109375" lon="135.22530631162226200103759765625">
        <ele>12.19999980926513671875</ele>
        <time>2026-08-05T21:39:09.000Z</time>
        <extensions>
          <ns3:TrackPointExtension>
            <ns3:atemp>32.0</ns3:atemp>
            <ns3:hr>160</ns3:hr>
            <ns3:cad>92</ns3:cad>
          </ns3:TrackPointExtension>
        </extensions>
      </trkpt>
      <trkpt lat="34.705488346517086029052734375" lon="135.2253134362399578094482421875">
        <ele>12.19999980926513671875</ele>
        <time>2026-08-05T21:39:10.000Z</time>
        <extensions>
          <ns3:TrackPointExtension>
            <ns3:atemp>32.0</ns3:atemp>
            <ns3:hr>159</ns3:hr>
            <ns3:cad>92</ns3:cad>
          </ns3:TrackPointExtension>
        </extensions>
      </trkpt>
      <trkpt lat="34.70551022328436374664306640625" lon="135.22531704045832157135009765625">
        <ele>12.3999996185302734375</ele>
        <time>2026-08-05T21:39:11.000Z</time>
        <extensions>
          <ns3:TrackPointExtension>
            <ns3:atemp>32.0</ns3:atemp>
            <ns3:hr>160</ns3:hr>
            <ns3:cad>92</ns3:cad>
          </ns3:TrackPointExtension>
        </extensions>
      </trkpt>
      <trkpt lat="34.70553763210773468017578125" lon="135.225325338542461395263671875">
        <ele>12.3999996185302734375</ele>
        <time>2026-08-05T21:39:12.000Z</time>
        <extensions>
          <ns3:TrackPointExtension>
            <ns3:atemp>32.0</ns3:atemp>
            <ns3:hr>160</ns3:hr>
            <ns3:cad>93</ns3:cad>
          </ns3:TrackPointExtension>
        </extensions>
      </trkpt>
      <trkpt lat="34.70556789077818393707275390625" lon="135.2253332175314426422119140625">
        <ele>12.19999980926513671875</ele>
        <time>2026-08-05T21:39:13.000Z</time>
        <extensions>
          <ns3:TrackPointExtension>
            <ns3:atemp>32.0</ns3:atemp>
            <ns3:hr>160</ns3:hr>
            <ns3:cad>93</ns3:cad>
          </ns3:TrackPointExtension>
        </extensions>
      </trkpt>
      <trkpt lat="34.70559571869671344757080078125" lon="135.22534503601491451263427734375">
        <ele>12</ele>
        <time>2026-08-05T21:39:14.000Z</time>
        <extensions>
          <ns3:TrackPointExtension>
            <ns3:atemp>32.0</ns3:atemp>
            <ns3:hr>160</ns3:hr>
            <ns3:cad>93</ns3:cad>
          </ns3:TrackPointExtension>
        </extensions>
      </trkpt>
      <trkpt lat="34.7056199423968791961669921875" lon="135.22535291500389575958251953125">
        <ele>12</ele>
        <time>2026-08-05T21:39:15.000Z</time>
        <extensions>
          <ns3:TrackPointExtension>
            <ns3:atemp>32.0</ns3:atemp>
            <ns3:hr>160</ns3:hr>
            <ns3:cad>93</ns3:cad>
          </ns3:TrackPointExtension>
        </extensions>
      </trkpt>
      <trkpt lat="34.705645255744457244873046875" lon="135.22536381147801876068115234375">
        <ele>12</ele>
        <time>2026-08-05T21:39:16.000Z</time>
        <extensions>
          <ns3:TrackPointExtension>
            <ns3:atemp>32.0</ns3:atemp>
            <ns3:hr>160</ns3:hr>
            <ns3:cad>92</ns3:cad>
          </ns3:TrackPointExtension>
        </extensions>
      </trkpt>
      <trkpt lat="34.70566847361624240875244140625" lon="135.22537185810506343841552734375">
        <ele>12.19999980926513671875</ele>
        <time>2026-08-05T21:39:17.000Z</time>
        <extensions>
          <ns3:TrackPointExtension>
            <ns3:atemp>32.0</ns3:atemp>
            <ns3:hr>160</ns3:hr>
            <ns3:cad>92</ns3:cad>
          </ns3:TrackPointExtension>
        </extensions>
      </trkpt>
      <trkpt lat="34.7056943736970424652099609375" lon="135.2253806591033935546875">
        <ele>12.6000003814697265625</ele>
        <time>2026-08-05T21:39:18.000Z</time>
        <extensions>
          <ns3:TrackPointExtension>
            <ns3:atemp>32.0</ns3:atemp>
            <ns3:hr>160</ns3:hr>
            <ns3:cad>91</ns3:cad>
          </ns3:TrackPointExtension>
        </extensions>
      </trkpt>
      <trkpt lat="34.705719016492366790771484375" lon="135.22538376040756702423095703125">
        <ele>12.6000003814697265625</ele>
        <time>2026-08-05T21:39:19.000Z</time>
        <extensions>
          <ns3:TrackPointExtension>
            <ns3:atemp>32.0</ns3:atemp>
            <ns3:hr>160</ns3:hr>
            <ns3:cad>91</ns3:cad>
          </ns3:TrackPointExtension>
        </extensions>
      </trkpt>
      <trkpt lat="34.70574491657316684722900390625" lon="135.2253878675401210784912109375">
        <ele>12.6000003814697265625</ele>
        <time>2026-08-05T21:39:20.000Z</time>
        <extensions>
          <ns3:TrackPointExtension>
            <ns3:atemp>32.0</ns3:atemp>
            <ns3:hr>160</ns3:hr>
            <ns3:cad>91</ns3:cad>
          </ns3:TrackPointExtension>
        </extensions>
      </trkpt>
      <trkpt lat="34.705771319568157196044921875" lon="135.22539147175848484039306640625">
        <ele>12.6000003814697265625</ele>
        <time>2026-08-05T21:39:21.000Z</time>
        <extensions>
          <ns3:TrackPointExtension>
            <ns3:atemp>32.0</ns3:atemp>
            <ns3:hr>160</ns3:hr>
            <ns3:cad>91</ns3:cad>
          </ns3:TrackPointExtension>
        </extensions>
      </trkpt>
      <trkpt lat="34.70579789020121097564697265625" lon="135.22539599798619747161865234375">
        <ele>12.3999996185302734375</ele>
        <time>2026-08-05T21:39:22.000Z</time>
        <extensions>
          <ns3:TrackPointExtension>
            <ns3:atemp>32.0</ns3:atemp>
            <ns3:hr>160</ns3:hr>
            <ns3:cad>91</ns3:cad>
          </ns3:TrackPointExtension>
        </extensions>
      </trkpt>
      <trkpt lat="34.705828316509723663330078125" lon="135.22539985366165637969970703125">
        <ele>12.19999980926513671875</ele>
        <time>2026-08-05T21:39:23.000Z</time>
        <extensions>
          <ns3:TrackPointExtension>
            <ns3:atemp>32.0</ns3:atemp>
            <ns3:hr>160</ns3:hr>
            <ns3:cad>92</ns3:cad>
          </ns3:TrackPointExtension>
        </extensions>
      </trkpt>
      <trkpt lat="34.7058529593050479888916015625" lon="135.22540815174579620361328125">
        <ele>12.19999980926513671875</ele>
        <time>2026-08-05T21:39:24.000Z</time>
        <extensions>
          <ns3:TrackPointExtension>
            <ns3:atemp>32.0</ns3:atemp>
            <ns3:hr>160</ns3:hr>
            <ns3:cad>92</ns3:cad>
          </ns3:TrackPointExtension>
        </extensions>
      </trkpt>
      <trkpt lat="34.70587869174778461456298828125" lon="135.2254156954586505889892578125">
        <ele>12.3999996185302734375</ele>
        <time>2026-08-05T21:39:25.000Z</time>
        <extensions>
          <ns3:TrackPointExtension>
            <ns3:atemp>32.0</ns3:atemp>
            <ns3:hr>160</ns3:hr>
            <ns3:cad>92</ns3:cad>
          </ns3:TrackPointExtension>
        </extensions>
      </trkpt>
      <trkpt lat="34.70590107142925262451171875" lon="135.22542298771440982818603515625">
        <ele>12.3999996185302734375</ele>
        <time>2026-08-05T21:39:26.000Z</time>
        <extensions>
          <ns3:TrackPointExtension>
            <ns3:atemp>32.0</ns3:atemp>
            <ns3:hr>160</ns3:hr>
            <ns3:cad>92</ns3:cad>
          </ns3:TrackPointExtension>
        </extensions>
      </trkpt>
      <trkpt lat="34.70592512749135494232177734375" lon="135.22542558610439300537109375">
        <ele>12.19999980926513671875</ele>
        <time>2026-08-05T21:39:27.000Z</time>
        <extensions>
          <ns3:TrackPointExtension>
            <ns3:atemp>32.0</ns3:atemp>
            <ns3:hr>160</ns3:hr>
            <ns3:cad>92</ns3:cad>
          </ns3:TrackPointExtension>
        </extensions>
      </trkpt>
      <trkpt lat="34.70594993792474269866943359375" lon="135.22543354891240596771240234375">
        <ele>12.19999980926513671875</ele>
        <time>2026-08-05T21:39:28.000Z</time>
        <extensions>
          <ns3:TrackPointExtension>
            <ns3:atemp>32.0</ns3:atemp>
            <ns3:hr>160</ns3:hr>
            <ns3:cad>92</ns3:cad>
          </ns3:TrackPointExtension>
        </extensions>
      </trkpt>
      <trkpt lat="34.705972485244274139404296875" lon="135.22544159553945064544677734375">
        <ele>12.19999980926513671875</ele>
        <time>2026-08-05T21:39:29.000Z</time>
        <extensions>
          <ns3:TrackPointExtension>
            <ns3:atemp>32.0</ns3:atemp>
            <ns3:hr>160</ns3:hr>
            <ns3:cad>91</ns3:cad>
          </ns3:TrackPointExtension>
        </extensions>
      </trkpt>
      <trkpt lat="34.70599151216447353363037109375" lon="135.22544980980455875396728515625">
        <ele>12.19999980926513671875</ele>
        <time>2026-08-05T21:39:30.000Z</time>
        <extensions>
          <ns3:TrackPointExtension>
            <ns3:atemp>32.0</ns3:atemp>
            <ns3:hr>160</ns3:hr>
            <ns3:cad>91</ns3:cad>
          </ns3:TrackPointExtension>
        </extensions>
      </trkpt>
      <trkpt lat="34.7060078568756580352783203125" lon="135.2254555933177471160888671875">
        <ele>12.3999996185302734375</ele>
        <time>2026-08-05T21:39:31.000Z</time>
        <extensions>
          <ns3:TrackPointExtension>
            <ns3:atemp>32.0</ns3:atemp>
            <ns3:hr>160</ns3:hr>
            <ns3:cad>92</ns3:cad>
          </ns3:TrackPointExtension>
        </extensions>
      </trkpt>
      <trkpt lat="34.70602571032941341400146484375" lon="135.22546053864061832427978515625">
        <ele>12.80000019073486328125</ele>
        <time>2026-08-05T21:39:32.000Z</time>
        <extensions>
          <ns3:TrackPointExtension>
            <ns3:atemp>32.0</ns3:atemp>
            <ns3:hr>160</ns3:hr>
            <ns3:cad>92</ns3:cad>
          </ns3:TrackPointExtension>
        </extensions>
      </trkpt>
      <trkpt lat="34.70604121685028076171875" lon="135.2254629693925380706787109375">
        <ele>13.19999980926513671875</ele>
        <time>2026-08-05T21:39:33.000Z</time>
        <extensions>
          <ns3:TrackPointExtension>
            <ns3:atemp>32.0</ns3:atemp>
            <ns3:hr>160</ns3:hr>
            <ns3:cad>92</ns3:cad>
          </ns3:TrackPointExtension>
        </extensions>
      </trkpt>
      <trkpt lat="34.70606141723692417144775390625" lon="135.22546573542058467864990234375">
        <ele>13.3999996185302734375</ele>
        <time>2026-08-05T21:39:34.000Z</time>
        <extensions>
          <ns3:TrackPointExtension>
            <ns3:atemp>32.0</ns3:atemp>
            <ns3:hr>161</ns3:hr>
            <ns3:cad>90</ns3:cad>
          </ns3:TrackPointExtension>
        </extensions>
      </trkpt>
      <trkpt lat="34.70612327568233013153076171875" lon="135.22547445259988307952880859375">
        <ele>13.19999980926513671875</ele>
        <time>2026-08-05T21:39:35.000Z</time>
        <extensions>
          <ns3:TrackPointExtension>
            <ns3:atemp>32.0</ns3:atemp>
            <ns3:hr>160</ns3:hr>
            <ns3:cad>91</ns3:cad>
          </ns3:TrackPointExtension>
        </extensions>
      </trkpt>
      <trkpt lat="34.70612327568233013153076171875" lon="135.22547445259988307952880859375">
        <ele>13.19999980926513671875</ele>
        <time>2026-08-05T21:39:36.000Z</time>
        <extensions>
          <ns3:TrackPointExtension>
            <ns3:atemp>32.0</ns3:atemp>
            <ns3:hr>160</ns3:hr>
            <ns3:cad>91</ns3:cad>
          </ns3:TrackPointExtension>
        </extensions>
      </trkpt>
      <trkpt lat="34.70614892430603504180908203125" lon="135.22548266686499118804931640625">
        <ele>13</ele>
        <time>2026-08-05T21:39:37.000Z</time>
        <extensions>
          <ns3:TrackPointExtension>
            <ns3:atemp>32.0</ns3:atemp>
            <ns3:hr>160</ns3:hr>
            <ns3:cad>91</ns3:cad>
          </ns3:TrackPointExtension>
        </extensions>
      </trkpt>
      <trkpt lat="34.70617541112005710601806640625" lon="135.225488282740116119384765625">
        <ele>12.80000019073486328125</ele>
        <time>2026-08-05T21:39:38.000Z</time>
        <extensions>
          <ns3:TrackPointExtension>
            <ns3:atemp>32.0</ns3:atemp>
            <ns3:hr>160</ns3:hr>
            <ns3:cad>91</ns3:cad>
          </ns3:TrackPointExtension>
        </extensions>
      </trkpt>
      <trkpt lat="34.70620139501988887786865234375" lon="135.225496999919414520263671875">
        <ele>12.6000003814697265625</ele>
        <time>2026-08-05T21:39:39.000Z</time>
        <extensions>
          <ns3:TrackPointExtension>
            <ns3:atemp>32.0</ns3:atemp>
            <ns3:hr>160</ns3:hr>
            <ns3:cad>91</ns3:cad>
          </ns3:TrackPointExtension>
        </extensions>
      </trkpt>
      <trkpt lat="34.70622486434876918792724609375" lon="135.22550404071807861328125">
        <ele>12.6000003814697265625</ele>
        <time>2026-08-05T21:39:40.000Z</time>
        <extensions>
          <ns3:TrackPointExtension>
            <ns3:atemp>32.0</ns3:atemp>
            <ns3:hr>160</ns3:hr>
            <ns3:cad>91</ns3:cad>
          </ns3:TrackPointExtension>
        </extensions>
      </trkpt>
      <trkpt lat="34.70624841749668121337890625" lon="135.2255122549831867218017578125">
        <ele>12.6000003814697265625</ele>
        <time>2026-08-05T21:39:41.000Z</time>
        <extensions>
          <ns3:TrackPointExtension>
            <ns3:atemp>32.0</ns3:atemp>
            <ns3:hr>161</ns3:hr>
            <ns3:cad>92</ns3:cad>
          </ns3:TrackPointExtension>
        </extensions>
      </trkpt>
      <trkpt lat="34.7062717191874980926513671875" lon="135.2255192957818508148193359375">
        <ele>12.6000003814697265625</ele>
        <time>2026-08-05T21:39:42.000Z</time>
        <extensions>
          <ns3:TrackPointExtension>
            <ns3:atemp>32.0</ns3:atemp>
            <ns3:hr>160</ns3:hr>
            <ns3:cad>92</ns3:cad>
          </ns3:TrackPointExtension>
        </extensions>
      </trkpt>
      <trkpt lat="34.70629535615444183349609375" lon="135.22552893497049808502197265625">
        <ele>12.80000019073486328125</ele>
        <time>2026-08-05T21:39:43.000Z</time>
        <extensions>
          <ns3:TrackPointExtension>
            <ns3:atemp>32.0</ns3:atemp>
            <ns3:hr>160</ns3:hr>
            <ns3:cad>92</ns3:cad>
          </ns3:TrackPointExtension>
        </extensions>
      </trkpt>
      <trkpt lat="34.70631974749267101287841796875" lon="135.22553731687366962432861328125">
        <ele>12.80000019073486328125</ele>
        <time>2026-08-05T21:39:44.000Z</time>
        <extensions>
          <ns3:TrackPointExtension>
            <ns3:atemp>32.0</ns3:atemp>
            <ns3:hr>160</ns3:hr>
            <ns3:cad>92</ns3:cad>
          </ns3:TrackPointExtension>
        </extensions>
      </trkpt>
      <trkpt lat="34.70634690485894680023193359375" lon="135.22554569877684116363525390625">
        <ele>13</ele>
        <time>2026-08-05T21:39:45.000Z</time>
        <extensions>
          <ns3:TrackPointExtension>
            <ns3:atemp>32.0</ns3:atemp>
            <ns3:hr>160</ns3:hr>
            <ns3:cad>92</ns3:cad>
          </ns3:TrackPointExtension>
        </extensions>
      </trkpt>
      <trkpt lat="34.7063692845404148101806640625" lon="135.22555072791874408721923828125">
        <ele>12.80000019073486328125</ele>
        <time>2026-08-05T21:39:46.000Z</time>
        <extensions>
          <ns3:TrackPointExtension>
            <ns3:atemp>32.0</ns3:atemp>
            <ns3:hr>161</ns3:hr>
            <ns3:cad>92</ns3:cad>
          </ns3:TrackPointExtension>
        </extensions>
      </trkpt>
      <trkpt lat="34.706394933164119720458984375" lon="135.22555894218385219573974609375">
        <ele>12.80000019073486328125</ele>
        <time>2026-08-05T21:39:47.000Z</time>
        <extensions>
          <ns3:TrackPointExtension>
            <ns3:atemp>32.0</ns3:atemp>
            <ns3:hr>160</ns3:hr>
            <ns3:cad>92</ns3:cad>
          </ns3:TrackPointExtension>
        </extensions>
      </trkpt>
      <trkpt lat="34.7064180672168731689453125" lon="135.22556548006832599639892578125">
        <ele>12.80000019073486328125</ele>
        <time>2026-08-05T21:39:48.000Z</time>
        <extensions>
          <ns3:TrackPointExtension>
            <ns3:atemp>32.0</ns3:atemp>
            <ns3:hr>160</ns3:hr>
            <ns3:cad>92</ns3:cad>
          </ns3:TrackPointExtension>
        </extensions>
      </trkpt>
      <trkpt lat="34.7064437158405780792236328125" lon="135.22557201795279979705810546875">
        <ele>12.80000019073486328125</ele>
        <time>2026-08-05T21:39:49.000Z</time>
        <extensions>
          <ns3:TrackPointExtension>
            <ns3:atemp>32.0</ns3:atemp>
            <ns3:hr>161</ns3:hr>
            <ns3:cad>92</ns3:cad>
          </ns3:TrackPointExtension>
        </extensions>
      </trkpt>
      <trkpt lat="34.70646835863590240478515625" lon="135.225580818951129913330078125">
        <ele>13</ele>
        <time>2026-08-05T21:39:50.000Z</time>
        <extensions>
          <ns3:TrackPointExtension>
            <ns3:atemp>32.0</ns3:atemp>
            <ns3:hr>161</ns3:hr>
            <ns3:cad>92</ns3:cad>
          </ns3:TrackPointExtension>
        </extensions>
      </trkpt>
      <trkpt lat="34.70648990012705326080322265625" lon="135.2255920507013797760009765625">
        <ele>13.19999980926513671875</ele>
        <time>2026-08-05T21:39:51.000Z</time>
        <extensions>
          <ns3:TrackPointExtension>
            <ns3:atemp>32.0</ns3:atemp>
            <ns3:hr>161</ns3:hr>
            <ns3:cad>92</ns3:cad>
          </ns3:TrackPointExtension>
        </extensions>
      </trkpt>
      <trkpt lat="34.7065147943794727325439453125" lon="135.22559582255780696868896484375">
        <ele>13.3999996185302734375</ele>
        <time>2026-08-05T21:39:52.000Z</time>
        <extensions>
          <ns3:TrackPointExtension>
            <ns3:atemp>32.0</ns3:atemp>
            <ns3:hr>162</ns3:hr>
            <ns3:cad>92</ns3:cad>
          </ns3:TrackPointExtension>
        </extensions>
      </trkpt>
      <trkpt lat="34.7065369226038455963134765625" lon="135.2256004326045513153076171875">
        <ele>13.3999996185302734375</ele>
        <time>2026-08-05T21:39:53.000Z</time>
        <extensions>
          <ns3:TrackPointExtension>
            <ns3:atemp>32.0</ns3:atemp>
            <ns3:hr>162</ns3:hr>
            <ns3:cad>92</ns3:cad>
          </ns3:TrackPointExtension>
        </extensions>
      </trkpt>
      <trkpt lat="34.7065613977611064910888671875" lon="135.22560856305062770843505859375">
        <ele>13.3999996185302734375</ele>
        <time>2026-08-05T21:39:54.000Z</time>
        <extensions>
          <ns3:TrackPointExtension>
            <ns3:atemp>32.0</ns3:atemp>
            <ns3:hr>162</ns3:hr>
            <ns3:cad>92</ns3:cad>
          </ns3:TrackPointExtension>
        </extensions>
      </trkpt>
      <trkpt lat="34.706585705280303955078125" lon="135.22561811842024326324462890625">
        <ele>13.6000003814697265625</ele>
        <time>2026-08-05T21:39:55.000Z</time>
        <extensions>
          <ns3:TrackPointExtension>
            <ns3:atemp>32.0</ns3:atemp>
            <ns3:hr>162</ns3:hr>
            <ns3:cad>92</ns3:cad>
          </ns3:TrackPointExtension>
        </extensions>
      </trkpt>
      <trkpt lat="34.70660942606627941131591796875" lon="135.2256285957992076873779296875">
        <ele>13.80000019073486328125</ele>
        <time>2026-08-05T21:39:56.000Z</time>
        <extensions>
          <ns3:TrackPointExtension>
            <ns3:atemp>32.0</ns3:atemp>
            <ns3:hr>162</ns3:hr>
            <ns3:cad>92</ns3:cad>
          </ns3:TrackPointExtension>
        </extensions>
      </trkpt>
      <trkpt lat="34.70663197338581085205078125" lon="135.22563890554010868072509765625">
        <ele>13.80000019073486328125</ele>
        <time>2026-08-05T21:39:57.000Z</time>
        <extensions>
          <ns3:TrackPointExtension>
            <ns3:atemp>32.0</ns3:atemp>
            <ns3:hr>162</ns3:hr>
            <ns3:cad>92</ns3:cad>
          </ns3:TrackPointExtension>
        </extensions>
      </trkpt>
      <trkpt lat="34.706655442714691162109375" lon="135.22564820945262908935546875">
        <ele>14</ele>
        <time>2026-08-05T21:39:58.000Z</time>
        <extensions>
          <ns3:TrackPointExtension>
            <ns3:atemp>32.0</ns3:atemp>
            <ns3:hr>162</ns3:hr>
            <ns3:cad>92</ns3:cad>
          </ns3:TrackPointExtension>
        </extensions>
      </trkpt>
      <trkpt lat="34.7066780738532543182373046875" lon="135.2256557531654834747314453125">
        <ele>14</ele>
        <time>2026-08-05T21:39:59.000Z</time>
        <extensions>
          <ns3:TrackPointExtension>
            <ns3:atemp>32.0</ns3:atemp>
            <ns3:hr>162</ns3:hr>
            <ns3:cad>92</ns3:cad>
          </ns3:TrackPointExtension>
        </extensions>
      </trkpt>
      <trkpt lat="34.70670036971569061279296875" lon="135.2256681583821773529052734375">
        <ele>13.80000019073486328125</ele>
        <time>2026-08-05T21:40:00.000Z</time>
        <extensions>
          <ns3:TrackPointExtension>
            <ns3:atemp>32.0</ns3:atemp>
            <ns3:hr>162</ns3:hr>
            <ns3:cad>91</ns3:cad>
          </ns3:TrackPointExtension>
        </extensions>
      </trkpt>
      <trkpt lat="34.70672073774039745330810546875" lon="135.22567796520888805389404296875">
        <ele>13.80000019073486328125</ele>
        <time>2026-08-05T21:40:01.000Z</time>
        <extensions>
          <ns3:TrackPointExtension>
            <ns3:atemp>32.0</ns3:atemp>
            <ns3:hr>162</ns3:hr>
            <ns3:cad>91</ns3:cad>
          </ns3:TrackPointExtension>
        </extensions>
      </trkpt>
      <trkpt lat="34.7067414410412311553955078125" lon="135.2256879396736621856689453125">
        <ele>14</ele>
        <time>2026-08-05T21:40:02.000Z</time>
        <extensions>
          <ns3:TrackPointExtension>
            <ns3:atemp>32.0</ns3:atemp>
            <ns3:hr>162</ns3:hr>
            <ns3:cad>91</ns3:cad>
          </ns3:TrackPointExtension>
        </extensions>
      </trkpt>
      <trkpt lat="34.70676348544657230377197265625" lon="135.2256986685097217559814453125">
        <ele>14</ele>
        <time>2026-08-05T21:40:03.000Z</time>
        <extensions>
          <ns3:TrackPointExtension>
            <ns3:atemp>32.0</ns3:atemp>
            <ns3:hr>162</ns3:hr>
            <ns3:cad>90</ns3:cad>
          </ns3:TrackPointExtension>
        </extensions>
      </trkpt>
      <trkpt lat="34.70678594894707202911376953125" lon="135.225710570812225341796875">
        <ele>14</ele>
        <time>2026-08-05T21:40:04.000Z</time>
        <extensions>
          <ns3:TrackPointExtension>
            <ns3:atemp>32.0</ns3:atemp>
            <ns3:hr>162</ns3:hr>
            <ns3:cad>90</ns3:cad>
          </ns3:TrackPointExtension>
        </extensions>
      </trkpt>
      <trkpt lat="34.70680505968630313873291015625" lon="135.22572356276214122772216796875">
        <ele>14.19999980926513671875</ele>
        <time>2026-08-05T21:40:05.000Z</time>
        <extensions>
          <ns3:TrackPointExtension>
            <ns3:atemp>32.0</ns3:atemp>
            <ns3:hr>162</ns3:hr>
            <ns3:cad>89</ns3:cad>
          </ns3:TrackPointExtension>
        </extensions>
      </trkpt>
      <trkpt lat="34.7068286128342151641845703125" lon="135.22573814727365970611572265625">
        <ele>14.19999980926513671875</ele>
        <time>2026-08-05T21:40:06.000Z</time>
        <extensions>
          <ns3:TrackPointExtension>
            <ns3:atemp>32.0</ns3:atemp>
            <ns3:hr>162</ns3:hr>
            <ns3:cad>89</ns3:cad>
          </ns3:TrackPointExtension>
        </extensions>
      </trkpt>
      <trkpt lat="34.7068527527153491973876953125" lon="135.22575004957616329193115234375">
        <ele>14.19999980926513671875</ele>
        <time>2026-08-05T21:40:07.000Z</time>
        <extensions>
          <ns3:TrackPointExtension>
            <ns3:atemp>32.0</ns3:atemp>
            <ns3:hr>162</ns3:hr>
            <ns3:cad>89</ns3:cad>
          </ns3:TrackPointExtension>
        </extensions>
      </trkpt>
      <trkpt lat="34.70687471330165863037109375" lon="135.22576664574444293975830078125">
        <ele>14.3999996185302734375</ele>
        <time>2026-08-05T21:40:08.000Z</time>
        <extensions>
          <ns3:TrackPointExtension>
            <ns3:atemp>32.0</ns3:atemp>
            <ns3:hr>163</ns3:hr>
            <ns3:cad>91</ns3:cad>
          </ns3:TrackPointExtension>
        </extensions>
      </trkpt>
      <trkpt lat="34.706897176802158355712890625" lon="135.225781984627246856689453125">
        <ele>14.80000019073486328125</ele>
        <time>2026-08-05T21:40:09.000Z</time>
        <extensions>
          <ns3:TrackPointExtension>
            <ns3:atemp>32.0</ns3:atemp>
            <ns3:hr>162</ns3:hr>
            <ns3:cad>91</ns3:cad>
          </ns3:TrackPointExtension>
        </extensions>
      </trkpt>
      <trkpt lat="34.70691704191267490386962890625" lon="135.22580101154744625091552734375">
        <ele>15.19999980926513671875</ele>
        <time>2026-08-05T21:40:10.000Z</time>
        <extensions>
          <ns3:TrackPointExtension>
            <ns3:atemp>32.0</ns3:atemp>
            <ns3:hr>163</ns3:hr>
            <ns3:cad>92</ns3:cad>
          </ns3:TrackPointExtension>
        </extensions>
      </trkpt>
      <trkpt lat="34.706939756870269775390625" lon="135.2258160151541233062744140625">
        <ele>15.6000003814697265625</ele>
        <time>2026-08-05T21:40:11.000Z</time>
        <extensions>
          <ns3:TrackPointExtension>
            <ns3:atemp>32.0</ns3:atemp>
            <ns3:hr>163</ns3:hr>
            <ns3:cad>93</ns3:cad>
          </ns3:TrackPointExtension>
        </extensions>
      </trkpt>
      <trkpt lat="34.7069828398525714874267578125" lon="135.22584208287298679351806640625">
        <ele>15.80000019073486328125</ele>
        <time>2026-08-05T21:40:12.000Z</time>
        <extensions>
          <ns3:TrackPointExtension>
            <ns3:atemp>32.0</ns3:atemp>
            <ns3:hr>163</ns3:hr>
            <ns3:cad>93</ns3:cad>
          </ns3:TrackPointExtension>
        </extensions>
      </trkpt>
      <trkpt lat="34.7069828398525714874267578125" lon="135.22584208287298679351806640625">
        <ele>15.80000019073486328125</ele>
        <time>2026-08-05T21:40:13.000Z</time>
        <extensions>
          <ns3:TrackPointExtension>
            <ns3:atemp>32.0</ns3:atemp>
            <ns3:hr>163</ns3:hr>
            <ns3:cad>92</ns3:cad>
          </ns3:TrackPointExtension>
        </extensions>
      </trkpt>
      <trkpt lat="34.7070039622485637664794921875" lon="135.2258612774312496185302734375">
        <ele>15.80000019073486328125</ele>
        <time>2026-08-05T21:40:14.000Z</time>
        <extensions>
          <ns3:TrackPointExtension>
            <ns3:atemp>32.0</ns3:atemp>
            <ns3:hr>164</ns3:hr>
            <ns3:cad>92</ns3:cad>
          </ns3:TrackPointExtension>
        </extensions>
      </trkpt>
      <trkpt lat="34.7070220671594142913818359375" lon="135.2258770354092121124267578125">
        <ele>16</ele>
        <time>2026-08-05T21:40:15.000Z</time>
        <extensions>
          <ns3:TrackPointExtension>
            <ns3:atemp>32.0</ns3:atemp>
            <ns3:hr>164</ns3:hr>
            <ns3:cad>92</ns3:cad>
          </ns3:TrackPointExtension>
        </extensions>
      </trkpt>
      <trkpt lat="34.70703899860382080078125" lon="135.225896649062633514404296875">
        <ele>16</ele>
        <time>2026-08-05T21:40:16.000Z</time>
        <extensions>
          <ns3:TrackPointExtension>
            <ns3:atemp>32.0</ns3:atemp>
            <ns3:hr>164</ns3:hr>
            <ns3:cad>92</ns3:cad>
          </ns3:TrackPointExtension>
        </extensions>
      </trkpt>
      <trkpt lat="34.70705651678144931793212890625" lon="135.2259179390966892242431640625">
        <ele>16</ele>
        <time>2026-08-05T21:40:17.000Z</time>
        <extensions>
          <ns3:TrackPointExtension>
            <ns3:atemp>32.0</ns3:atemp>
            <ns3:hr>164</ns3:hr>
            <ns3:cad>92</ns3:cad>
          </ns3:TrackPointExtension>
        </extensions>
      </trkpt>
      <trkpt lat="34.70707545988261699676513671875" lon="135.22593881003558635711669921875">
        <ele>16</ele>
        <time>2026-08-05T21:40:18.000Z</time>
        <extensions>
          <ns3:TrackPointExtension>
            <ns3:atemp>32.0</ns3:atemp>
            <ns3:hr>164</ns3:hr>
            <ns3:cad>92</ns3:cad>
          </ns3:TrackPointExtension>
        </extensions>
      </trkpt>
      <trkpt lat="34.70709272660315036773681640625" lon="135.22595473565161228179931640625">
        <ele>16</ele>
        <time>2026-08-05T21:40:19.000Z</time>
        <extensions>
          <ns3:TrackPointExtension>
            <ns3:atemp>32.0</ns3:atemp>
            <ns3:hr>164</ns3:hr>
            <ns3:cad>92</ns3:cad>
          </ns3:TrackPointExtension>
        </extensions>
      </trkpt>
      <trkpt lat="34.70710831694304943084716796875" lon="135.2259747684001922607421875">
        <ele>16.200000762939453125</ele>
        <time>2026-08-05T21:40:20.000Z</time>
        <extensions>
          <ns3:TrackPointExtension>
            <ns3:atemp>32.0</ns3:atemp>
            <ns3:hr>165</ns3:hr>
            <ns3:cad>91</ns3:cad>
          </ns3:TrackPointExtension>
        </extensions>
      </trkpt>
      <trkpt lat="34.707125835120677947998046875" lon="135.2259947173297405242919921875">
        <ele>16.200000762939453125</ele>
        <time>2026-08-05T21:40:21.000Z</time>
        <extensions>
          <ns3:TrackPointExtension>
            <ns3:atemp>32.0</ns3:atemp>
            <ns3:hr>165</ns3:hr>
            <ns3:cad>91</ns3:cad>
          </ns3:TrackPointExtension>
        </extensions>
      </trkpt>
      <trkpt lat="34.70714251510798931121826171875" lon="135.22601223550736904144287109375">
        <ele>16.3999996185302734375</ele>
        <time>2026-08-05T21:40:22.000Z</time>
        <extensions>
          <ns3:TrackPointExtension>
            <ns3:atemp>32.0</ns3:atemp>
            <ns3:hr>165</ns3:hr>
            <ns3:cad>91</ns3:cad>
          </ns3:TrackPointExtension>
        </extensions>
      </trkpt>
      <trkpt lat="34.70717168413102626800537109375" lon="135.2260445058345794677734375">
        <ele>16.6000003814697265625</ele>
        <time>2026-08-05T21:40:23.000Z</time>
        <extensions>
          <ns3:TrackPointExtension>
            <ns3:atemp>32.0</ns3:atemp>
            <ns3:hr>164</ns3:hr>
            <ns3:cad>92</ns3:cad>
          </ns3:TrackPointExtension>
        </extensions>
      </trkpt>
      <trkpt lat="34.70717168413102626800537109375" lon="135.2260445058345794677734375">
        <ele>16.6000003814697265625</ele>
        <time>2026-08-05T21:40:24.000Z</time>
        <extensions>
          <ns3:TrackPointExtension>
            <ns3:atemp>32.0</ns3:atemp>
            <ns3:hr>165</ns3:hr>
            <ns3:cad>92</ns3:cad>
          </ns3:TrackPointExtension>
        </extensions>
      </trkpt>
      <trkpt lat="34.7071886993944644927978515625" lon="135.226063616573810577392578125">
        <ele>16.6000003814697265625</ele>
        <time>2026-08-05T21:40:25.000Z</time>
        <extensions>
          <ns3:TrackPointExtension>
            <ns3:atemp>32.0</ns3:atemp>
            <ns3:hr>165</ns3:hr>
            <ns3:cad>92</ns3:cad>
          </ns3:TrackPointExtension>
        </extensions>
      </trkpt>
      <trkpt lat="34.70720973797142505645751953125" lon="135.2260815538465976715087890625">
        <ele>16.799999237060546875</ele>
        <time>2026-08-05T21:40:26.000Z</time>
        <extensions>
          <ns3:TrackPointExtension>
            <ns3:atemp>32.0</ns3:atemp>
            <ns3:hr>164</ns3:hr>
            <ns3:cad>92</ns3:cad>
          </ns3:TrackPointExtension>
        </extensions>
      </trkpt>
      <trkpt lat="34.7072275914251804351806640625" lon="135.22610058076679706573486328125">
        <ele>16.799999237060546875</ele>
        <time>2026-08-05T21:40:27.000Z</time>
        <extensions>
          <ns3:TrackPointExtension>
            <ns3:atemp>32.0</ns3:atemp>
            <ns3:hr>165</ns3:hr>
            <ns3:cad>91</ns3:cad>
          </ns3:TrackPointExtension>
        </extensions>
      </trkpt>
      <trkpt lat="34.70724477432668209075927734375" lon="135.22611918859183788299560546875">
        <ele>16.799999237060546875</ele>
        <time>2026-08-05T21:40:28.000Z</time>
        <extensions>
          <ns3:TrackPointExtension>
            <ns3:atemp>32.0</ns3:atemp>
            <ns3:hr>165</ns3:hr>
            <ns3:cad>90</ns3:cad>
          </ns3:TrackPointExtension>
        </extensions>
      </trkpt>
      <trkpt lat="34.70726095139980316162109375" lon="135.22614198736846446990966796875">
        <ele>17</ele>
        <time>2026-08-05T21:40:29.000Z</time>
        <extensions>
          <ns3:TrackPointExtension>
            <ns3:atemp>32.0</ns3:atemp>
            <ns3:hr>164</ns3:hr>
            <ns3:cad>91</ns3:cad>
          </ns3:TrackPointExtension>
        </extensions>
      </trkpt>
      <trkpt lat="34.70727411098778247833251953125" lon="135.226164869964122772216796875">
        <ele>17.200000762939453125</ele>
        <time>2026-08-05T21:40:30.000Z</time>
        <extensions>
          <ns3:TrackPointExtension>
            <ns3:atemp>32.0</ns3:atemp>
            <ns3:hr>164</ns3:hr>
            <ns3:cad>90</ns3:cad>
          </ns3:TrackPointExtension>
        </extensions>
      </trkpt>
      <trkpt lat="34.7072926349937915802001953125" lon="135.22618741728365421295166015625">
        <ele>17.200000762939453125</ele>
        <time>2026-08-05T21:40:31.000Z</time>
        <extensions>
          <ns3:TrackPointExtension>
            <ns3:atemp>32.0</ns3:atemp>
            <ns3:hr>164</ns3:hr>
            <ns3:cad>91</ns3:cad>
          </ns3:TrackPointExtension>
        </extensions>
      </trkpt>
      <trkpt lat="34.70731132663786411285400390625" lon="135.22620770148932933807373046875">
        <ele>17.3999996185302734375</ele>
        <time>2026-08-05T21:40:32.000Z</time>
        <extensions>
          <ns3:TrackPointExtension>
            <ns3:atemp>32.0</ns3:atemp>
            <ns3:hr>164</ns3:hr>
            <ns3:cad>91</ns3:cad>
          </ns3:TrackPointExtension>
        </extensions>
      </trkpt>
      <trkpt lat="34.707327671349048614501953125" lon="135.2262304164469242095947265625">
        <ele>17.3999996185302734375</ele>
        <time>2026-08-05T21:40:33.000Z</time>
        <extensions>
          <ns3:TrackPointExtension>
            <ns3:atemp>32.0</ns3:atemp>
            <ns3:hr>165</ns3:hr>
            <ns3:cad>92</ns3:cad>
          </ns3:TrackPointExtension>
        </extensions>
      </trkpt>
      <trkpt lat="34.7073434293270111083984375" lon="135.22625262849032878875732421875">
        <ele>17.6000003814697265625</ele>
        <time>2026-08-05T21:40:34.000Z</time>
        <extensions>
          <ns3:TrackPointExtension>
            <ns3:atemp>32.0</ns3:atemp>
            <ns3:hr>164</ns3:hr>
            <ns3:cad>92</ns3:cad>
          </ns3:TrackPointExtension>
        </extensions>
      </trkpt>
      <trkpt lat="34.70736128278076648712158203125" lon="135.2262751758098602294921875">
        <ele>17.6000003814697265625</ele>
        <time>2026-08-05T21:40:35.000Z</time>
        <extensions>
          <ns3:TrackPointExtension>
            <ns3:atemp>32.0</ns3:atemp>
            <ns3:hr>164</ns3:hr>
            <ns3:cad>93</ns3:cad>
          </ns3:TrackPointExtension>
        </extensions>
      </trkpt>
      <trkpt lat="34.70737938769161701202392578125" lon="135.2262944541871547698974609375">
        <ele>17.6000003814697265625</ele>
        <time>2026-08-05T21:40:36.000Z</time>
        <extensions>
          <ns3:TrackPointExtension>
            <ns3:atemp>32.0</ns3:atemp>
            <ns3:hr>164</ns3:hr>
            <ns3:cad>93</ns3:cad>
          </ns3:TrackPointExtension>
        </extensions>
      </trkpt>
      <trkpt lat="34.70739514566957950592041015625" lon="135.2263165824115276336669921875">
        <ele>17.799999237060546875</ele>
        <time>2026-08-05T21:40:37.000Z</time>
        <extensions>
          <ns3:TrackPointExtension>
            <ns3:atemp>32.0</ns3:atemp>
            <ns3:hr>164</ns3:hr>
            <ns3:cad>93</ns3:cad>
          </ns3:TrackPointExtension>
        </extensions>
      </trkpt>
      <trkpt lat="34.7074116580188274383544921875" lon="135.22633778862655162811279296875">
        <ele>17.799999237060546875</ele>
        <time>2026-08-05T21:40:38.000Z</time>
        <extensions>
          <ns3:TrackPointExtension>
            <ns3:atemp>32.0</ns3:atemp>
            <ns3:hr>165</ns3:hr>
            <ns3:cad>93</ns3:cad>
          </ns3:TrackPointExtension>
        </extensions>
      </trkpt>
      <trkpt lat="34.70742615871131420135498046875" lon="135.22636159323155879974365234375">
        <ele>18</ele>
        <time>2026-08-05T21:40:39.000Z</time>
        <extensions>
          <ns3:TrackPointExtension>
            <ns3:atemp>32.0</ns3:atemp>
            <ns3:hr>164</ns3:hr>
            <ns3:cad>92</ns3:cad>
          </ns3:TrackPointExtension>
        </extensions>
      </trkpt>
      <trkpt lat="34.70744074322283267974853515625" lon="135.2263853140175342559814453125">
        <ele>18</ele>
        <time>2026-08-05T21:40:40.000Z</time>
        <extensions>
          <ns3:TrackPointExtension>
            <ns3:atemp>32.0</ns3:atemp>
            <ns3:hr>164</ns3:hr>
            <ns3:cad>92</ns3:cad>
          </ns3:TrackPointExtension>
        </extensions>
      </trkpt>
      <trkpt lat="34.70745331607758998870849609375" lon="135.22640752606093883514404296875">
        <ele>18</ele>
        <time>2026-08-05T21:40:41.000Z</time>
        <extensions>
          <ns3:TrackPointExtension>
            <ns3:atemp>32.0</ns3:atemp>
            <ns3:hr>165</ns3:hr>
            <ns3:cad>92</ns3:cad>
          </ns3:TrackPointExtension>
        </extensions>
      </trkpt>
      <trkpt lat="34.7074696607887744903564453125" lon="135.22643485106527805328369140625">
        <ele>18.200000762939453125</ele>
        <time>2026-08-05T21:40:42.000Z</time>
        <extensions>
          <ns3:TrackPointExtension>
            <ns3:atemp>32.0</ns3:atemp>
            <ns3:hr>165</ns3:hr>
            <ns3:cad>91</ns3:cad>
          </ns3:TrackPointExtension>
        </extensions>
      </trkpt>
      <trkpt lat="34.70748533494770526885986328125" lon="135.22645647637546062469482421875">
        <ele>18.200000762939453125</ele>
        <time>2026-08-05T21:40:43.000Z</time>
        <extensions>
          <ns3:TrackPointExtension>
            <ns3:atemp>32.0</ns3:atemp>
            <ns3:hr>165</ns3:hr>
            <ns3:cad>91</ns3:cad>
          </ns3:TrackPointExtension>
        </extensions>
      </trkpt>
      <trkpt lat="34.70749958418309688568115234375" lon="135.22648212499916553497314453125">
        <ele>18.200000762939453125</ele>
        <time>2026-08-05T21:40:44.000Z</time>
        <extensions>
          <ns3:TrackPointExtension>
            <ns3:atemp>32.0</ns3:atemp>
            <ns3:hr>165</ns3:hr>
            <ns3:cad>91</ns3:cad>
          </ns3:TrackPointExtension>
        </extensions>
      </trkpt>
      <trkpt lat="34.70751098357141017913818359375" lon="135.22650710307061672210693359375">
        <ele>18.200000762939453125</ele>
        <time>2026-08-05T21:40:45.000Z</time>
        <extensions>
          <ns3:TrackPointExtension>
            <ns3:atemp>32.0</ns3:atemp>
            <ns3:hr>166</ns3:hr>
            <ns3:cad>91</ns3:cad>
          </ns3:TrackPointExtension>
        </extensions>
      </trkpt>
      <trkpt lat="34.70751835964620113372802734375" lon="135.22653141058981418609619140625">
        <ele>18.200000762939453125</ele>
        <time>2026-08-05T21:40:46.000Z</time>
        <extensions>
          <ns3:TrackPointExtension>
            <ns3:atemp>32.0</ns3:atemp>
            <ns3:hr>166</ns3:hr>
            <ns3:cad>91</ns3:cad>
          </ns3:TrackPointExtension>
        </extensions>
      </trkpt>
      <trkpt lat="34.7075276635587215423583984375" lon="135.2265583164989948272705078125">
        <ele>18.200000762939453125</ele>
        <time>2026-08-05T21:40:47.000Z</time>
        <extensions>
          <ns3:TrackPointExtension>
            <ns3:atemp>32.0</ns3:atemp>
            <ns3:hr>166</ns3:hr>
            <ns3:cad>91</ns3:cad>
          </ns3:TrackPointExtension>
        </extensions>
      </trkpt>
      <trkpt lat="34.70753495581448078155517578125" lon="135.226585976779460906982421875">
        <ele>18.200000762939453125</ele>
        <time>2026-08-05T21:40:48.000Z</time>
        <extensions>
          <ns3:TrackPointExtension>
            <ns3:atemp>32.0</ns3:atemp>
            <ns3:hr>166</ns3:hr>
            <ns3:cad>92</ns3:cad>
          </ns3:TrackPointExtension>
        </extensions>
      </trkpt>
      <trkpt lat="34.70754618756473064422607421875" lon="135.22660684771835803985595703125">
        <ele>18.200000762939453125</ele>
        <time>2026-08-05T21:40:49.000Z</time>
        <extensions>
          <ns3:TrackPointExtension>
            <ns3:atemp>32.0</ns3:atemp>
            <ns3:hr>167</ns3:hr>
            <ns3:cad>92</ns3:cad>
          </ns3:TrackPointExtension>
        </extensions>
      </trkpt>
      <trkpt lat="34.7075541503727436065673828125" lon="135.2266317419707775115966796875">
        <ele>18.200000762939453125</ele>
        <time>2026-08-05T21:40:50.000Z</time>
        <extensions>
          <ns3:TrackPointExtension>
            <ns3:atemp>32.0</ns3:atemp>
            <ns3:hr>167</ns3:hr>
            <ns3:cad>92</ns3:cad>
          </ns3:TrackPointExtension>
        </extensions>
      </trkpt>
      <trkpt lat="34.70755943097174167633056640625" lon="135.226659066975116729736328125">
        <ele>18.200000762939453125</ele>
        <time>2026-08-05T21:40:51.000Z</time>
        <extensions>
          <ns3:TrackPointExtension>
            <ns3:atemp>32.0</ns3:atemp>
            <ns3:hr>166</ns3:hr>
            <ns3:cad>91</ns3:cad>
          </ns3:TrackPointExtension>
        </extensions>
      </trkpt>
      <trkpt lat="34.7075665555894374847412109375" lon="135.22668781690299510955810546875">
        <ele>18.200000762939453125</ele>
        <time>2026-08-05T21:40:52.000Z</time>
        <extensions>
          <ns3:TrackPointExtension>
            <ns3:atemp>32.0</ns3:atemp>
            <ns3:hr>167</ns3:hr>
            <ns3:cad>92</ns3:cad>
          </ns3:TrackPointExtension>
        </extensions>
      </trkpt>
      <trkpt lat="34.70757535658776760101318359375" lon="135.22671346552670001983642578125">
        <ele>18.200000762939453125</ele>
        <time>2026-08-05T21:40:53.000Z</time>
        <extensions>
          <ns3:TrackPointExtension>
            <ns3:atemp>32.0</ns3:atemp>
            <ns3:hr>167</ns3:hr>
            <ns3:cad>92</ns3:cad>
          </ns3:TrackPointExtension>
        </extensions>
      </trkpt>
      <trkpt lat="34.7075880132615566253662109375" lon="135.226768366992473602294921875">
        <ele>18.200000762939453125</ele>
        <time>2026-08-05T21:40:54.000Z</time>
        <extensions>
          <ns3:TrackPointExtension>
            <ns3:atemp>32.0</ns3:atemp>
            <ns3:hr>167</ns3:hr>
            <ns3:cad>92</ns3:cad>
          </ns3:TrackPointExtension>
        </extensions>
      </trkpt>
      <trkpt lat="34.7075880132615566253662109375" lon="135.226768366992473602294921875">
        <ele>18.200000762939453125</ele>
        <time>2026-08-05T21:40:55.000Z</time>
        <extensions>
          <ns3:TrackPointExtension>
            <ns3:atemp>32.0</ns3:atemp>
            <ns3:hr>167</ns3:hr>
            <ns3:cad>92</ns3:cad>
          </ns3:TrackPointExtension>
        </extensions>
      </trkpt>
      <trkpt lat="34.7075997479259967803955078125" lon="135.22679694928228855133056640625">
        <ele>18.3999996185302734375</ele>
        <time>2026-08-05T21:40:56.000Z</time>
        <extensions>
          <ns3:TrackPointExtension>
            <ns3:atemp>32.0</ns3:atemp>
            <ns3:hr>167</ns3:hr>
            <ns3:cad>93</ns3:cad>
          </ns3:TrackPointExtension>
        </extensions>
      </trkpt>
      <trkpt lat="34.7076088003814220428466796875" lon="135.22682301700115203857421875">
        <ele>18.3999996185302734375</ele>
        <time>2026-08-05T21:40:57.000Z</time>
        <extensions>
          <ns3:TrackPointExtension>
            <ns3:atemp>32.0</ns3:atemp>
            <ns3:hr>167</ns3:hr>
            <ns3:cad>93</ns3:cad>
          </ns3:TrackPointExtension>
        </extensions>
      </trkpt>
      <trkpt lat="34.70762179233133792877197265625" lon="135.22685252130031585693359375">
        <ele>18.6000003814697265625</ele>
        <time>2026-08-05T21:40:58.000Z</time>
        <extensions>
          <ns3:TrackPointExtension>
            <ns3:atemp>32.0</ns3:atemp>
            <ns3:hr>167</ns3:hr>
            <ns3:cad>93</ns3:cad>
          </ns3:TrackPointExtension>
        </extensions>
      </trkpt>
      <trkpt lat="34.7076339460909366607666015625" lon="135.22688110359013080596923828125">
        <ele>18.6000003814697265625</ele>
        <time>2026-08-05T21:40:59.000Z</time>
        <extensions>
          <ns3:TrackPointExtension>
            <ns3:atemp>32.0</ns3:atemp>
            <ns3:hr>167</ns3:hr>
            <ns3:cad>93</ns3:cad>
          </ns3:TrackPointExtension>
        </extensions>
      </trkpt>
      <trkpt lat="34.70764878205955028533935546875" lon="135.2269080094993114471435546875">
        <ele>18.799999237060546875</ele>
        <time>2026-08-05T21:41:00.000Z</time>
        <extensions>
          <ns3:TrackPointExtension>
            <ns3:atemp>32.0</ns3:atemp>
            <ns3:hr>168</ns3:hr>
            <ns3:cad>93</ns3:cad>
          </ns3:TrackPointExtension>
        </extensions>
      </trkpt>
      <trkpt lat="34.70766755752265453338623046875" lon="135.22692955099046230316162109375">
        <ele>19</ele>
        <time>2026-08-05T21:41:01.000Z</time>
        <extensions>
          <ns3:TrackPointExtension>
            <ns3:atemp>31.0</ns3:atemp>
            <ns3:hr>168</ns3:hr>
            <ns3:cad>92</ns3:cad>
          </ns3:TrackPointExtension>
        </extensions>
      </trkpt>
      <trkpt lat="34.707695133984088897705078125" lon="135.22693038918077945709228515625">
        <ele>19.3999996185302734375</ele>
        <time>2026-08-05T21:41:02.000Z</time>
        <extensions>
          <ns3:TrackPointExtension>
            <ns3:atemp>32.0</ns3:atemp>
            <ns3:hr>168</ns3:hr>
            <ns3:cad>91</ns3:cad>
          </ns3:TrackPointExtension>
        </extensions>
      </trkpt>
      <trkpt lat="34.7077221237123012542724609375" lon="135.22692552767693996429443359375">
        <ele>19.799999237060546875</ele>
        <time>2026-08-05T21:41:03.000Z</time>
        <extensions>
          <ns3:TrackPointExtension>
            <ns3:atemp>32.0</ns3:atemp>
            <ns3:hr>168</ns3:hr>
            <ns3:cad>91</ns3:cad>
          </ns3:TrackPointExtension>
        </extensions>
      </trkpt>
      <trkpt lat="34.7077492810785770416259765625" lon="135.2269197441637516021728515625">
        <ele>20</ele>
        <time>2026-08-05T21:41:04.000Z</time>
        <extensions>
          <ns3:TrackPointExtension>
            <ns3:atemp>32.0</ns3:atemp>
            <ns3:hr>167</ns3:hr>
            <ns3:cad>91</ns3:cad>
          </ns3:TrackPointExtension>
        </extensions>
      </trkpt>
      <trkpt lat="34.707776941359043121337890625" lon="135.22691060788929462432861328125">
        <ele>20</ele>
        <time>2026-08-05T21:41:05.000Z</time>
        <extensions>
          <ns3:TrackPointExtension>
            <ns3:atemp>31.0</ns3:atemp>
            <ns3:hr>168</ns3:hr>
            <ns3:cad>92</ns3:cad>
          </ns3:TrackPointExtension>
        </extensions>
      </trkpt>
      <trkpt lat="34.70780535601079463958740234375" lon="135.22690256126224994659423828125">
        <ele>20</ele>
        <time>2026-08-05T21:41:06.000Z</time>
        <extensions>
          <ns3:TrackPointExtension>
            <ns3:atemp>31.0</ns3:atemp>
            <ns3:hr>168</ns3:hr>
            <ns3:cad>92</ns3:cad>
          </ns3:TrackPointExtension>
        </extensions>
      </trkpt>
      <trkpt lat="34.70783150754868984222412109375" lon="135.22689484991133213043212890625">
        <ele>20</ele>
        <time>2026-08-05T21:41:07.000Z</time>
        <extensions>
          <ns3:TrackPointExtension>
            <ns3:atemp>32.0</ns3:atemp>
            <ns3:hr>168</ns3:hr>
            <ns3:cad>90</ns3:cad>
          </ns3:TrackPointExtension>
        </extensions>
      </trkpt>
      <trkpt lat="34.70785866491496562957763671875" lon="135.22689267061650753021240234375">
        <ele>19.799999237060546875</ele>
        <time>2026-08-05T21:41:08.000Z</time>
        <extensions>
          <ns3:TrackPointExtension>
            <ns3:atemp>32.0</ns3:atemp>
            <ns3:hr>168</ns3:hr>
            <ns3:cad>90</ns3:cad>
          </ns3:TrackPointExtension>
        </extensions>
      </trkpt>
      <trkpt lat="34.707883559167385101318359375" lon="135.22689853794872760772705078125">
        <ele>19.799999237060546875</ele>
        <time>2026-08-05T21:41:09.000Z</time>
        <extensions>
          <ns3:TrackPointExtension>
            <ns3:atemp>32.0</ns3:atemp>
            <ns3:hr>169</ns3:hr>
            <ns3:cad>90</ns3:cad>
          </ns3:TrackPointExtension>
        </extensions>
      </trkpt>
      <trkpt lat="34.70790468156337738037109375" lon="135.22691295482218265533447265625">
        <ele>19.6000003814697265625</ele>
        <time>2026-08-05T21:41:10.000Z</time>
        <extensions>
          <ns3:TrackPointExtension>
            <ns3:atemp>31.0</ns3:atemp>
            <ns3:hr>169</ns3:hr>
            <ns3:cad>90</ns3:cad>
          </ns3:TrackPointExtension>
        </extensions>
      </trkpt>
      <trkpt lat="34.70791876316070556640625" lon="135.2269371785223484039306640625">
        <ele>19.6000003814697265625</ele>
        <time>2026-08-05T21:41:11.000Z</time>
        <extensions>
          <ns3:TrackPointExtension>
            <ns3:atemp>31.0</ns3:atemp>
            <ns3:hr>169</ns3:hr>
            <ns3:cad>90</ns3:cad>
          </ns3:TrackPointExtension>
        </extensions>
      </trkpt>
      <trkpt lat="34.7079296596348285675048828125" lon="135.226964168250560760498046875">
        <ele>19.6000003814697265625</ele>
        <time>2026-08-05T21:41:12.000Z</time>
        <extensions>
          <ns3:TrackPointExtension>
            <ns3:atemp>32.0</ns3:atemp>
            <ns3:hr>169</ns3:hr>
            <ns3:cad>91</ns3:cad>
          </ns3:TrackPointExtension>
        </extensions>
      </trkpt>
      <trkpt lat="34.7079410590231418609619140625" lon="135.22699375636875629425048828125">
        <ele>19.799999237060546875</ele>
        <time>2026-08-05T21:41:13.000Z</time>
        <extensions>
          <ns3:TrackPointExtension>
            <ns3:atemp>31.0</ns3:atemp>
            <ns3:hr>170</ns3:hr>
            <ns3:cad>90</ns3:cad>
          </ns3:TrackPointExtension>
        </extensions>
      </trkpt>
      <trkpt lat="34.707950614392757415771484375" lon="135.22702460177242755889892578125">
        <ele>20</ele>
        <time>2026-08-05T21:41:14.000Z</time>
        <extensions>
          <ns3:TrackPointExtension>
            <ns3:atemp>31.0</ns3:atemp>
            <ns3:hr>170</ns3:hr>
            <ns3:cad>90</ns3:cad>
          </ns3:TrackPointExtension>
        </extensions>
      </trkpt>
      <trkpt lat="34.70796192996203899383544921875" lon="135.22705242969095706939697265625">
        <ele>20.200000762939453125</ele>
        <time>2026-08-05T21:41:15.000Z</time>
        <extensions>
          <ns3:TrackPointExtension>
            <ns3:atemp>31.0</ns3:atemp>
            <ns3:hr>170</ns3:hr>
            <ns3:cad>90</ns3:cad>
          </ns3:TrackPointExtension>
        </extensions>
      </trkpt>
      <trkpt lat="34.707977771759033203125" lon="135.2270719595253467559814453125">
        <ele>20.200000762939453125</ele>
        <time>2026-08-05T21:41:16.000Z</time>
        <extensions>
          <ns3:TrackPointExtension>
            <ns3:atemp>32.0</ns3:atemp>
            <ns3:hr>170</ns3:hr>
            <ns3:cad>90</ns3:cad>
          </ns3:TrackPointExtension>
        </extensions>
      </trkpt>
      <trkpt lat="34.70799780450761318206787109375" lon="135.22708059288561344146728515625">
        <ele>20.3999996185302734375</ele>
        <time>2026-08-05T21:41:17.000Z</time>
        <extensions>
          <ns3:TrackPointExtension>
            <ns3:atemp>32.0</ns3:atemp>
            <ns3:hr>170</ns3:hr>
            <ns3:cad>90</ns3:cad>
          </ns3:TrackPointExtension>
        </extensions>
      </trkpt>
      <trkpt lat="34.70801859162747859954833984375" lon="135.2270753122866153717041015625">
        <ele>20.6000003814697265625</ele>
        <time>2026-08-05T21:41:18.000Z</time>
        <extensions>
          <ns3:TrackPointExtension>
            <ns3:atemp>32.0</ns3:atemp>
            <ns3:hr>170</ns3:hr>
            <ns3:cad>90</ns3:cad>
          </ns3:TrackPointExtension>
        </extensions>
      </trkpt>
      <trkpt lat="34.7080392949283123016357421875" lon="135.2270652540028095245361328125">
        <ele>21</ele>
        <time>2026-08-05T21:41:19.000Z</time>
        <extensions>
          <ns3:TrackPointExtension>
            <ns3:atemp>32.0</ns3:atemp>
            <ns3:hr>171</ns3:hr>
            <ns3:cad>90</ns3:cad>
          </ns3:TrackPointExtension>
        </extensions>
      </trkpt>
      <trkpt lat="34.70805563963949680328369140625" lon="135.2270501665771007537841796875">
        <ele>21.3999996185302734375</ele>
        <time>2026-08-05T21:41:20.000Z</time>
        <extensions>
          <ns3:TrackPointExtension>
            <ns3:atemp>31.0</ns3:atemp>
            <ns3:hr>170</ns3:hr>
            <ns3:cad>90</ns3:cad>
          </ns3:TrackPointExtension>
        </extensions>
      </trkpt>
      <trkpt lat="34.70807793550193309783935546875" lon="135.22703893482685089111328125">
        <ele>21.6000003814697265625</ele>
        <time>2026-08-05T21:41:21.000Z</time>
        <extensions>
          <ns3:TrackPointExtension>
            <ns3:atemp>31.0</ns3:atemp>
            <ns3:hr>170</ns3:hr>
            <ns3:cad>88</ns3:cad>
          </ns3:TrackPointExtension>
        </extensions>
      </trkpt>
      <trkpt lat="34.70810006372630596160888671875" lon="135.2270283736288547515869140625">
        <ele>22</ele>
        <time>2026-08-05T21:41:22.000Z</time>
        <extensions>
          <ns3:TrackPointExtension>
            <ns3:atemp>32.0</ns3:atemp>
            <ns3:hr>170</ns3:hr>
            <ns3:cad>88</ns3:cad>
          </ns3:TrackPointExtension>
        </extensions>
      </trkpt>
      <trkpt lat="34.70811917446553707122802734375" lon="135.2270199917256832122802734375">
        <ele>22</ele>
        <time>2026-08-05T21:41:23.000Z</time>
        <extensions>
          <ns3:TrackPointExtension>
            <ns3:atemp>32.0</ns3:atemp>
            <ns3:hr>171</ns3:hr>
            <ns3:cad>88</ns3:cad>
          </ns3:TrackPointExtension>
        </extensions>
      </trkpt>
      <trkpt lat="34.70814046449959278106689453125" lon="135.2270127832889556884765625">
        <ele>22.200000762939453125</ele>
        <time>2026-08-05T21:41:24.000Z</time>
        <extensions>
          <ns3:TrackPointExtension>
            <ns3:atemp>32.0</ns3:atemp>
            <ns3:hr>170</ns3:hr>
            <ns3:cad>88</ns3:cad>
          </ns3:TrackPointExtension>
        </extensions>
      </trkpt>
      <trkpt lat="34.70816343091428279876708984375" lon="135.2270075865089893341064453125">
        <ele>22.3999996185302734375</ele>
        <time>2026-08-05T21:41:25.000Z</time>
        <extensions>
          <ns3:TrackPointExtension>
            <ns3:atemp>32.0</ns3:atemp>
            <ns3:hr>170</ns3:hr>
            <ns3:cad>89</ns3:cad>
          </ns3:TrackPointExtension>
        </extensions>
      </trkpt>
      <trkpt lat="34.708185307681560516357421875" lon="135.22700146771967411041259765625">
        <ele>22.3999996185302734375</ele>
        <time>2026-08-05T21:41:26.000Z</time>
        <extensions>
          <ns3:TrackPointExtension>
            <ns3:atemp>32.0</ns3:atemp>
            <ns3:hr>171</ns3:hr>
            <ns3:cad>89</ns3:cad>
          </ns3:TrackPointExtension>
        </extensions>
      </trkpt>
      <trkpt lat="34.70820534043014049530029296875" lon="135.226985625922679901123046875">
        <ele>22.6000003814697265625</ele>
        <time>2026-08-05T21:41:27.000Z</time>
        <extensions>
          <ns3:TrackPointExtension>
            <ns3:atemp>32.0</ns3:atemp>
            <ns3:hr>171</ns3:hr>
            <ns3:cad>89</ns3:cad>
          </ns3:TrackPointExtension>
        </extensions>
      </trkpt>
      <trkpt lat="34.7082260437309741973876953125" lon="135.2269730530679225921630859375">
        <ele>22.799999237060546875</ele>
        <time>2026-08-05T21:41:28.000Z</time>
        <extensions>
          <ns3:TrackPointExtension>
            <ns3:atemp>32.0</ns3:atemp>
            <ns3:hr>171</ns3:hr>
            <ns3:cad>89</ns3:cad>
          </ns3:TrackPointExtension>
        </extensions>
      </trkpt>
      <trkpt lat="34.70824490301311016082763671875" lon="135.2269629947841167449951171875">
        <ele>23</ele>
        <time>2026-08-05T21:41:29.000Z</time>
        <extensions>
          <ns3:TrackPointExtension>
            <ns3:atemp>32.0</ns3:atemp>
            <ns3:hr>171</ns3:hr>
            <ns3:cad>88</ns3:cad>
          </ns3:TrackPointExtension>
        </extensions>
      </trkpt>
      <trkpt lat="34.7082679532468318939208984375" lon="135.226953439414501190185546875">
        <ele>23</ele>
        <time>2026-08-05T21:41:30.000Z</time>
        <extensions>
          <ns3:TrackPointExtension>
            <ns3:atemp>32.0</ns3:atemp>
            <ns3:hr>172</ns3:hr>
            <ns3:cad>89</ns3:cad>
          </ns3:TrackPointExtension>
        </extensions>
      </trkpt>
      <trkpt lat="34.70829117111861705780029296875" lon="135.22694229148328304290771484375">
        <ele>23.200000762939453125</ele>
        <time>2026-08-05T21:41:31.000Z</time>
        <extensions>
          <ns3:TrackPointExtension>
            <ns3:atemp>32.0</ns3:atemp>
            <ns3:hr>172</ns3:hr>
            <ns3:cad>89</ns3:cad>
          </ns3:TrackPointExtension>
        </extensions>
      </trkpt>
      <trkpt lat="34.708314724266529083251953125" lon="135.22693298757076263427734375">
        <ele>23.200000762939453125</ele>
        <time>2026-08-05T21:41:32.000Z</time>
        <extensions>
          <ns3:TrackPointExtension>
            <ns3:atemp>32.0</ns3:atemp>
            <ns3:hr>172</ns3:hr>
            <ns3:cad>89</ns3:cad>
          </ns3:TrackPointExtension>
        </extensions>
      </trkpt>
      <trkpt lat="34.70833559520542621612548828125" lon="135.22692167200148105621337890625">
        <ele>23</ele>
        <time>2026-08-05T21:41:33.000Z</time>
        <extensions>
          <ns3:TrackPointExtension>
            <ns3:atemp>32.0</ns3:atemp>
            <ns3:hr>172</ns3:hr>
            <ns3:cad>90</ns3:cad>
          </ns3:TrackPointExtension>
        </extensions>
      </trkpt>
      <trkpt lat="34.7083551250398159027099609375" lon="135.226907171308994293212890625">
        <ele>23</ele>
        <time>2026-08-05T21:41:34.000Z</time>
        <extensions>
          <ns3:TrackPointExtension>
            <ns3:atemp>32.0</ns3:atemp>
            <ns3:hr>172</ns3:hr>
            <ns3:cad>90</ns3:cad>
          </ns3:TrackPointExtension>
        </extensions>
      </trkpt>
      <trkpt lat="34.7083785943686962127685546875" lon="135.2268895693123340606689453125">
        <ele>23.200000762939453125</ele>
        <time>2026-08-05T21:41:35.000Z</time>
        <extensions>
          <ns3:TrackPointExtension>
            <ns3:atemp>32.0</ns3:atemp>
            <ns3:hr>172</ns3:hr>
            <ns3:cad>90</ns3:cad>
          </ns3:TrackPointExtension>
        </extensions>
      </trkpt>
      <trkpt lat="34.7084003873169422149658203125" lon="135.22687724791467189788818359375">
        <ele>23.200000762939453125</ele>
        <time>2026-08-05T21:41:36.000Z</time>
        <extensions>
          <ns3:TrackPointExtension>
            <ns3:atemp>32.0</ns3:atemp>
            <ns3:hr>172</ns3:hr>
            <ns3:cad>91</ns3:cad>
          </ns3:TrackPointExtension>
        </extensions>
      </trkpt>
      <trkpt lat="34.70842293463647365570068359375" lon="135.2268674410879611968994140625">
        <ele>23.3999996185302734375</ele>
        <time>2026-08-05T21:41:37.000Z</time>
        <extensions>
          <ns3:TrackPointExtension>
            <ns3:atemp>32.0</ns3:atemp>
            <ns3:hr>172</ns3:hr>
            <ns3:cad>92</ns3:cad>
          </ns3:TrackPointExtension>
        </extensions>
      </trkpt>
      <trkpt lat="34.70844271592795848846435546875" lon="135.22685629315674304962158203125">
        <ele>23.6000003814697265625</ele>
        <time>2026-08-05T21:41:38.000Z</time>
        <extensions>
          <ns3:TrackPointExtension>
            <ns3:atemp>32.0</ns3:atemp>
            <ns3:hr>172</ns3:hr>
            <ns3:cad>92</ns3:cad>
          </ns3:TrackPointExtension>
        </extensions>
      </trkpt>
      <trkpt lat="34.70846123993396759033203125" lon="135.2268439717590808868408203125">
        <ele>23.799999237060546875</ele>
        <time>2026-08-05T21:41:39.000Z</time>
        <extensions>
          <ns3:TrackPointExtension>
            <ns3:atemp>32.0</ns3:atemp>
            <ns3:hr>172</ns3:hr>
            <ns3:cad>92</ns3:cad>
          </ns3:TrackPointExtension>
        </extensions>
      </trkpt>
      <trkpt lat="34.70848269760608673095703125" lon="135.226833410561084747314453125">
        <ele>24</ele>
        <time>2026-08-05T21:41:40.000Z</time>
        <extensions>
          <ns3:TrackPointExtension>
            <ns3:atemp>32.0</ns3:atemp>
            <ns3:hr>172</ns3:hr>
            <ns3:cad>92</ns3:cad>
          </ns3:TrackPointExtension>
        </extensions>
      </trkpt>
      <trkpt lat="34.7085036523640155792236328125" lon="135.22682578302919864654541015625">
        <ele>24</ele>
        <time>2026-08-05T21:41:41.000Z</time>
        <extensions>
          <ns3:TrackPointExtension>
            <ns3:atemp>32.0</ns3:atemp>
            <ns3:hr>171</ns3:hr>
            <ns3:cad>91</ns3:cad>
          </ns3:TrackPointExtension>
        </extensions>
      </trkpt>
      <trkpt lat="34.70852385275065898895263671875" lon="135.22681890986859798431396484375">
        <ele>24</ele>
        <time>2026-08-05T21:41:42.000Z</time>
        <extensions>
          <ns3:TrackPointExtension>
            <ns3:atemp>32.0</ns3:atemp>
            <ns3:hr>171</ns3:hr>
            <ns3:cad>91</ns3:cad>
          </ns3:TrackPointExtension>
        </extensions>
      </trkpt>
      <trkpt lat="34.7085455618798732757568359375" lon="135.22680717520415782928466796875">
        <ele>23.799999237060546875</ele>
        <time>2026-08-05T21:41:43.000Z</time>
        <extensions>
          <ns3:TrackPointExtension>
            <ns3:atemp>32.0</ns3:atemp>
            <ns3:hr>171</ns3:hr>
            <ns3:cad>90</ns3:cad>
          </ns3:TrackPointExtension>
        </extensions>
      </trkpt>
      <trkpt lat="34.7085650078952312469482421875" lon="135.226795189082622528076171875">
        <ele>24</ele>
        <time>2026-08-05T21:41:44.000Z</time>
        <extensions>
          <ns3:TrackPointExtension>
            <ns3:atemp>32.0</ns3:atemp>
            <ns3:hr>170</ns3:hr>
            <ns3:cad>90</ns3:cad>
          </ns3:TrackPointExtension>
        </extensions>
      </trkpt>
      <trkpt lat="34.70858839340507984161376953125" lon="135.22678437642753124237060546875">
        <ele>24</ele>
        <time>2026-08-05T21:41:45.000Z</time>
        <extensions>
          <ns3:TrackPointExtension>
            <ns3:atemp>32.0</ns3:atemp>
            <ns3:hr>170</ns3:hr>
            <ns3:cad>90</ns3:cad>
          </ns3:TrackPointExtension>
        </extensions>
      </trkpt>
      <trkpt lat="34.7086102701723575592041015625" lon="135.22676811553537845611572265625">
        <ele>24.200000762939453125</ele>
        <time>2026-08-05T21:41:46.000Z</time>
        <extensions>
          <ns3:TrackPointExtension>
            <ns3:atemp>32.0</ns3:atemp>
            <ns3:hr>170</ns3:hr>
            <ns3:cad>92</ns3:cad>
          </ns3:TrackPointExtension>
        </extensions>
      </trkpt>
      <trkpt lat="34.70862829126417636871337890625" lon="135.22675353102385997772216796875">
        <ele>24.200000762939453125</ele>
        <time>2026-08-05T21:41:47.000Z</time>
        <extensions>
          <ns3:TrackPointExtension>
            <ns3:atemp>32.0</ns3:atemp>
            <ns3:hr>170</ns3:hr>
            <ns3:cad>92</ns3:cad>
          </ns3:TrackPointExtension>
        </extensions>
      </trkpt>
      <trkpt lat="34.7086518444120883941650390625" lon="135.226738862693309783935546875">
        <ele>24.3999996185302734375</ele>
        <time>2026-08-05T21:41:48.000Z</time>
        <extensions>
          <ns3:TrackPointExtension>
            <ns3:atemp>32.0</ns3:atemp>
            <ns3:hr>169</ns3:hr>
            <ns3:cad>92</ns3:cad>
          </ns3:TrackPointExtension>
        </extensions>
      </trkpt>
      <trkpt lat="34.70867757685482501983642578125" lon="135.22673190571367740631103515625">
        <ele>24.3999996185302734375</ele>
        <time>2026-08-05T21:41:49.000Z</time>
        <extensions>
          <ns3:TrackPointExtension>
            <ns3:atemp>32.0</ns3:atemp>
            <ns3:hr>169</ns3:hr>
            <ns3:cad>92</ns3:cad>
          </ns3:TrackPointExtension>
        </extensions>
      </trkpt>
      <trkpt lat="34.70870004035532474517822265625" lon="135.22672905586659908294677734375">
        <ele>24.3999996185302734375</ele>
        <time>2026-08-05T21:41:50.000Z</time>
        <extensions>
          <ns3:TrackPointExtension>
            <ns3:atemp>32.0</ns3:atemp>
            <ns3:hr>169</ns3:hr>
            <ns3:cad>92</ns3:cad>
          </ns3:TrackPointExtension>
        </extensions>
      </trkpt>
      <trkpt lat="34.708723761141300201416015625" lon="135.226723439991474151611328125">
        <ele>24.3999996185302734375</ele>
        <time>2026-08-05T21:41:51.000Z</time>
        <extensions>
          <ns3:TrackPointExtension>
            <ns3:atemp>32.0</ns3:atemp>
            <ns3:hr>170</ns3:hr>
            <ns3:cad>91</ns3:cad>
          </ns3:TrackPointExtension>
        </extensions>
      </trkpt>
      <trkpt lat="34.7087460570037364959716796875" lon="135.2267135493457317352294921875">
        <ele>24.3999996185302734375</ele>
        <time>2026-08-05T21:41:52.000Z</time>
        <extensions>
          <ns3:TrackPointExtension>
            <ns3:atemp>32.0</ns3:atemp>
            <ns3:hr>170</ns3:hr>
            <ns3:cad>91</ns3:cad>
          </ns3:TrackPointExtension>
        </extensions>
      </trkpt>
      <trkpt lat="34.70876994542777538299560546875" lon="135.22670189850032329559326171875">
        <ele>24.6000003814697265625</ele>
        <time>2026-08-05T21:41:53.000Z</time>
        <extensions>
          <ns3:TrackPointExtension>
            <ns3:atemp>32.0</ns3:atemp>
            <ns3:hr>169</ns3:hr>
            <ns3:cad>90</ns3:cad>
          </ns3:TrackPointExtension>
        </extensions>
      </trkpt>
      <trkpt lat="34.70878888852894306182861328125" lon="135.22669292986392974853515625">
        <ele>24.6000003814697265625</ele>
        <time>2026-08-05T21:41:54.000Z</time>
        <extensions>
          <ns3:TrackPointExtension>
            <ns3:atemp>32.0</ns3:atemp>
            <ns3:hr>169</ns3:hr>
            <ns3:cad>90</ns3:cad>
          </ns3:TrackPointExtension>
        </extensions>
      </trkpt>
      <trkpt lat="34.708814285695552825927734375" lon="135.22668345831334590911865234375">
        <ele>24.6000003814697265625</ele>
        <time>2026-08-05T21:41:55.000Z</time>
        <extensions>
          <ns3:TrackPointExtension>
            <ns3:atemp>32.0</ns3:atemp>
            <ns3:hr>169</ns3:hr>
            <ns3:cad>90</ns3:cad>
          </ns3:TrackPointExtension>
        </extensions>
      </trkpt>
      <trkpt lat="34.70883750356733798980712890625" lon="135.2266716398298740386962890625">
        <ele>24.6000003814697265625</ele>
        <time>2026-08-05T21:41:56.000Z</time>
        <extensions>
          <ns3:TrackPointExtension>
            <ns3:atemp>32.0</ns3:atemp>
            <ns3:hr>170</ns3:hr>
            <ns3:cad>90</ns3:cad>
          </ns3:TrackPointExtension>
        </extensions>
      </trkpt>
      <trkpt lat="34.7088610567152500152587890625" lon="135.22666585631668567657470703125">
        <ele>24.799999237060546875</ele>
        <time>2026-08-05T21:41:57.000Z</time>
        <extensions>
          <ns3:TrackPointExtension>
            <ns3:atemp>32.0</ns3:atemp>
            <ns3:hr>170</ns3:hr>
            <ns3:cad>89</ns3:cad>
          </ns3:TrackPointExtension>
        </extensions>
      </trkpt>
      <trkpt lat="34.7088828496634960174560546875" lon="135.2266713045537471771240234375">
        <ele>24.799999237060546875</ele>
        <time>2026-08-05T21:41:58.000Z</time>
        <extensions>
          <ns3:TrackPointExtension>
            <ns3:atemp>32.0</ns3:atemp>
            <ns3:hr>170</ns3:hr>
            <ns3:cad>89</ns3:cad>
          </ns3:TrackPointExtension>
        </extensions>
      </trkpt>
      <trkpt lat="34.7089063189923763275146484375" lon="135.22668865509331226348876953125">
        <ele>24.799999237060546875</ele>
        <time>2026-08-05T21:41:59.000Z</time>
        <extensions>
          <ns3:TrackPointExtension>
            <ns3:atemp>32.0</ns3:atemp>
            <ns3:hr>169</ns3:hr>
            <ns3:cad>89</ns3:cad>
          </ns3:TrackPointExtension>
        </extensions>
      </trkpt>
      <trkpt lat="34.7089207358658313751220703125" lon="135.22670893929898738861083984375">
        <ele>25</ele>
        <time>2026-08-05T21:42:00.000Z</time>
        <extensions>
          <ns3:TrackPointExtension>
            <ns3:atemp>32.0</ns3:atemp>
            <ns3:hr>170</ns3:hr>
            <ns3:cad>89</ns3:cad>
          </ns3:TrackPointExtension>
        </extensions>
      </trkpt>
      <trkpt lat="34.70893272198736667633056640625" lon="135.2267340011894702911376953125">
        <ele>25</ele>
        <time>2026-08-05T21:42:01.000Z</time>
        <extensions>
          <ns3:TrackPointExtension>
            <ns3:atemp>32.0</ns3:atemp>
            <ns3:hr>170</ns3:hr>
            <ns3:cad>89</ns3:cad>
          </ns3:TrackPointExtension>
        </extensions>
      </trkpt>
      <trkpt lat="34.70895317383110523223876953125" lon="135.22678370587527751922607421875">
        <ele>25.200000762939453125</ele>
        <time>2026-08-05T21:42:02.000Z</time>
        <extensions>
          <ns3:TrackPointExtension>
            <ns3:atemp>32.0</ns3:atemp>
            <ns3:hr>169</ns3:hr>
            <ns3:cad>89</ns3:cad>
          </ns3:TrackPointExtension>
        </extensions>
      </trkpt>
      <trkpt lat="34.70895317383110523223876953125" lon="135.22678370587527751922607421875">
        <ele>25.200000762939453125</ele>
        <time>2026-08-05T21:42:03.000Z</time>
        <extensions>
          <ns3:TrackPointExtension>
            <ns3:atemp>32.0</ns3:atemp>
            <ns3:hr>170</ns3:hr>
            <ns3:cad>89</ns3:cad>
          </ns3:TrackPointExtension>
        </extensions>
      </trkpt>
      <trkpt lat="34.70896323211491107940673828125" lon="135.226804912090301513671875">
        <ele>25.200000762939453125</ele>
        <time>2026-08-05T21:42:04.000Z</time>
        <extensions>
          <ns3:TrackPointExtension>
            <ns3:atemp>32.0</ns3:atemp>
            <ns3:hr>170</ns3:hr>
            <ns3:cad>89</ns3:cad>
          </ns3:TrackPointExtension>
        </extensions>
      </trkpt>
      <trkpt lat="34.70897228457033634185791015625" lon="135.2268349193036556243896484375">
        <ele>25.200000762939453125</ele>
        <time>2026-08-05T21:42:05.000Z</time>
        <extensions>
          <ns3:TrackPointExtension>
            <ns3:atemp>32.0</ns3:atemp>
            <ns3:hr>169</ns3:hr>
            <ns3:cad>89</ns3:cad>
          </ns3:TrackPointExtension>
        </extensions>
      </trkpt>
      <trkpt lat="34.70898083411157131195068359375" lon="135.22686190903186798095703125">
        <ele>25</ele>
        <time>2026-08-05T21:42:06.000Z</time>
        <extensions>
          <ns3:TrackPointExtension>
            <ns3:atemp>32.0</ns3:atemp>
            <ns3:hr>169</ns3:hr>
            <ns3:cad>89</ns3:cad>
          </ns3:TrackPointExtension>
        </extensions>
      </trkpt>
      <trkpt lat="34.70898904837667942047119140625" lon="135.226890742778778076171875">
        <ele>24.799999237060546875</ele>
        <time>2026-08-05T21:42:07.000Z</time>
        <extensions>
          <ns3:TrackPointExtension>
            <ns3:atemp>32.0</ns3:atemp>
            <ns3:hr>169</ns3:hr>
            <ns3:cad>89</ns3:cad>
          </ns3:TrackPointExtension>
        </extensions>
      </trkpt>
      <trkpt lat="34.7089971788227558135986328125" lon="135.2269190736114978790283203125">
        <ele>24.799999237060546875</ele>
        <time>2026-08-05T21:42:08.000Z</time>
        <extensions>
          <ns3:TrackPointExtension>
            <ns3:atemp>32.0</ns3:atemp>
            <ns3:hr>169</ns3:hr>
            <ns3:cad>89</ns3:cad>
          </ns3:TrackPointExtension>
        </extensions>
      </trkpt>
      <trkpt lat="34.70900430344045162200927734375" lon="135.22694882936775684356689453125">
        <ele>25</ele>
        <time>2026-08-05T21:42:09.000Z</time>
        <extensions>
          <ns3:TrackPointExtension>
            <ns3:atemp>32.0</ns3:atemp>
            <ns3:hr>169</ns3:hr>
            <ns3:cad>93</ns3:cad>
          </ns3:TrackPointExtension>
        </extensions>
      </trkpt>
      <trkpt lat="34.70901117660105228424072265625" lon="135.22697280161082744598388671875">
        <ele>25.200000762939453125</ele>
        <time>2026-08-05T21:42:10.000Z</time>
        <extensions>
          <ns3:TrackPointExtension>
            <ns3:atemp>32.0</ns3:atemp>
            <ns3:hr>169</ns3:hr>
            <ns3:cad>93</ns3:cad>
          </ns3:TrackPointExtension>
        </extensions>
      </trkpt>
      <trkpt lat="34.7090198099613189697265625" lon="135.2269992046058177947998046875">
        <ele>25.3999996185302734375</ele>
        <time>2026-08-05T21:42:11.000Z</time>
        <extensions>
          <ns3:TrackPointExtension>
            <ns3:atemp>32.0</ns3:atemp>
            <ns3:hr>169</ns3:hr>
            <ns3:cad>92</ns3:cad>
          </ns3:TrackPointExtension>
        </extensions>
      </trkpt>
      <trkpt lat="34.7090286947786808013916015625" lon="135.22702359594404697418212890625">
        <ele>25.6000003814697265625</ele>
        <time>2026-08-05T21:42:12.000Z</time>
        <extensions>
          <ns3:TrackPointExtension>
            <ns3:atemp>32.0</ns3:atemp>
            <ns3:hr>169</ns3:hr>
            <ns3:cad>92</ns3:cad>
          </ns3:TrackPointExtension>
        </extensions>
      </trkpt>
      <trkpt lat="34.7090357355773448944091796875" lon="135.22704832255840301513671875">
        <ele>25.6000003814697265625</ele>
        <time>2026-08-05T21:42:13.000Z</time>
        <extensions>
          <ns3:TrackPointExtension>
            <ns3:atemp>32.0</ns3:atemp>
            <ns3:hr>168</ns3:hr>
            <ns3:cad>92</ns3:cad>
          </ns3:TrackPointExtension>
        </extensions>
      </trkpt>
      <trkpt lat="34.70904571004211902618408203125" lon="135.2270743064582347869873046875">
        <ele>25.6000003814697265625</ele>
        <time>2026-08-05T21:42:14.000Z</time>
        <extensions>
          <ns3:TrackPointExtension>
            <ns3:atemp>32.0</ns3:atemp>
            <ns3:hr>168</ns3:hr>
            <ns3:cad>91</ns3:cad>
          </ns3:TrackPointExtension>
        </extensions>
      </trkpt>
      <trkpt lat="34.70905392430722713470458984375" lon="135.22710003890097141265869140625">
        <ele>25.6000003814697265625</ele>
        <time>2026-08-05T21:42:15.000Z</time>
        <extensions>
          <ns3:TrackPointExtension>
            <ns3:atemp>32.0</ns3:atemp>
            <ns3:hr>168</ns3:hr>
            <ns3:cad>90</ns3:cad>
          </ns3:TrackPointExtension>
        </extensions>
      </trkpt>
      <trkpt lat="34.70905945636332035064697265625" lon="135.22712149657309055328369140625">
        <ele>25.799999237060546875</ele>
        <time>2026-08-05T21:42:16.000Z</time>
        <extensions>
          <ns3:TrackPointExtension>
            <ns3:atemp>32.0</ns3:atemp>
            <ns3:hr>168</ns3:hr>
            <ns3:cad>90</ns3:cad>
          </ns3:TrackPointExtension>
        </extensions>
      </trkpt>
      <trkpt lat="34.709067083895206451416015625" lon="135.2271450497210025787353515625">
        <ele>25.799999237060546875</ele>
        <time>2026-08-05T21:42:17.000Z</time>
        <extensions>
          <ns3:TrackPointExtension>
            <ns3:atemp>32.0</ns3:atemp>
            <ns3:hr>168</ns3:hr>
            <ns3:cad>89</ns3:cad>
          </ns3:TrackPointExtension>
        </extensions>
      </trkpt>
      <trkpt lat="34.70907806418836116790771484375" lon="135.22716290317475795745849609375">
        <ele>25.6000003814697265625</ele>
        <time>2026-08-05T21:42:18.000Z</time>
        <extensions>
          <ns3:TrackPointExtension>
            <ns3:atemp>32.0</ns3:atemp>
            <ns3:hr>168</ns3:hr>
            <ns3:cad>89</ns3:cad>
          </ns3:TrackPointExtension>
        </extensions>
      </trkpt>
      <trkpt lat="34.70908761955797672271728515625" lon="135.227188132703304290771484375">
        <ele>25.6000003814697265625</ele>
        <time>2026-08-05T21:42:19.000Z</time>
        <extensions>
          <ns3:TrackPointExtension>
            <ns3:atemp>32.0</ns3:atemp>
            <ns3:hr>167</ns3:hr>
            <ns3:cad>89</ns3:cad>
          </ns3:TrackPointExtension>
        </extensions>
      </trkpt>
      <trkpt lat="34.70909533090889453887939453125" lon="135.22721403278410434722900390625">
        <ele>25.6000003814697265625</ele>
        <time>2026-08-05T21:42:20.000Z</time>
        <extensions>
          <ns3:TrackPointExtension>
            <ns3:atemp>32.0</ns3:atemp>
            <ns3:hr>168</ns3:hr>
            <ns3:cad>89</ns3:cad>
          </ns3:TrackPointExtension>
        </extensions>
      </trkpt>
      <trkpt lat="34.70910304225981235504150390625" lon="135.2272389270365238189697265625">
        <ele>25.3999996185302734375</ele>
        <time>2026-08-05T21:42:21.000Z</time>
        <extensions>
          <ns3:TrackPointExtension>
            <ns3:atemp>32.0</ns3:atemp>
            <ns3:hr>168</ns3:hr>
            <ns3:cad>89</ns3:cad>
          </ns3:TrackPointExtension>
        </extensions>
      </trkpt>
      <trkpt lat="34.70911167562007904052734375" lon="135.22726499475538730621337890625">
        <ele>25.3999996185302734375</ele>
        <time>2026-08-05T21:42:22.000Z</time>
        <extensions>
          <ns3:TrackPointExtension>
            <ns3:atemp>32.0</ns3:atemp>
            <ns3:hr>167</ns3:hr>
            <ns3:cad>89</ns3:cad>
          </ns3:TrackPointExtension>
        </extensions>
      </trkpt>
      <trkpt lat="34.7091185487806797027587890625" lon="135.227293409407138824462890625">
        <ele>25.3999996185302734375</ele>
        <time>2026-08-05T21:42:23.000Z</time>
        <extensions>
          <ns3:TrackPointExtension>
            <ns3:atemp>32.0</ns3:atemp>
            <ns3:hr>167</ns3:hr>
            <ns3:cad>89</ns3:cad>
          </ns3:TrackPointExtension>
        </extensions>
      </trkpt>
      <trkpt lat="34.7091269306838512420654296875" lon="135.22731788456439971923828125">
        <ele>25.6000003814697265625</ele>
        <time>2026-08-05T21:42:24.000Z</time>
        <extensions>
          <ns3:TrackPointExtension>
            <ns3:atemp>32.0</ns3:atemp>
            <ns3:hr>166</ns3:hr>
            <ns3:cad>90</ns3:cad>
          </ns3:TrackPointExtension>
        </extensions>
      </trkpt>
      <trkpt lat="34.7091356478631496429443359375" lon="135.22734814323484897613525390625">
        <ele>25.799999237060546875</ele>
        <time>2026-08-05T21:42:25.000Z</time>
        <extensions>
          <ns3:TrackPointExtension>
            <ns3:atemp>32.0</ns3:atemp>
            <ns3:hr>166</ns3:hr>
            <ns3:cad>90</ns3:cad>
          </ns3:TrackPointExtension>
        </extensions>
      </trkpt>
      <trkpt lat="34.7091473825275897979736328125" lon="135.2273763902485370635986328125">
        <ele>26</ele>
        <time>2026-08-05T21:42:26.000Z</time>
        <extensions>
          <ns3:TrackPointExtension>
            <ns3:atemp>32.0</ns3:atemp>
            <ns3:hr>166</ns3:hr>
            <ns3:cad>90</ns3:cad>
          </ns3:TrackPointExtension>
        </extensions>
      </trkpt>
      <trkpt lat="34.70915283076465129852294921875" lon="135.22740597836673259735107421875">
        <ele>26</ele>
        <time>2026-08-05T21:42:27.000Z</time>
        <extensions>
          <ns3:TrackPointExtension>
            <ns3:atemp>32.0</ns3:atemp>
            <ns3:hr>166</ns3:hr>
            <ns3:cad>90</ns3:cad>
          </ns3:TrackPointExtension>
        </extensions>
      </trkpt>
      <trkpt lat="34.70915668644011020660400390625" lon="135.22742450237274169921875">
        <ele>26.200000762939453125</ele>
        <time>2026-08-05T21:42:28.000Z</time>
        <extensions>
          <ns3:TrackPointExtension>
            <ns3:atemp>32.0</ns3:atemp>
            <ns3:hr>166</ns3:hr>
            <ns3:cad>90</ns3:cad>
          </ns3:TrackPointExtension>
        </extensions>
      </trkpt>
      <trkpt lat="34.709161631762981414794921875" lon="135.2274392545223236083984375">
        <ele>26</ele>
        <time>2026-08-05T21:42:29.000Z</time>
        <extensions>
          <ns3:TrackPointExtension>
            <ns3:atemp>32.0</ns3:atemp>
            <ns3:hr>166</ns3:hr>
            <ns3:cad>90</ns3:cad>
          </ns3:TrackPointExtension>
        </extensions>
      </trkpt>
      <trkpt lat="34.7091664932668209075927734375" lon="135.22745140828192234039306640625">
        <ele>26</ele>
        <time>2026-08-05T21:42:30.000Z</time>
        <extensions>
          <ns3:TrackPointExtension>
            <ns3:atemp>32.0</ns3:atemp>
            <ns3:hr>166</ns3:hr>
            <ns3:cad>90</ns3:cad>
          </ns3:TrackPointExtension>
        </extensions>
      </trkpt>
      <trkpt lat="34.70916607417166233062744140625" lon="135.22746498696506023406982421875">
        <ele>26</ele>
        <time>2026-08-05T21:42:31.000Z</time>
        <extensions>
          <ns3:TrackPointExtension>
            <ns3:atemp>32.0</ns3:atemp>
            <ns3:hr>166</ns3:hr>
            <ns3:cad>90</ns3:cad>
          </ns3:TrackPointExtension>
        </extensions>
      </trkpt>
      <trkpt lat="34.70916992984712123870849609375" lon="135.22747613489627838134765625">
        <ele>26.200000762939453125</ele>
        <time>2026-08-05T21:42:32.000Z</time>
        <extensions>
          <ns3:TrackPointExtension>
            <ns3:atemp>32.0</ns3:atemp>
            <ns3:hr>166</ns3:hr>
            <ns3:cad>90</ns3:cad>
          </ns3:TrackPointExtension>
        </extensions>
      </trkpt>
      <trkpt lat="34.70917630009353160858154296875" lon="135.22749164141714572906494140625">
        <ele>26.200000762939453125</ele>
        <time>2026-08-05T21:42:33.000Z</time>
        <extensions>
          <ns3:TrackPointExtension>
            <ns3:atemp>32.0</ns3:atemp>
            <ns3:hr>165</ns3:hr>
            <ns3:cad>90</ns3:cad>
          </ns3:TrackPointExtension>
        </extensions>
      </trkpt>
      <trkpt lat="34.709185101091861724853515625" lon="135.227506645023822784423828125">
        <ele>26</ele>
        <time>2026-08-05T21:42:34.000Z</time>
        <extensions>
          <ns3:TrackPointExtension>
            <ns3:atemp>32.0</ns3:atemp>
            <ns3:hr>165</ns3:hr>
            <ns3:cad>66</ns3:cad>
          </ns3:TrackPointExtension>
        </extensions>
      </trkpt>
      <trkpt lat="34.70919339917600154876708984375" lon="135.227523744106292724609375">
        <ele>26</ele>
        <time>2026-08-05T21:42:35.000Z</time>
        <extensions>
          <ns3:TrackPointExtension>
            <ns3:atemp>32.0</ns3:atemp>
            <ns3:hr>165</ns3:hr>
            <ns3:cad>66</ns3:cad>
          </ns3:TrackPointExtension>
        </extensions>
      </trkpt>
      <trkpt lat="34.70920161344110965728759765625" lon="135.227540843188762664794921875">
        <ele>25.799999237060546875</ele>
        <time>2026-08-05T21:42:36.000Z</time>
        <extensions>
          <ns3:TrackPointExtension>
            <ns3:atemp>32.0</ns3:atemp>
            <ns3:hr>164</ns3:hr>
            <ns3:cad>64</ns3:cad>
          </ns3:TrackPointExtension>
        </extensions>
      </trkpt>
      <trkpt lat="34.70920731313526630401611328125" lon="135.22755584679543972015380859375">
        <ele>25.6000003814697265625</ele>
        <time>2026-08-05T21:42:37.000Z</time>
        <extensions>
          <ns3:TrackPointExtension>
            <ns3:atemp>32.0</ns3:atemp>
            <ns3:hr>164</ns3:hr>
            <ns3:cad>0</ns3:cad>
          </ns3:TrackPointExtension>
        </extensions>
      </trkpt>
      <trkpt lat="34.70921016298234462738037109375" lon="135.2275715209543704986572265625">
        <ele>25.6000003814697265625</ele>
        <time>2026-08-05T21:42:38.000Z</time>
        <extensions>
          <ns3:TrackPointExtension>
            <ns3:atemp>32.0</ns3:atemp>
            <ns3:hr>164</ns3:hr>
            <ns3:cad>0</ns3:cad>
          </ns3:TrackPointExtension>
        </extensions>
      </trkpt>
      <trkpt lat="34.70921351574361324310302734375" lon="135.22758719511330127716064453125">
        <ele>25.6000003814697265625</ele>
        <time>2026-08-05T21:42:39.000Z</time>
        <extensions>
          <ns3:TrackPointExtension>
            <ns3:atemp>32.0</ns3:atemp>
            <ns3:hr>164</ns3:hr>
            <ns3:cad>0</ns3:cad>
          </ns3:TrackPointExtension>
        </extensions>
      </trkpt>
      <trkpt lat="34.709217958152294158935546875" lon="135.227601863443851470947265625">
        <ele>25.6000003814697265625</ele>
        <time>2026-08-05T21:42:40.000Z</time>
        <extensions>
          <ns3:TrackPointExtension>
            <ns3:atemp>32.0</ns3:atemp>
            <ns3:hr>164</ns3:hr>
            <ns3:cad>0</ns3:cad>
          </ns3:TrackPointExtension>
        </extensions>
      </trkpt>
      <trkpt lat="34.709223993122577667236328125" lon="135.2276184596121311187744140625">
        <ele>25.799999237060546875</ele>
        <time>2026-08-05T21:42:41.000Z</time>
        <extensions>
          <ns3:TrackPointExtension>
            <ns3:atemp>32.0</ns3:atemp>
            <ns3:hr>164</ns3:hr>
            <ns3:cad>62</ns3:cad>
          </ns3:TrackPointExtension>
        </extensions>
      </trkpt>
      <trkpt lat="34.7092275135219097137451171875" lon="135.22763304412364959716796875">
        <ele>25.799999237060546875</ele>
        <time>2026-08-05T21:42:42.000Z</time>
        <extensions>
          <ns3:TrackPointExtension>
            <ns3:atemp>32.0</ns3:atemp>
            <ns3:hr>164</ns3:hr>
            <ns3:cad>62</ns3:cad>
          </ns3:TrackPointExtension>
        </extensions>
      </trkpt>
      <trkpt lat="34.709232710301876068115234375" lon="135.22764821536839008331298828125">
        <ele>26</ele>
        <time>2026-08-05T21:42:43.000Z</time>
        <extensions>
          <ns3:TrackPointExtension>
            <ns3:atemp>32.0</ns3:atemp>
            <ns3:hr>163</ns3:hr>
            <ns3:cad>62</ns3:cad>
          </ns3:TrackPointExtension>
        </extensions>
      </trkpt>
      <trkpt lat="34.7092372365295886993408203125" lon="135.2276645600795745849609375">
        <ele>26</ele>
        <time>2026-08-05T21:42:44.000Z</time>
        <extensions>
          <ns3:TrackPointExtension>
            <ns3:atemp>32.0</ns3:atemp>
            <ns3:hr>163</ns3:hr>
            <ns3:cad>63</ns3:cad>
          </ns3:TrackPointExtension>
        </extensions>
      </trkpt>
      <trkpt lat="34.7092419303953647613525390625" lon="135.2276754565536975860595703125">
        <ele>26.200000762939453125</ele>
        <time>2026-08-05T21:42:45.000Z</time>
        <extensions>
          <ns3:TrackPointExtension>
            <ns3:atemp>32.0</ns3:atemp>
            <ns3:hr>163</ns3:hr>
            <ns3:cad>63</ns3:cad>
          </ns3:TrackPointExtension>
        </extensions>
      </trkpt>
      <trkpt lat="34.70924838446080684661865234375" lon="135.22769029252231121063232421875">
        <ele>26.200000762939453125</ele>
        <time>2026-08-05T21:42:46.000Z</time>
        <extensions>
          <ns3:TrackPointExtension>
            <ns3:atemp>32.0</ns3:atemp>
            <ns3:hr>162</ns3:hr>
            <ns3:cad>63</ns3:cad>
          </ns3:TrackPointExtension>
        </extensions>
      </trkpt>
      <trkpt lat="34.70925710164010524749755859375" lon="135.227702446281909942626953125">
        <ele>26.3999996185302734375</ele>
        <time>2026-08-05T21:42:47.000Z</time>
        <extensions>
          <ns3:TrackPointExtension>
            <ns3:atemp>32.0</ns3:atemp>
            <ns3:hr>161</ns3:hr>
            <ns3:cad>63</ns3:cad>
          </ns3:TrackPointExtension>
        </extensions>
      </trkpt>
      <trkpt lat="34.70926565118134021759033203125" lon="135.22771661169826984405517578125">
        <ele>26.3999996185302734375</ele>
        <time>2026-08-05T21:42:48.000Z</time>
        <extensions>
          <ns3:TrackPointExtension>
            <ns3:atemp>32.0</ns3:atemp>
            <ns3:hr>160</ns3:hr>
            <ns3:cad>61</ns3:cad>
          </ns3:TrackPointExtension>
        </extensions>
      </trkpt>
      <trkpt lat="34.709272272884845733642578125" lon="135.22772700525820255279541015625">
        <ele>26.3999996185302734375</ele>
        <time>2026-08-05T21:42:49.000Z</time>
        <extensions>
          <ns3:TrackPointExtension>
            <ns3:atemp>32.0</ns3:atemp>
            <ns3:hr>159</ns3:hr>
            <ns3:cad>61</ns3:cad>
          </ns3:TrackPointExtension>
        </extensions>
      </trkpt>
      <trkpt lat="34.709284007549285888671875" lon="135.22773228585720062255859375">
        <ele>26.3999996185302734375</ele>
        <time>2026-08-05T21:42:50.000Z</time>
        <extensions>
          <ns3:TrackPointExtension>
            <ns3:atemp>32.0</ns3:atemp>
            <ns3:hr>158</ns3:hr>
            <ns3:cad>63</ns3:cad>
          </ns3:TrackPointExtension>
        </extensions>
      </trkpt>
      <trkpt lat="34.7092960774898529052734375" lon="135.22773471660912036895751953125">
        <ele>26.3999996185302734375</ele>
        <time>2026-08-05T21:42:51.000Z</time>
        <extensions>
          <ns3:TrackPointExtension>
            <ns3:atemp>32.0</ns3:atemp>
            <ns3:hr>157</ns3:hr>
            <ns3:cad>63</ns3:cad>
          </ns3:TrackPointExtension>
        </extensions>
      </trkpt>
      <trkpt lat="34.7093093208968639373779296875" lon="135.2277435176074504852294921875">
        <ele>26.6000003814697265625</ele>
        <time>2026-08-05T21:42:52.000Z</time>
        <extensions>
          <ns3:TrackPointExtension>
            <ns3:atemp>32.0</ns3:atemp>
            <ns3:hr>156</ns3:hr>
            <ns3:cad>63</ns3:cad>
          </ns3:TrackPointExtension>
        </extensions>
      </trkpt>
      <trkpt lat="34.709317870438098907470703125" lon="135.2277502231299877166748046875">
        <ele>26.6000003814697265625</ele>
        <time>2026-08-05T21:42:53.000Z</time>
        <extensions>
          <ns3:TrackPointExtension>
            <ns3:atemp>32.0</ns3:atemp>
            <ns3:hr>156</ns3:hr>
            <ns3:cad>63</ns3:cad>
          </ns3:TrackPointExtension>
        </extensions>
      </trkpt>
      <trkpt lat="34.70932893455028533935546875" lon="135.22775550372898578643798828125">
        <ele>26.6000003814697265625</ele>
        <time>2026-08-05T21:42:54.000Z</time>
        <extensions>
          <ns3:TrackPointExtension>
            <ns3:atemp>32.0</ns3:atemp>
            <ns3:hr>155</ns3:hr>
            <ns3:cad>61</ns3:cad>
          </ns3:TrackPointExtension>
        </extensions>
      </trkpt>
      <trkpt lat="34.709344021975994110107421875" lon="135.22776271216571331024169921875">
        <ele>26.6000003814697265625</ele>
        <time>2026-08-05T21:42:55.000Z</time>
        <extensions>
          <ns3:TrackPointExtension>
            <ns3:atemp>32.0</ns3:atemp>
            <ns3:hr>155</ns3:hr>
            <ns3:cad>61</ns3:cad>
          </ns3:TrackPointExtension>
        </extensions>
      </trkpt>
      <trkpt lat="34.70935843884944915771484375" lon="135.2277706749737262725830078125">
        <ele>26.6000003814697265625</ele>
        <time>2026-08-05T21:42:56.000Z</time>
        <extensions>
          <ns3:TrackPointExtension>
            <ns3:atemp>32.0</ns3:atemp>
            <ns3:hr>155</ns3:hr>
            <ns3:cad>62</ns3:cad>
          </ns3:TrackPointExtension>
        </extensions>
      </trkpt>
      <trkpt lat="34.7093726880848407745361328125" lon="135.2277800627052783966064453125">
        <ele>26.6000003814697265625</ele>
        <time>2026-08-05T21:42:57.000Z</time>
        <extensions>
          <ns3:TrackPointExtension>
            <ns3:atemp>32.0</ns3:atemp>
            <ns3:hr>154</ns3:hr>
            <ns3:cad>65</ns3:cad>
          </ns3:TrackPointExtension>
        </extensions>
      </trkpt>
      <trkpt lat="34.70938861370086669921875" lon="135.2277887798845767974853515625">
        <ele>26.3999996185302734375</ele>
        <time>2026-08-05T21:42:58.000Z</time>
        <extensions>
          <ns3:TrackPointExtension>
            <ns3:atemp>32.0</ns3:atemp>
            <ns3:hr>154</ns3:hr>
            <ns3:cad>65</ns3:cad>
          </ns3:TrackPointExtension>
        </extensions>
      </trkpt>
      <trkpt lat="34.70939942635595798492431640625" lon="135.22780277766287326812744140625">
        <ele>26.3999996185302734375</ele>
        <time>2026-08-05T21:42:59.000Z</time>
        <extensions>
          <ns3:TrackPointExtension>
            <ns3:atemp>32.0</ns3:atemp>
            <ns3:hr>153</ns3:hr>
            <ns3:cad>62</ns3:cad>
          </ns3:TrackPointExtension>
        </extensions>
      </trkpt>
      <trkpt lat="34.70940613187849521636962890625" lon="135.2278174459934234619140625">
        <ele>26.200000762939453125</ele>
        <time>2026-08-05T21:43:00.000Z</time>
        <extensions>
          <ns3:TrackPointExtension>
            <ns3:atemp>32.0</ns3:atemp>
            <ns3:hr>152</ns3:hr>
            <ns3:cad>62</ns3:cad>
          </ns3:TrackPointExtension>
        </extensions>
      </trkpt>
      <trkpt lat="34.70941317267715930938720703125" lon="135.22782959975302219390869140625">
        <ele>26.200000762939453125</ele>
        <time>2026-08-05T21:43:01.000Z</time>
        <extensions>
          <ns3:TrackPointExtension>
            <ns3:atemp>32.0</ns3:atemp>
            <ns3:hr>150</ns3:hr>
            <ns3:cad>66</ns3:cad>
          </ns3:TrackPointExtension>
        </extensions>
      </trkpt>
      <trkpt lat="34.7094199620187282562255859375" lon="135.22784703411161899566650390625">
        <ele>26.200000762939453125</ele>
        <time>2026-08-05T21:43:02.000Z</time>
        <extensions>
          <ns3:TrackPointExtension>
            <ns3:atemp>32.0</ns3:atemp>
            <ns3:hr>151</ns3:hr>
            <ns3:cad>67</ns3:cad>
          </ns3:TrackPointExtension>
        </extensions>
      </trkpt>
      <trkpt lat="34.7094290144741535186767578125" lon="135.22785994224250316619873046875">
        <ele>26.200000762939453125</ele>
        <time>2026-08-05T21:43:03.000Z</time>
        <extensions>
          <ns3:TrackPointExtension>
            <ns3:atemp>32.0</ns3:atemp>
            <ns3:hr>150</ns3:hr>
            <ns3:cad>67</ns3:cad>
          </ns3:TrackPointExtension>
        </extensions>
      </trkpt>
      <trkpt lat="34.70943379215896129608154296875" lon="135.2278737723827362060546875">
        <ele>26.3999996185302734375</ele>
        <time>2026-08-05T21:43:04.000Z</time>
        <extensions>
          <ns3:TrackPointExtension>
            <ns3:atemp>32.0</ns3:atemp>
            <ns3:hr>150</ns3:hr>
            <ns3:cad>67</ns3:cad>
          </ns3:TrackPointExtension>
        </extensions>
      </trkpt>
      <trkpt lat="34.70943882130086421966552734375" lon="135.22788793779909610748291015625">
        <ele>26.3999996185302734375</ele>
        <time>2026-08-05T21:43:05.000Z</time>
        <extensions>
          <ns3:TrackPointExtension>
            <ns3:atemp>32.0</ns3:atemp>
            <ns3:hr>149</ns3:hr>
            <ns3:cad>67</ns3:cad>
          </ns3:TrackPointExtension>
        </extensions>
      </trkpt>
      <trkpt lat="34.7094427607953548431396484375" lon="135.227902270853519439697265625">
        <ele>26.6000003814697265625</ele>
        <time>2026-08-05T21:43:06.000Z</time>
        <extensions>
          <ns3:TrackPointExtension>
            <ns3:atemp>32.0</ns3:atemp>
            <ns3:hr>150</ns3:hr>
            <ns3:cad>67</ns3:cad>
          </ns3:TrackPointExtension>
        </extensions>
      </trkpt>
      <trkpt lat="34.70944686792790889739990234375" lon="135.22791576571762561798095703125">
        <ele>26.6000003814697265625</ele>
        <time>2026-08-05T21:43:07.000Z</time>
        <extensions>
          <ns3:TrackPointExtension>
            <ns3:atemp>32.0</ns3:atemp>
            <ns3:hr>150</ns3:hr>
            <ns3:cad>62</ns3:cad>
          </ns3:TrackPointExtension>
        </extensions>
      </trkpt>
      <trkpt lat="34.70945231616497039794921875" lon="135.22793102078139781951904296875">
        <ele>26.6000003814697265625</ele>
        <time>2026-08-05T21:43:08.000Z</time>
        <extensions>
          <ns3:TrackPointExtension>
            <ns3:atemp>32.0</ns3:atemp>
            <ns3:hr>150</ns3:hr>
            <ns3:cad>62</ns3:cad>
          </ns3:TrackPointExtension>
        </extensions>
      </trkpt>
      <trkpt lat="34.70945709384977817535400390625" lon="135.22794778458774089813232421875">
        <ele>26.3999996185302734375</ele>
        <time>2026-08-05T21:43:09.000Z</time>
        <extensions>
          <ns3:TrackPointExtension>
            <ns3:atemp>32.0</ns3:atemp>
            <ns3:hr>149</ns3:hr>
            <ns3:cad>62</ns3:cad>
          </ns3:TrackPointExtension>
        </extensions>
      </trkpt>
      <trkpt lat="34.70946061424911022186279296875" lon="135.2279664762318134307861328125">
        <ele>26.3999996185302734375</ele>
        <time>2026-08-05T21:43:10.000Z</time>
        <extensions>
          <ns3:TrackPointExtension>
            <ns3:atemp>32.0</ns3:atemp>
            <ns3:hr>149</ns3:hr>
            <ns3:cad>63</ns3:cad>
          </ns3:TrackPointExtension>
        </extensions>
      </trkpt>
      <trkpt lat="34.70946648158133029937744140625" lon="135.227986760437488555908203125">
        <ele>26.200000762939453125</ele>
        <time>2026-08-05T21:43:11.000Z</time>
        <extensions>
          <ns3:TrackPointExtension>
            <ns3:atemp>32.0</ns3:atemp>
            <ns3:hr>149</ns3:hr>
            <ns3:cad>63</ns3:cad>
          </ns3:TrackPointExtension>
        </extensions>
      </trkpt>
      <trkpt lat="34.7094709239900112152099609375" lon="135.227999500930309295654296875">
        <ele>26</ele>
        <time>2026-08-05T21:43:12.000Z</time>
        <extensions>
          <ns3:TrackPointExtension>
            <ns3:atemp>32.0</ns3:atemp>
            <ns3:hr>148</ns3:hr>
            <ns3:cad>63</ns3:cad>
          </ns3:TrackPointExtension>
        </extensions>
      </trkpt>
      <trkpt lat="34.70947377383708953857421875" lon="135.22801349870860576629638671875">
        <ele>26</ele>
        <time>2026-08-05T21:43:13.000Z</time>
        <extensions>
          <ns3:TrackPointExtension>
            <ns3:atemp>32.0</ns3:atemp>
            <ns3:hr>148</ns3:hr>
            <ns3:cad>63</ns3:cad>
          </ns3:TrackPointExtension>
        </extensions>
      </trkpt>
      <trkpt lat="34.7094779647886753082275390625" lon="135.22802959196269512176513671875">
        <ele>26</ele>
        <time>2026-08-05T21:43:14.000Z</time>
        <extensions>
          <ns3:TrackPointExtension>
            <ns3:atemp>32.0</ns3:atemp>
            <ns3:hr>148</ns3:hr>
            <ns3:cad>62</ns3:cad>
          </ns3:TrackPointExtension>
        </extensions>
      </trkpt>
      <trkpt lat="34.70948240719735622406005859375" lon="135.22804518230259418487548828125">
        <ele>26</ele>
        <time>2026-08-05T21:43:15.000Z</time>
        <extensions>
          <ns3:TrackPointExtension>
            <ns3:atemp>32.0</ns3:atemp>
            <ns3:hr>148</ns3:hr>
            <ns3:cad>62</ns3:cad>
          </ns3:TrackPointExtension>
        </extensions>
      </trkpt>
      <trkpt lat="34.7094890289008617401123046875" lon="135.22805959917604923248291015625">
        <ele>26</ele>
        <time>2026-08-05T21:43:16.000Z</time>
        <extensions>
          <ns3:TrackPointExtension>
            <ns3:atemp>32.0</ns3:atemp>
            <ns3:hr>148</ns3:hr>
            <ns3:cad>63</ns3:cad>
          </ns3:TrackPointExtension>
        </extensions>
      </trkpt>
      <trkpt lat="34.70949464477598667144775390625" lon="135.22807024419307708740234375">
        <ele>26</ele>
        <time>2026-08-05T21:43:17.000Z</time>
        <extensions>
          <ns3:TrackPointExtension>
            <ns3:atemp>32.0</ns3:atemp>
            <ns3:hr>147</ns3:hr>
            <ns3:cad>64</ns3:cad>
          </ns3:TrackPointExtension>
        </extensions>
      </trkpt>
      <trkpt lat="34.7094990871846675872802734375" lon="135.228087007999420166015625">
        <ele>25.799999237060546875</ele>
        <time>2026-08-05T21:43:18.000Z</time>
        <extensions>
          <ns3:TrackPointExtension>
            <ns3:atemp>32.0</ns3:atemp>
            <ns3:hr>147</ns3:hr>
            <ns3:cad>64</ns3:cad>
          </ns3:TrackPointExtension>
        </extensions>
      </trkpt>
      <trkpt lat="34.70950470305979251861572265625" lon="135.228102095425128936767578125">
        <ele>25.799999237060546875</ele>
        <time>2026-08-05T21:43:19.000Z</time>
        <extensions>
          <ns3:TrackPointExtension>
            <ns3:atemp>32.0</ns3:atemp>
            <ns3:hr>146</ns3:hr>
            <ns3:cad>64</ns3:cad>
          </ns3:TrackPointExtension>
        </extensions>
      </trkpt>
      <trkpt lat="34.70950956456363201141357421875" lon="135.228116847574710845947265625">
        <ele>25.799999237060546875</ele>
        <time>2026-08-05T21:43:20.000Z</time>
        <extensions>
          <ns3:TrackPointExtension>
            <ns3:atemp>32.0</ns3:atemp>
            <ns3:hr>146</ns3:hr>
            <ns3:cad>64</ns3:cad>
          </ns3:TrackPointExtension>
        </extensions>
      </trkpt>
      <trkpt lat="34.70951459370553493499755859375" lon="135.2281284146010875701904296875">
        <ele>25.6000003814697265625</ele>
        <time>2026-08-05T21:43:21.000Z</time>
        <extensions>
          <ns3:TrackPointExtension>
            <ns3:atemp>32.0</ns3:atemp>
            <ns3:hr>146</ns3:hr>
            <ns3:cad>64</ns3:cad>
          </ns3:TrackPointExtension>
        </extensions>
      </trkpt>
      <trkpt lat="34.7095188684761524200439453125" lon="135.22814140655100345611572265625">
        <ele>25.799999237060546875</ele>
        <time>2026-08-05T21:43:22.000Z</time>
        <extensions>
          <ns3:TrackPointExtension>
            <ns3:atemp>32.0</ns3:atemp>
            <ns3:hr>145</ns3:hr>
            <ns3:cad>64</ns3:cad>
          </ns3:TrackPointExtension>
        </extensions>
      </trkpt>
      <trkpt lat="34.70952364616096019744873046875" lon="135.22815473377704620361328125">
        <ele>26</ele>
        <time>2026-08-05T21:43:23.000Z</time>
        <extensions>
          <ns3:TrackPointExtension>
            <ns3:atemp>32.0</ns3:atemp>
            <ns3:hr>145</ns3:hr>
            <ns3:cad>64</ns3:cad>
          </ns3:TrackPointExtension>
        </extensions>
      </trkpt>
      <trkpt lat="34.70953353680670261383056640625" lon="135.22816202603280544281005859375">
        <ele>26</ele>
        <time>2026-08-05T21:43:24.000Z</time>
        <extensions>
          <ns3:TrackPointExtension>
            <ns3:atemp>32.0</ns3:atemp>
            <ns3:hr>145</ns3:hr>
            <ns3:cad>63</ns3:cad>
          </ns3:TrackPointExtension>
        </extensions>
      </trkpt>
      <trkpt lat="34.7095420025289058685302734375" lon="135.2281790412962436676025390625">
        <ele>26</ele>
        <time>2026-08-05T21:43:25.000Z</time>
        <extensions>
          <ns3:TrackPointExtension>
            <ns3:atemp>32.0</ns3:atemp>
            <ns3:hr>145</ns3:hr>
            <ns3:cad>63</ns3:cad>
          </ns3:TrackPointExtension>
        </extensions>
      </trkpt>
      <trkpt lat="34.70954778604209423065185546875" lon="135.2281964756548404693603515625">
        <ele>26</ele>
        <time>2026-08-05T21:43:26.000Z</time>
        <extensions>
          <ns3:TrackPointExtension>
            <ns3:atemp>32.0</ns3:atemp>
            <ns3:hr>144</ns3:hr>
            <ns3:cad>63</ns3:cad>
          </ns3:TrackPointExtension>
        </extensions>
      </trkpt>
      <trkpt lat="34.70955289900302886962890625" lon="135.22821349091827869415283203125">
        <ele>26</ele>
        <time>2026-08-05T21:43:27.000Z</time>
        <extensions>
          <ns3:TrackPointExtension>
            <ns3:atemp>32.0</ns3:atemp>
            <ns3:hr>144</ns3:hr>
            <ns3:cad>63</ns3:cad>
          </ns3:TrackPointExtension>
        </extensions>
      </trkpt>
      <trkpt lat="34.709557257592678070068359375" lon="135.22823117673397064208984375">
        <ele>25.799999237060546875</ele>
        <time>2026-08-05T21:43:28.000Z</time>
        <extensions>
          <ns3:TrackPointExtension>
            <ns3:atemp>32.0</ns3:atemp>
            <ns3:hr>143</ns3:hr>
            <ns3:cad>0</ns3:cad>
          </ns3:TrackPointExtension>
        </extensions>
      </trkpt>
      <trkpt lat="34.70956086181104183197021484375" lon="135.22825204767286777496337890625">
        <ele>25.799999237060546875</ele>
        <time>2026-08-05T21:43:29.000Z</time>
        <extensions>
          <ns3:TrackPointExtension>
            <ns3:atemp>32.0</ns3:atemp>
            <ns3:hr>143</ns3:hr>
            <ns3:cad>0</ns3:cad>
          </ns3:TrackPointExtension>
        </extensions>
      </trkpt>
      <trkpt lat="34.70956203527748584747314453125" lon="135.22827367298305034637451171875">
        <ele>26</ele>
        <time>2026-08-05T21:43:30.000Z</time>
        <extensions>
          <ns3:TrackPointExtension>
            <ns3:atemp>32.0</ns3:atemp>
            <ns3:hr>142</ns3:hr>
            <ns3:cad>0</ns3:cad>
          </ns3:TrackPointExtension>
        </extensions>
      </trkpt>
      <trkpt lat="34.70956756733357906341552734375" lon="135.22829152643680572509765625">
        <ele>26</ele>
        <time>2026-08-05T21:43:31.000Z</time>
        <extensions>
          <ns3:TrackPointExtension>
            <ns3:atemp>32.0</ns3:atemp>
            <ns3:hr>142</ns3:hr>
            <ns3:cad>0</ns3:cad>
          </ns3:TrackPointExtension>
        </extensions>
      </trkpt>
      <trkpt lat="34.70957963727414608001708984375" lon="135.22833050228655338287353515625">
        <ele>26</ele>
        <time>2026-08-05T21:43:32.000Z</time>
        <extensions>
          <ns3:TrackPointExtension>
            <ns3:atemp>32.0</ns3:atemp>
            <ns3:hr>143</ns3:hr>
            <ns3:cad>0</ns3:cad>
          </ns3:TrackPointExtension>
        </extensions>
      </trkpt>
      <trkpt lat="34.70957963727414608001708984375" lon="135.22833050228655338287353515625">
        <ele>26</ele>
        <time>2026-08-05T21:43:33.000Z</time>
        <extensions>
          <ns3:TrackPointExtension>
            <ns3:atemp>32.0</ns3:atemp>
            <ns3:hr>143</ns3:hr>
            <ns3:cad>0</ns3:cad>
          </ns3:TrackPointExtension>
        </extensions>
      </trkpt>
      <trkpt lat="34.70958852209150791168212890625" lon="135.228360928595066070556640625">
        <ele>26</ele>
        <time>2026-08-05T21:43:34.000Z</time>
        <extensions>
          <ns3:TrackPointExtension>
            <ns3:atemp>32.0</ns3:atemp>
            <ns3:hr>142</ns3:hr>
            <ns3:cad>0</ns3:cad>
          </ns3:TrackPointExtension>
        </extensions>
      </trkpt>
      <trkpt lat="34.70959673635661602020263671875" lon="135.22838632576167583465576171875">
        <ele>25.799999237060546875</ele>
        <time>2026-08-05T21:43:35.000Z</time>
        <extensions>
          <ns3:TrackPointExtension>
            <ns3:atemp>32.0</ns3:atemp>
            <ns3:hr>142</ns3:hr>
            <ns3:cad>0</ns3:cad>
          </ns3:TrackPointExtension>
        </extensions>
      </trkpt>
      <trkpt lat="34.70960746519267559051513671875" lon="135.22841499187052249908447265625">
        <ele>25.799999237060546875</ele>
        <time>2026-08-05T21:43:36.000Z</time>
        <extensions>
          <ns3:TrackPointExtension>
            <ns3:atemp>32.0</ns3:atemp>
            <ns3:hr>142</ns3:hr>
            <ns3:cad>0</ns3:cad>
          </ns3:TrackPointExtension>
        </extensions>
      </trkpt>
      <trkpt lat="34.70961919985711574554443359375" lon="135.22844047285616397857666015625">
        <ele>26</ele>
        <time>2026-08-05T21:43:37.000Z</time>
        <extensions>
          <ns3:TrackPointExtension>
            <ns3:atemp>32.0</ns3:atemp>
            <ns3:hr>142</ns3:hr>
            <ns3:cad>94</ns3:cad>
          </ns3:TrackPointExtension>
        </extensions>
      </trkpt>
      <trkpt lat="34.7096301801502704620361328125" lon="135.22846763022243976593017578125">
        <ele>26</ele>
        <time>2026-08-05T21:43:38.000Z</time>
        <extensions>
          <ns3:TrackPointExtension>
            <ns3:atemp>32.0</ns3:atemp>
            <ns3:hr>141</ns3:hr>
            <ns3:cad>94</ns3:cad>
          </ns3:TrackPointExtension>
        </extensions>
      </trkpt>
      <trkpt lat="34.7096365503966808319091796875" lon="135.22849269211292266845703125">
        <ele>26</ele>
        <time>2026-08-05T21:43:39.000Z</time>
        <extensions>
          <ns3:TrackPointExtension>
            <ns3:atemp>32.0</ns3:atemp>
            <ns3:hr>142</ns3:hr>
            <ns3:cad>92</ns3:cad>
          </ns3:TrackPointExtension>
        </extensions>
      </trkpt>
      <trkpt lat="34.7096439264714717864990234375" lon="135.22852445952594280242919921875">
        <ele>26</ele>
        <time>2026-08-05T21:43:40.000Z</time>
        <extensions>
          <ns3:TrackPointExtension>
            <ns3:atemp>32.0</ns3:atemp>
            <ns3:hr>140</ns3:hr>
            <ns3:cad>92</ns3:cad>
          </ns3:TrackPointExtension>
        </extensions>
      </trkpt>
      <trkpt lat="34.70965088345110416412353515625" lon="135.2285528741776943206787109375">
        <ele>25.799999237060546875</ele>
        <time>2026-08-05T21:43:41.000Z</time>
        <extensions>
          <ns3:TrackPointExtension>
            <ns3:atemp>32.0</ns3:atemp>
            <ns3:hr>140</ns3:hr>
            <ns3:cad>93</ns3:cad>
          </ns3:TrackPointExtension>
        </extensions>
      </trkpt>
      <trkpt lat="34.70965876244008541107177734375" lon="135.2285813726484775543212890625">
        <ele>25.799999237060546875</ele>
        <time>2026-08-05T21:43:42.000Z</time>
        <extensions>
          <ns3:TrackPointExtension>
            <ns3:atemp>32.0</ns3:atemp>
            <ns3:hr>139</ns3:hr>
            <ns3:cad>93</ns3:cad>
          </ns3:TrackPointExtension>
        </extensions>
      </trkpt>
      <trkpt lat="34.7096677310764789581298828125" lon="135.22860693745315074920654296875">
        <ele>25.6000003814697265625</ele>
        <time>2026-08-05T21:43:43.000Z</time>
        <extensions>
          <ns3:TrackPointExtension>
            <ns3:atemp>32.0</ns3:atemp>
            <ns3:hr>138</ns3:hr>
            <ns3:cad>92</ns3:cad>
          </ns3:TrackPointExtension>
        </extensions>
      </trkpt>
      <trkpt lat="34.70967250876128673553466796875" lon="135.22863350808620452880859375">
        <ele>25.6000003814697265625</ele>
        <time>2026-08-05T21:43:44.000Z</time>
        <extensions>
          <ns3:TrackPointExtension>
            <ns3:atemp>32.0</ns3:atemp>
            <ns3:hr>138</ns3:hr>
            <ns3:cad>92</ns3:cad>
          </ns3:TrackPointExtension>
        </extensions>
      </trkpt>
      <trkpt lat="34.70967971719801425933837890625" lon="135.22865924052894115447998046875">
        <ele>25.6000003814697265625</ele>
        <time>2026-08-05T21:43:45.000Z</time>
        <extensions>
          <ns3:TrackPointExtension>
            <ns3:atemp>32.0</ns3:atemp>
            <ns3:hr>138</ns3:hr>
            <ns3:cad>92</ns3:cad>
          </ns3:TrackPointExtension>
        </extensions>
      </trkpt>
      <trkpt lat="34.709686674177646636962890625" lon="135.22868589498102664947509765625">
        <ele>25.6000003814697265625</ele>
        <time>2026-08-05T21:43:46.000Z</time>
        <extensions>
          <ns3:TrackPointExtension>
            <ns3:atemp>32.0</ns3:atemp>
            <ns3:hr>138</ns3:hr>
            <ns3:cad>92</ns3:cad>
          </ns3:TrackPointExtension>
        </extensions>
      </trkpt>
      <trkpt lat="34.7096942178905010223388671875" lon="135.228709615767002105712890625">
        <ele>25.3999996185302734375</ele>
        <time>2026-08-05T21:43:47.000Z</time>
        <extensions>
          <ns3:TrackPointExtension>
            <ns3:atemp>32.0</ns3:atemp>
            <ns3:hr>138</ns3:hr>
            <ns3:cad>92</ns3:cad>
          </ns3:TrackPointExtension>
        </extensions>
      </trkpt>
      <trkpt lat="34.70970083959400653839111328125" lon="135.22873342037200927734375">
        <ele>25.3999996185302734375</ele>
        <time>2026-08-05T21:43:48.000Z</time>
        <extensions>
          <ns3:TrackPointExtension>
            <ns3:atemp>32.0</ns3:atemp>
            <ns3:hr>138</ns3:hr>
            <ns3:cad>92</ns3:cad>
          </ns3:TrackPointExtension>
        </extensions>
      </trkpt>
      <trkpt lat="34.70970938913524150848388671875" lon="135.2287634275853633880615234375">
        <ele>25.200000762939453125</ele>
        <time>2026-08-05T21:43:49.000Z</time>
        <extensions>
          <ns3:TrackPointExtension>
            <ns3:atemp>32.0</ns3:atemp>
            <ns3:hr>139</ns3:hr>
            <ns3:cad>92</ns3:cad>
          </ns3:TrackPointExtension>
        </extensions>
      </trkpt>
      <trkpt lat="34.70971785485744476318359375" lon="135.22879200987517833709716796875">
        <ele>25</ele>
        <time>2026-08-05T21:43:50.000Z</time>
        <extensions>
          <ns3:TrackPointExtension>
            <ns3:atemp>32.0</ns3:atemp>
            <ns3:hr>138</ns3:hr>
            <ns3:cad>92</ns3:cad>
          </ns3:TrackPointExtension>
        </extensions>
      </trkpt>
      <trkpt lat="34.70972858369350433349609375" lon="135.22882260382175445556640625">
        <ele>25</ele>
        <time>2026-08-05T21:43:51.000Z</time>
        <extensions>
          <ns3:TrackPointExtension>
            <ns3:atemp>32.0</ns3:atemp>
            <ns3:hr>138</ns3:hr>
            <ns3:cad>92</ns3:cad>
          </ns3:TrackPointExtension>
        </extensions>
      </trkpt>
      <trkpt lat="34.7097386419773101806640625" lon="135.22884867154061794281005859375">
        <ele>25.200000762939453125</ele>
        <time>2026-08-05T21:43:52.000Z</time>
        <extensions>
          <ns3:TrackPointExtension>
            <ns3:atemp>32.0</ns3:atemp>
            <ns3:hr>138</ns3:hr>
            <ns3:cad>92</ns3:cad>
          </ns3:TrackPointExtension>
        </extensions>
      </trkpt>
      <trkpt lat="34.709753058850765228271484375" lon="135.2288742363452911376953125">
        <ele>25.200000762939453125</ele>
        <time>2026-08-05T21:43:53.000Z</time>
        <extensions>
          <ns3:TrackPointExtension>
            <ns3:atemp>32.0</ns3:atemp>
            <ns3:hr>139</ns3:hr>
            <ns3:cad>92</ns3:cad>
          </ns3:TrackPointExtension>
        </extensions>
      </trkpt>
      <trkpt lat="34.70976454205811023712158203125" lon="135.228899382054805755615234375">
        <ele>25.200000762939453125</ele>
        <time>2026-08-05T21:43:54.000Z</time>
        <extensions>
          <ns3:TrackPointExtension>
            <ns3:atemp>32.0</ns3:atemp>
            <ns3:hr>139</ns3:hr>
            <ns3:cad>92</ns3:cad>
          </ns3:TrackPointExtension>
        </extensions>
      </trkpt>
      <trkpt lat="34.70977560617029666900634765625" lon="135.22892796434462070465087890625">
        <ele>25.3999996185302734375</ele>
        <time>2026-08-05T21:43:55.000Z</time>
        <extensions>
          <ns3:TrackPointExtension>
            <ns3:atemp>32.0</ns3:atemp>
            <ns3:hr>139</ns3:hr>
            <ns3:cad>92</ns3:cad>
          </ns3:TrackPointExtension>
        </extensions>
      </trkpt>
      <trkpt lat="34.70978382043540477752685546875" lon="135.22895478643476963043212890625">
        <ele>25.3999996185302734375</ele>
        <time>2026-08-05T21:43:56.000Z</time>
        <extensions>
          <ns3:TrackPointExtension>
            <ns3:atemp>32.0</ns3:atemp>
            <ns3:hr>139</ns3:hr>
            <ns3:cad>93</ns3:cad>
          </ns3:TrackPointExtension>
        </extensions>
      </trkpt>
      <trkpt lat="34.709791950881481170654296875" lon="135.228982530534267425537109375">
        <ele>25.3999996185302734375</ele>
        <time>2026-08-05T21:43:57.000Z</time>
        <extensions>
          <ns3:TrackPointExtension>
            <ns3:atemp>32.0</ns3:atemp>
            <ns3:hr>139</ns3:hr>
            <ns3:cad>93</ns3:cad>
          </ns3:TrackPointExtension>
        </extensions>
      </trkpt>
      <trkpt lat="34.7098041884601116180419921875" lon="135.22900776006281375885009765625">
        <ele>25.3999996185302734375</ele>
        <time>2026-08-05T21:43:58.000Z</time>
        <extensions>
          <ns3:TrackPointExtension>
            <ns3:atemp>32.0</ns3:atemp>
            <ns3:hr>140</ns3:hr>
            <ns3:cad>92</ns3:cad>
          </ns3:TrackPointExtension>
        </extensions>
      </trkpt>
      <trkpt lat="34.7098118998110294342041015625" lon="135.22903558798134326934814453125">
        <ele>25.3999996185302734375</ele>
        <time>2026-08-05T21:43:59.000Z</time>
        <extensions>
          <ns3:TrackPointExtension>
            <ns3:atemp>32.0</ns3:atemp>
            <ns3:hr>140</ns3:hr>
            <ns3:cad>92</ns3:cad>
          </ns3:TrackPointExtension>
        </extensions>
      </trkpt>
      <trkpt lat="34.70982380211353302001953125" lon="135.22906509228050708770751953125">
        <ele>25.3999996185302734375</ele>
        <time>2026-08-05T21:44:00.000Z</time>
        <extensions>
          <ns3:TrackPointExtension>
            <ns3:atemp>32.0</ns3:atemp>
            <ns3:hr>140</ns3:hr>
            <ns3:cad>92</ns3:cad>
          </ns3:TrackPointExtension>
        </extensions>
      </trkpt>
      <trkpt lat="34.7098352015018463134765625" lon="135.22909359075129032135009765625">
        <ele>25.3999996185302734375</ele>
        <time>2026-08-05T21:44:01.000Z</time>
        <extensions>
          <ns3:TrackPointExtension>
            <ns3:atemp>32.0</ns3:atemp>
            <ns3:hr>141</ns3:hr>
            <ns3:cad>93</ns3:cad>
          </ns3:TrackPointExtension>
        </extensions>
      </trkpt>
      <trkpt lat="34.70984534360468387603759765625" lon="135.2291218377649784088134765625">
        <ele>25.3999996185302734375</ele>
        <time>2026-08-05T21:44:02.000Z</time>
        <extensions>
          <ns3:TrackPointExtension>
            <ns3:atemp>32.0</ns3:atemp>
            <ns3:hr>141</ns3:hr>
            <ns3:cad>93</ns3:cad>
          </ns3:TrackPointExtension>
        </extensions>
      </trkpt>
      <trkpt lat="34.7098554857075214385986328125" lon="135.2291451394557952880859375">
        <ele>25.3999996185302734375</ele>
        <time>2026-08-05T21:44:03.000Z</time>
        <extensions>
          <ns3:TrackPointExtension>
            <ns3:atemp>32.0</ns3:atemp>
            <ns3:hr>142</ns3:hr>
            <ns3:cad>93</ns3:cad>
          </ns3:TrackPointExtension>
        </extensions>
      </trkpt>
      <trkpt lat="34.7098665498197078704833984375" lon="135.22917137481272220611572265625">
        <ele>25.3999996185302734375</ele>
        <time>2026-08-05T21:44:04.000Z</time>
        <extensions>
          <ns3:TrackPointExtension>
            <ns3:atemp>32.0</ns3:atemp>
            <ns3:hr>142</ns3:hr>
            <ns3:cad>92</ns3:cad>
          </ns3:TrackPointExtension>
        </extensions>
      </trkpt>
      <trkpt lat="34.7098769433796405792236328125" lon="135.2291955985128879547119140625">
        <ele>25.200000762939453125</ele>
        <time>2026-08-05T21:44:05.000Z</time>
        <extensions>
          <ns3:TrackPointExtension>
            <ns3:atemp>32.0</ns3:atemp>
            <ns3:hr>143</ns3:hr>
            <ns3:cad>92</ns3:cad>
          </ns3:TrackPointExtension>
        </extensions>
      </trkpt>
      <trkpt lat="34.709888510406017303466796875" lon="135.22922384552657604217529296875">
        <ele>25.200000762939453125</ele>
        <time>2026-08-05T21:44:06.000Z</time>
        <extensions>
          <ns3:TrackPointExtension>
            <ns3:atemp>32.0</ns3:atemp>
            <ns3:hr>143</ns3:hr>
            <ns3:cad>92</ns3:cad>
          </ns3:TrackPointExtension>
        </extensions>
      </trkpt>
      <trkpt lat="34.70989798195660114288330078125" lon="135.2292509190738201141357421875">
        <ele>25.200000762939453125</ele>
        <time>2026-08-05T21:44:07.000Z</time>
        <extensions>
          <ns3:TrackPointExtension>
            <ns3:atemp>32.0</ns3:atemp>
            <ns3:hr>144</ns3:hr>
            <ns3:cad>92</ns3:cad>
          </ns3:TrackPointExtension>
        </extensions>
      </trkpt>
      <trkpt lat="34.70990904606878757476806640625" lon="135.22927916608750820159912109375">
        <ele>25</ele>
        <time>2026-08-05T21:44:08.000Z</time>
        <extensions>
          <ns3:TrackPointExtension>
            <ns3:atemp>32.0</ns3:atemp>
            <ns3:hr>145</ns3:hr>
            <ns3:cad>92</ns3:cad>
          </ns3:TrackPointExtension>
        </extensions>
      </trkpt>
      <trkpt lat="34.709920696914196014404296875" lon="135.2293065749108791351318359375">
        <ele>25</ele>
        <time>2026-08-05T21:44:09.000Z</time>
        <extensions>
          <ns3:TrackPointExtension>
            <ns3:atemp>32.0</ns3:atemp>
            <ns3:hr>145</ns3:hr>
            <ns3:cad>94</ns3:cad>
          </ns3:TrackPointExtension>
        </extensions>
      </trkpt>
      <trkpt lat="34.70993050374090671539306640625" lon="135.22933700121939182281494140625">
        <ele>24.799999237060546875</ele>
        <time>2026-08-05T21:44:10.000Z</time>
        <extensions>
          <ns3:TrackPointExtension>
            <ns3:atemp>32.0</ns3:atemp>
            <ns3:hr>145</ns3:hr>
            <ns3:cad>94</ns3:cad>
          </ns3:TrackPointExtension>
        </extensions>
      </trkpt>
      <trkpt lat="34.70994316041469573974609375" lon="135.22936952300369739532470703125">
        <ele>24.799999237060546875</ele>
        <time>2026-08-05T21:44:11.000Z</time>
        <extensions>
          <ns3:TrackPointExtension>
            <ns3:atemp>32.0</ns3:atemp>
            <ns3:hr>146</ns3:hr>
            <ns3:cad>93</ns3:cad>
          </ns3:TrackPointExtension>
        </extensions>
      </trkpt>
      <trkpt lat="34.70995481126010417938232421875" lon="135.2293970994651317596435546875">
        <ele>24.799999237060546875</ele>
        <time>2026-08-05T21:44:12.000Z</time>
        <extensions>
          <ns3:TrackPointExtension>
            <ns3:atemp>32.0</ns3:atemp>
            <ns3:hr>146</ns3:hr>
            <ns3:cad>93</ns3:cad>
          </ns3:TrackPointExtension>
        </extensions>
      </trkpt>
      <trkpt lat="34.7099667973816394805908203125" lon="135.2294245921075344085693359375">
        <ele>24.799999237060546875</ele>
        <time>2026-08-05T21:44:13.000Z</time>
        <extensions>
          <ns3:TrackPointExtension>
            <ns3:atemp>32.0</ns3:atemp>
            <ns3:hr>146</ns3:hr>
            <ns3:cad>92</ns3:cad>
          </ns3:TrackPointExtension>
        </extensions>
      </trkpt>
      <trkpt lat="34.709977693855762481689453125" lon="135.22945183329284191131591796875">
        <ele>24.6000003814697265625</ele>
        <time>2026-08-05T21:44:14.000Z</time>
        <extensions>
          <ns3:TrackPointExtension>
            <ns3:atemp>32.0</ns3:atemp>
            <ns3:hr>146</ns3:hr>
            <ns3:cad>92</ns3:cad>
          </ns3:TrackPointExtension>
        </extensions>
      </trkpt>
      <trkpt lat="34.7099889256060123443603515625" lon="135.2294812537729740142822265625">
        <ele>24.3999996185302734375</ele>
        <time>2026-08-05T21:44:15.000Z</time>
        <extensions>
          <ns3:TrackPointExtension>
            <ns3:atemp>32.0</ns3:atemp>
            <ns3:hr>147</ns3:hr>
            <ns3:cad>92</ns3:cad>
          </ns3:TrackPointExtension>
        </extensions>
      </trkpt>
      <trkpt lat="34.70999923534691333770751953125" lon="135.22951218299567699432373046875">
        <ele>24.3999996185302734375</ele>
        <time>2026-08-05T21:44:16.000Z</time>
        <extensions>
          <ns3:TrackPointExtension>
            <ns3:atemp>32.0</ns3:atemp>
            <ns3:hr>147</ns3:hr>
            <ns3:cad>91</ns3:cad>
          </ns3:TrackPointExtension>
        </extensions>
      </trkpt>
      <trkpt lat="34.7100095450878143310546875" lon="135.22954051382839679718017578125">
        <ele>24.200000762939453125</ele>
        <time>2026-08-05T21:44:17.000Z</time>
        <extensions>
          <ns3:TrackPointExtension>
            <ns3:atemp>32.0</ns3:atemp>
            <ns3:hr>148</ns3:hr>
            <ns3:cad>91</ns3:cad>
          </ns3:TrackPointExtension>
        </extensions>
      </trkpt>
      <trkpt lat="34.71002169884741306304931640625" lon="135.22956297732889652252197265625">
        <ele>24</ele>
        <time>2026-08-05T21:44:18.000Z</time>
        <extensions>
          <ns3:TrackPointExtension>
            <ns3:atemp>32.0</ns3:atemp>
            <ns3:hr>148</ns3:hr>
            <ns3:cad>93</ns3:cad>
          </ns3:TrackPointExtension>
        </extensions>
      </trkpt>
      <trkpt lat="34.7100368700921535491943359375" lon="135.22958929650485515594482421875">
        <ele>24</ele>
        <time>2026-08-05T21:44:19.000Z</time>
        <extensions>
          <ns3:TrackPointExtension>
            <ns3:atemp>32.0</ns3:atemp>
            <ns3:hr>148</ns3:hr>
            <ns3:cad>93</ns3:cad>
          </ns3:TrackPointExtension>
        </extensions>
      </trkpt>
      <trkpt lat="34.71005271188914775848388671875" lon="135.22960287518799304962158203125">
        <ele>24.200000762939453125</ele>
        <time>2026-08-05T21:44:20.000Z</time>
        <extensions>
          <ns3:TrackPointExtension>
            <ns3:atemp>32.0</ns3:atemp>
            <ns3:hr>148</ns3:hr>
            <ns3:cad>92</ns3:cad>
          </ns3:TrackPointExtension>
        </extensions>
      </trkpt>
      <trkpt lat="34.7100703977048397064208984375" lon="135.22959717549383640289306640625">
        <ele>24.200000762939453125</ele>
        <time>2026-08-05T21:44:21.000Z</time>
        <extensions>
          <ns3:TrackPointExtension>
            <ns3:atemp>32.0</ns3:atemp>
            <ns3:hr>148</ns3:hr>
            <ns3:cad>92</ns3:cad>
          </ns3:TrackPointExtension>
        </extensions>
      </trkpt>
      <trkpt lat="34.71009470522403717041015625" lon="135.2295845188200473785400390625">
        <ele>24.3999996185302734375</ele>
        <time>2026-08-05T21:44:22.000Z</time>
        <extensions>
          <ns3:TrackPointExtension>
            <ns3:atemp>32.0</ns3:atemp>
            <ns3:hr>149</ns3:hr>
            <ns3:cad>91</ns3:cad>
          </ns3:TrackPointExtension>
        </extensions>
      </trkpt>
      <trkpt lat="34.71012027002871036529541015625" lon="135.2295734547078609466552734375">
        <ele>24.6000003814697265625</ele>
        <time>2026-08-05T21:44:23.000Z</time>
        <extensions>
          <ns3:TrackPointExtension>
            <ns3:atemp>32.0</ns3:atemp>
            <ns3:hr>148</ns3:hr>
            <ns3:cad>91</ns3:cad>
          </ns3:TrackPointExtension>
        </extensions>
      </trkpt>
      <trkpt lat="34.71014524810016155242919921875" lon="135.229566581547260284423828125">
        <ele>24.799999237060546875</ele>
        <time>2026-08-05T21:44:24.000Z</time>
        <extensions>
          <ns3:TrackPointExtension>
            <ns3:atemp>32.0</ns3:atemp>
            <ns3:hr>148</ns3:hr>
            <ns3:cad>90</ns3:cad>
          </ns3:TrackPointExtension>
        </extensions>
      </trkpt>
      <trkpt lat="34.7101686336100101470947265625" lon="135.22956079803407192230224609375">
        <ele>25.200000762939453125</ele>
        <time>2026-08-05T21:44:25.000Z</time>
        <extensions>
          <ns3:TrackPointExtension>
            <ns3:atemp>32.0</ns3:atemp>
            <ns3:hr>149</ns3:hr>
            <ns3:cad>89</ns3:cad>
          </ns3:TrackPointExtension>
        </extensions>
      </trkpt>
      <trkpt lat="34.71018254756927490234375" lon="135.22954814136028289794921875">
        <ele>25.3999996185302734375</ele>
        <time>2026-08-05T21:44:26.000Z</time>
        <extensions>
          <ns3:TrackPointExtension>
            <ns3:atemp>32.0</ns3:atemp>
            <ns3:hr>148</ns3:hr>
            <ns3:cad>89</ns3:cad>
          </ns3:TrackPointExtension>
        </extensions>
      </trkpt>
      <trkpt lat="34.7101981379091739654541015625" lon="135.22953665815293788909912109375">
        <ele>25.6000003814697265625</ele>
        <time>2026-08-05T21:44:27.000Z</time>
        <extensions>
          <ns3:TrackPointExtension>
            <ns3:atemp>32.0</ns3:atemp>
            <ns3:hr>148</ns3:hr>
            <ns3:cad>90</ns3:cad>
          </ns3:TrackPointExtension>
        </extensions>
      </trkpt>
      <trkpt lat="34.71021649427711963653564453125" lon="135.22952542640268802642822265625">
        <ele>25.6000003814697265625</ele>
        <time>2026-08-05T21:44:28.000Z</time>
        <extensions>
          <ns3:TrackPointExtension>
            <ns3:atemp>32.0</ns3:atemp>
            <ns3:hr>148</ns3:hr>
            <ns3:cad>91</ns3:cad>
          </ns3:TrackPointExtension>
        </extensions>
      </trkpt>
      <trkpt lat="34.7102393768727779388427734375" lon="135.2295134402811527252197265625">
        <ele>25.6000003814697265625</ele>
        <time>2026-08-05T21:44:29.000Z</time>
        <extensions>
          <ns3:TrackPointExtension>
            <ns3:atemp>32.0</ns3:atemp>
            <ns3:hr>149</ns3:hr>
            <ns3:cad>92</ns3:cad>
          </ns3:TrackPointExtension>
        </extensions>
      </trkpt>
      <trkpt lat="34.710258655250072479248046875" lon="135.22950296290218830108642578125">
        <ele>25.3999996185302734375</ele>
        <time>2026-08-05T21:44:30.000Z</time>
        <extensions>
          <ns3:TrackPointExtension>
            <ns3:atemp>32.0</ns3:atemp>
            <ns3:hr>148</ns3:hr>
            <ns3:cad>92</ns3:cad>
          </ns3:TrackPointExtension>
        </extensions>
      </trkpt>
      <trkpt lat="34.71027441322803497314453125" lon="135.22949692793190479278564453125">
        <ele>25.200000762939453125</ele>
        <time>2026-08-05T21:44:31.000Z</time>
        <extensions>
          <ns3:TrackPointExtension>
            <ns3:atemp>32.0</ns3:atemp>
            <ns3:hr>148</ns3:hr>
            <ns3:cad>93</ns3:cad>
          </ns3:TrackPointExtension>
        </extensions>
      </trkpt>
      <trkpt lat="34.71029411070048809051513671875" lon="135.229488126933574676513671875">
        <ele>25.200000762939453125</ele>
        <time>2026-08-05T21:44:32.000Z</time>
        <extensions>
          <ns3:TrackPointExtension>
            <ns3:atemp>32.0</ns3:atemp>
            <ns3:hr>148</ns3:hr>
            <ns3:cad>93</ns3:cad>
          </ns3:TrackPointExtension>
        </extensions>
      </trkpt>
      <trkpt lat="34.7103178314864635467529296875" lon="135.2294792421162128448486328125">
        <ele>25.200000762939453125</ele>
        <time>2026-08-05T21:44:33.000Z</time>
        <extensions>
          <ns3:TrackPointExtension>
            <ns3:atemp>32.0</ns3:atemp>
            <ns3:hr>149</ns3:hr>
            <ns3:cad>92</ns3:cad>
          </ns3:TrackPointExtension>
        </extensions>
      </trkpt>
      <trkpt lat="34.71034809015691280364990234375" lon="135.22949273698031902313232421875">
        <ele>25.3999996185302734375</ele>
        <time>2026-08-05T21:44:34.000Z</time>
        <extensions>
          <ns3:TrackPointExtension>
            <ns3:atemp>32.0</ns3:atemp>
            <ns3:hr>148</ns3:hr>
            <ns3:cad>92</ns3:cad>
          </ns3:TrackPointExtension>
        </extensions>
      </trkpt>
      <trkpt lat="34.71036963164806365966796875" lon="135.229513607919216156005859375">
        <ele>25.6000003814697265625</ele>
        <time>2026-08-05T21:44:35.000Z</time>
        <extensions>
          <ns3:TrackPointExtension>
            <ns3:atemp>32.0</ns3:atemp>
            <ns3:hr>148</ns3:hr>
            <ns3:cad>90</ns3:cad>
          </ns3:TrackPointExtension>
        </extensions>
      </trkpt>
      <trkpt lat="34.71038161776959896087646484375" lon="135.22952576167881488800048828125">
        <ele>25.799999237060546875</ele>
        <time>2026-08-05T21:44:36.000Z</time>
        <extensions>
          <ns3:TrackPointExtension>
            <ns3:atemp>32.0</ns3:atemp>
            <ns3:hr>148</ns3:hr>
            <ns3:cad>90</ns3:cad>
          </ns3:TrackPointExtension>
        </extensions>
      </trkpt>
      <trkpt lat="34.71039268188178539276123046875" lon="135.22954537533223628997802734375">
        <ele>25.799999237060546875</ele>
        <time>2026-08-05T21:44:37.000Z</time>
        <extensions>
          <ns3:TrackPointExtension>
            <ns3:atemp>32.0</ns3:atemp>
            <ns3:hr>149</ns3:hr>
            <ns3:cad>90</ns3:cad>
          </ns3:TrackPointExtension>
        </extensions>
      </trkpt>
      <trkpt lat="34.710405170917510986328125" lon="135.22956633009016513824462890625">
        <ele>26.200000762939453125</ele>
        <time>2026-08-05T21:44:38.000Z</time>
        <extensions>
          <ns3:TrackPointExtension>
            <ns3:atemp>32.0</ns3:atemp>
            <ns3:hr>149</ns3:hr>
            <ns3:cad>89</ns3:cad>
          </ns3:TrackPointExtension>
        </extensions>
      </trkpt>
      <trkpt lat="34.71041648648679256439208984375" lon="135.229592733085155487060546875">
        <ele>26.3999996185302734375</ele>
        <time>2026-08-05T21:44:39.000Z</time>
        <extensions>
          <ns3:TrackPointExtension>
            <ns3:atemp>32.0</ns3:atemp>
            <ns3:hr>149</ns3:hr>
            <ns3:cad>89</ns3:cad>
          </ns3:TrackPointExtension>
        </extensions>
      </trkpt>
      <trkpt lat="34.71042822115123271942138671875" lon="135.2296180464327335357666015625">
        <ele>26.3999996185302734375</ele>
        <time>2026-08-05T21:44:40.000Z</time>
        <extensions>
          <ns3:TrackPointExtension>
            <ns3:atemp>32.0</ns3:atemp>
            <ns3:hr>149</ns3:hr>
            <ns3:cad>89</ns3:cad>
          </ns3:TrackPointExtension>
        </extensions>
      </trkpt>
      <trkpt lat="34.71043995581567287445068359375" lon="135.229645706713199615478515625">
        <ele>26.3999996185302734375</ele>
        <time>2026-08-05T21:44:41.000Z</time>
        <extensions>
          <ns3:TrackPointExtension>
            <ns3:atemp>32.0</ns3:atemp>
            <ns3:hr>150</ns3:hr>
            <ns3:cad>88</ns3:cad>
          </ns3:TrackPointExtension>
        </extensions>
      </trkpt>
      <trkpt lat="34.7104509361088275909423828125" lon="135.2296690084040164947509765625">
        <ele>26.3999996185302734375</ele>
        <time>2026-08-05T21:44:42.000Z</time>
        <extensions>
          <ns3:TrackPointExtension>
            <ns3:atemp>32.0</ns3:atemp>
            <ns3:hr>150</ns3:hr>
            <ns3:cad>88</ns3:cad>
          </ns3:TrackPointExtension>
        </extensions>
      </trkpt>
      <trkpt lat="34.7104583121836185455322265625" lon="135.22969272918999195098876953125">
        <ele>26.6000003814697265625</ele>
        <time>2026-08-05T21:44:43.000Z</time>
        <extensions>
          <ns3:TrackPointExtension>
            <ns3:atemp>32.0</ns3:atemp>
            <ns3:hr>150</ns3:hr>
            <ns3:cad>89</ns3:cad>
          </ns3:TrackPointExtension>
        </extensions>
      </trkpt>
      <trkpt lat="34.71046895720064640045166015625" lon="135.229710750281810760498046875">
        <ele>26.799999237060546875</ele>
        <time>2026-08-05T21:44:44.000Z</time>
        <extensions>
          <ns3:TrackPointExtension>
            <ns3:atemp>32.0</ns3:atemp>
            <ns3:hr>150</ns3:hr>
            <ns3:cad>89</ns3:cad>
          </ns3:TrackPointExtension>
        </extensions>
      </trkpt>
      <trkpt lat="34.71048354171216487884521484375" lon="135.22971988655626773834228515625">
        <ele>27.200000762939453125</ele>
        <time>2026-08-05T21:44:45.000Z</time>
        <extensions>
          <ns3:TrackPointExtension>
            <ns3:atemp>32.0</ns3:atemp>
            <ns3:hr>151</ns3:hr>
            <ns3:cad>90</ns3:cad>
          </ns3:TrackPointExtension>
        </extensions>
      </trkpt>
      <trkpt lat="34.71050399355590343475341796875" lon="135.22970664314925670623779296875">
        <ele>27.799999237060546875</ele>
        <time>2026-08-05T21:44:46.000Z</time>
        <extensions>
          <ns3:TrackPointExtension>
            <ns3:atemp>32.0</ns3:atemp>
            <ns3:hr>152</ns3:hr>
            <ns3:cad>90</ns3:cad>
          </ns3:TrackPointExtension>
        </extensions>
      </trkpt>
      <trkpt lat="34.71052645705640316009521484375" lon="135.22969088517129421234130859375">
        <ele>28.200000762939453125</ele>
        <time>2026-08-05T21:44:47.000Z</time>
        <extensions>
          <ns3:TrackPointExtension>
            <ns3:atemp>32.0</ns3:atemp>
            <ns3:hr>152</ns3:hr>
            <ns3:cad>89</ns3:cad>
          </ns3:TrackPointExtension>
        </extensions>
      </trkpt>
      <trkpt lat="34.710543639957904815673828125" lon="135.22967445664107799530029296875">
        <ele>28.3999996185302734375</ele>
        <time>2026-08-05T21:44:48.000Z</time>
        <extensions>
          <ns3:TrackPointExtension>
            <ns3:atemp>32.0</ns3:atemp>
            <ns3:hr>153</ns3:hr>
            <ns3:cad>88</ns3:cad>
          </ns3:TrackPointExtension>
        </extensions>
      </trkpt>
      <trkpt lat="34.7105647623538970947265625" lon="135.22966188378632068634033203125">
        <ele>28.3999996185302734375</ele>
        <time>2026-08-05T21:44:49.000Z</time>
        <extensions>
          <ns3:TrackPointExtension>
            <ns3:atemp>32.0</ns3:atemp>
            <ns3:hr>153</ns3:hr>
            <ns3:cad>88</ns3:cad>
          </ns3:TrackPointExtension>
        </extensions>
      </trkpt>
      <trkpt lat="34.71058445982635021209716796875" lon="135.2296505682170391082763671875">
        <ele>28.3999996185302734375</ele>
        <time>2026-08-05T21:44:50.000Z</time>
        <extensions>
          <ns3:TrackPointExtension>
            <ns3:atemp>32.0</ns3:atemp>
            <ns3:hr>155</ns3:hr>
            <ns3:cad>88</ns3:cad>
          </ns3:TrackPointExtension>
        </extensions>
      </trkpt>
      <trkpt lat="34.71061170101165771484375" lon="135.2296507358551025390625">
        <ele>28.3999996185302734375</ele>
        <time>2026-08-05T21:44:51.000Z</time>
        <extensions>
          <ns3:TrackPointExtension>
            <ns3:atemp>32.0</ns3:atemp>
            <ns3:hr>156</ns3:hr>
            <ns3:cad>89</ns3:cad>
          </ns3:TrackPointExtension>
        </extensions>
      </trkpt>
      <trkpt lat="34.71063827164471149444580078125" lon="135.22965551353991031646728515625">
        <ele>28.200000762939453125</ele>
        <time>2026-08-05T21:44:52.000Z</time>
        <extensions>
          <ns3:TrackPointExtension>
            <ns3:atemp>32.0</ns3:atemp>
            <ns3:hr>157</ns3:hr>
            <ns3:cad>89</ns3:cad>
          </ns3:TrackPointExtension>
        </extensions>
      </trkpt>
      <trkpt lat="34.71066257916390895843505859375" lon="135.2296636439859867095947265625">
        <ele>28.200000762939453125</ele>
        <time>2026-08-05T21:44:53.000Z</time>
        <extensions>
          <ns3:TrackPointExtension>
            <ns3:atemp>32.0</ns3:atemp>
            <ns3:hr>157</ns3:hr>
            <ns3:cad>89</ns3:cad>
          </ns3:TrackPointExtension>
        </extensions>
      </trkpt>
      <trkpt lat="34.71068705432116985321044921875" lon="135.2296666614711284637451171875">
        <ele>28.200000762939453125</ele>
        <time>2026-08-05T21:44:54.000Z</time>
        <extensions>
          <ns3:TrackPointExtension>
            <ns3:atemp>32.0</ns3:atemp>
            <ns3:hr>157</ns3:hr>
            <ns3:cad>90</ns3:cad>
          </ns3:TrackPointExtension>
        </extensions>
      </trkpt>
      <trkpt lat="34.71071563661098480224609375" lon="135.22967026568949222564697265625">
        <ele>28.3999996185302734375</ele>
        <time>2026-08-05T21:44:55.000Z</time>
        <extensions>
          <ns3:TrackPointExtension>
            <ns3:atemp>32.0</ns3:atemp>
            <ns3:hr>158</ns3:hr>
            <ns3:cad>89</ns3:cad>
          </ns3:TrackPointExtension>
        </extensions>
      </trkpt>
      <trkpt lat="34.7107687778770923614501953125" lon="135.2296663261950016021728515625">
        <ele>28.6000003814697265625</ele>
        <time>2026-08-05T21:44:56.000Z</time>
        <extensions>
          <ns3:TrackPointExtension>
            <ns3:atemp>32.0</ns3:atemp>
            <ns3:hr>158</ns3:hr>
            <ns3:cad>89</ns3:cad>
          </ns3:TrackPointExtension>
        </extensions>
      </trkpt>
      <trkpt lat="34.7107687778770923614501953125" lon="135.2296663261950016021728515625">
        <ele>28.6000003814697265625</ele>
        <time>2026-08-05T21:44:57.000Z</time>
        <extensions>
          <ns3:TrackPointExtension>
            <ns3:atemp>32.0</ns3:atemp>
            <ns3:hr>159</ns3:hr>
            <ns3:cad>89</ns3:cad>
          </ns3:TrackPointExtension>
        </extensions>
      </trkpt>
      <trkpt lat="34.71079417504370212554931640625" lon="135.22965886630117893218994140625">
        <ele>28.6000003814697265625</ele>
        <time>2026-08-05T21:44:58.000Z</time>
        <extensions>
          <ns3:TrackPointExtension>
            <ns3:atemp>32.0</ns3:atemp>
            <ns3:hr>160</ns3:hr>
            <ns3:cad>89</ns3:cad>
          </ns3:TrackPointExtension>
        </extensions>
      </trkpt>
      <trkpt lat="34.71081747673451900482177734375" lon="135.229651741683483123779296875">
        <ele>28.6000003814697265625</ele>
        <time>2026-08-05T21:44:59.000Z</time>
        <extensions>
          <ns3:TrackPointExtension>
            <ns3:atemp>32.0</ns3:atemp>
            <ns3:hr>160</ns3:hr>
            <ns3:cad>89</ns3:cad>
          </ns3:TrackPointExtension>
        </extensions>
      </trkpt>
      <trkpt lat="34.71083692274987697601318359375" lon="135.22964478470385074615478515625">
        <ele>28.3999996185302734375</ele>
        <time>2026-08-05T21:45:00.000Z</time>
        <extensions>
          <ns3:TrackPointExtension>
            <ns3:atemp>32.0</ns3:atemp>
            <ns3:hr>160</ns3:hr>
            <ns3:cad>90</ns3:cad>
          </ns3:TrackPointExtension>
        </extensions>
      </trkpt>
      <trkpt lat="34.7108603082597255706787109375" lon="135.2296368218958377838134765625">
        <ele>28.200000762939453125</ele>
        <time>2026-08-05T21:45:01.000Z</time>
        <extensions>
          <ns3:TrackPointExtension>
            <ns3:atemp>32.0</ns3:atemp>
            <ns3:hr>160</ns3:hr>
            <ns3:cad>91</ns3:cad>
          </ns3:TrackPointExtension>
        </extensions>
      </trkpt>
      <trkpt lat="34.710881598293781280517578125" lon="135.2296264283359050750732421875">
        <ele>28.200000762939453125</ele>
        <time>2026-08-05T21:45:02.000Z</time>
        <extensions>
          <ns3:TrackPointExtension>
            <ns3:atemp>32.0</ns3:atemp>
            <ns3:hr>161</ns3:hr>
            <ns3:cad>92</ns3:cad>
          </ns3:TrackPointExtension>
        </extensions>
      </trkpt>
      <trkpt lat="34.7109052352607250213623046875" lon="135.229615867137908935546875">
        <ele>28</ele>
        <time>2026-08-05T21:45:03.000Z</time>
        <extensions>
          <ns3:TrackPointExtension>
            <ns3:atemp>32.0</ns3:atemp>
            <ns3:hr>160</ns3:hr>
            <ns3:cad>92</ns3:cad>
          </ns3:TrackPointExtension>
        </extensions>
      </trkpt>
      <trkpt lat="34.7109253518283367156982421875" lon="135.22960446774959564208984375">
        <ele>28.200000762939453125</ele>
        <time>2026-08-05T21:45:04.000Z</time>
        <extensions>
          <ns3:TrackPointExtension>
            <ns3:atemp>32.0</ns3:atemp>
            <ns3:hr>160</ns3:hr>
            <ns3:cad>92</ns3:cad>
          </ns3:TrackPointExtension>
        </extensions>
      </trkpt>
      <trkpt lat="34.71095209009945392608642578125" lon="135.22959432564675807952880859375">
        <ele>28.200000762939453125</ele>
        <time>2026-08-05T21:45:05.000Z</time>
        <extensions>
          <ns3:TrackPointExtension>
            <ns3:atemp>32.0</ns3:atemp>
            <ns3:hr>161</ns3:hr>
            <ns3:cad>92</ns3:cad>
          </ns3:TrackPointExtension>
        </extensions>
      </trkpt>
      <trkpt lat="34.71099131740629673004150390625" lon="135.229571945965290069580078125">
        <ele>28.3999996185302734375</ele>
        <time>2026-08-05T21:45:06.000Z</time>
        <extensions>
          <ns3:TrackPointExtension>
            <ns3:atemp>32.0</ns3:atemp>
            <ns3:hr>160</ns3:hr>
            <ns3:cad>91</ns3:cad>
          </ns3:TrackPointExtension>
        </extensions>
      </trkpt>
      <trkpt lat="34.71099131740629673004150390625" lon="135.229571945965290069580078125">
        <ele>28.3999996185302734375</ele>
        <time>2026-08-05T21:45:07.000Z</time>
        <extensions>
          <ns3:TrackPointExtension>
            <ns3:atemp>32.0</ns3:atemp>
            <ns3:hr>160</ns3:hr>
            <ns3:cad>91</ns3:cad>
          </ns3:TrackPointExtension>
        </extensions>
      </trkpt>
      <trkpt lat="34.71101545728743076324462890625" lon="135.22956213913857936859130859375">
        <ele>28.6000003814697265625</ele>
        <time>2026-08-05T21:45:08.000Z</time>
        <extensions>
          <ns3:TrackPointExtension>
            <ns3:atemp>32.0</ns3:atemp>
            <ns3:hr>160</ns3:hr>
            <ns3:cad>92</ns3:cad>
          </ns3:TrackPointExtension>
        </extensions>
      </trkpt>
      <trkpt lat="34.7110373340547084808349609375" lon="135.2295519970357418060302734375">
        <ele>28.799999237060546875</ele>
        <time>2026-08-05T21:45:09.000Z</time>
        <extensions>
          <ns3:TrackPointExtension>
            <ns3:atemp>32.0</ns3:atemp>
            <ns3:hr>160</ns3:hr>
            <ns3:cad>92</ns3:cad>
          </ns3:TrackPointExtension>
        </extensions>
      </trkpt>
      <trkpt lat="34.71105351112782955169677734375" lon="135.229535736143589019775390625">
        <ele>28.799999237060546875</ele>
        <time>2026-08-05T21:45:10.000Z</time>
        <extensions>
          <ns3:TrackPointExtension>
            <ns3:atemp>32.0</ns3:atemp>
            <ns3:hr>160</ns3:hr>
            <ns3:cad>92</ns3:cad>
          </ns3:TrackPointExtension>
        </extensions>
      </trkpt>
      <trkpt lat="34.71107698045670986175537109375" lon="135.2295208163559436798095703125">
        <ele>28.799999237060546875</ele>
        <time>2026-08-05T21:45:11.000Z</time>
        <extensions>
          <ns3:TrackPointExtension>
            <ns3:atemp>32.0</ns3:atemp>
            <ns3:hr>161</ns3:hr>
            <ns3:cad>92</ns3:cad>
          </ns3:TrackPointExtension>
        </extensions>
      </trkpt>
      <trkpt lat="34.7110998630523681640625" lon="135.22950883023440837860107421875">
        <ele>28.799999237060546875</ele>
        <time>2026-08-05T21:45:12.000Z</time>
        <extensions>
          <ns3:TrackPointExtension>
            <ns3:atemp>32.0</ns3:atemp>
            <ns3:hr>160</ns3:hr>
            <ns3:cad>92</ns3:cad>
          </ns3:TrackPointExtension>
        </extensions>
      </trkpt>
      <trkpt lat="34.71111872233450412750244140625" lon="135.2294956706464290618896484375">
        <ele>28.6000003814697265625</ele>
        <time>2026-08-05T21:45:13.000Z</time>
        <extensions>
          <ns3:TrackPointExtension>
            <ns3:atemp>32.0</ns3:atemp>
            <ns3:hr>160</ns3:hr>
            <ns3:cad>92</ns3:cad>
          </ns3:TrackPointExtension>
        </extensions>
      </trkpt>
      <trkpt lat="34.71114076673984527587890625" lon="135.2294812537729740142822265625">
        <ele>28.3999996185302734375</ele>
        <time>2026-08-05T21:45:14.000Z</time>
        <extensions>
          <ns3:TrackPointExtension>
            <ns3:atemp>32.0</ns3:atemp>
            <ns3:hr>160</ns3:hr>
            <ns3:cad>92</ns3:cad>
          </ns3:TrackPointExtension>
        </extensions>
      </trkpt>
      <trkpt lat="34.71118276007473468780517578125" lon="135.2294587902724742889404296875">
        <ele>28.3999996185302734375</ele>
        <time>2026-08-05T21:45:15.000Z</time>
        <extensions>
          <ns3:TrackPointExtension>
            <ns3:atemp>32.0</ns3:atemp>
            <ns3:hr>161</ns3:hr>
            <ns3:cad>92</ns3:cad>
          </ns3:TrackPointExtension>
        </extensions>
      </trkpt>
      <trkpt lat="34.71118276007473468780517578125" lon="135.2294587902724742889404296875">
        <ele>28.3999996185302734375</ele>
        <time>2026-08-05T21:45:16.000Z</time>
        <extensions>
          <ns3:TrackPointExtension>
            <ns3:atemp>32.0</ns3:atemp>
            <ns3:hr>161</ns3:hr>
            <ns3:cad>92</ns3:cad>
          </ns3:TrackPointExtension>
        </extensions>
      </trkpt>
      <trkpt lat="34.71120270900428295135498046875" lon="135.22944713942706584930419921875">
        <ele>28.6000003814697265625</ele>
        <time>2026-08-05T21:45:17.000Z</time>
        <extensions>
          <ns3:TrackPointExtension>
            <ns3:atemp>32.0</ns3:atemp>
            <ns3:hr>161</ns3:hr>
            <ns3:cad>91</ns3:cad>
          </ns3:TrackPointExtension>
        </extensions>
      </trkpt>
      <trkpt lat="34.7112220712006092071533203125" lon="135.22943205200135707855224609375">
        <ele>28.6000003814697265625</ele>
        <time>2026-08-05T21:45:18.000Z</time>
        <extensions>
          <ns3:TrackPointExtension>
            <ns3:atemp>32.0</ns3:atemp>
            <ns3:hr>161</ns3:hr>
            <ns3:cad>91</ns3:cad>
          </ns3:TrackPointExtension>
        </extensions>
      </trkpt>
      <trkpt lat="34.711243025958538055419921875" lon="135.2294188924133777618408203125">
        <ele>28.6000003814697265625</ele>
        <time>2026-08-05T21:45:19.000Z</time>
        <extensions>
          <ns3:TrackPointExtension>
            <ns3:atemp>32.0</ns3:atemp>
            <ns3:hr>161</ns3:hr>
            <ns3:cad>92</ns3:cad>
          </ns3:TrackPointExtension>
        </extensions>
      </trkpt>
      <trkpt lat="34.71126456744968891143798828125" lon="135.229404978454113006591796875">
        <ele>28.6000003814697265625</ele>
        <time>2026-08-05T21:45:20.000Z</time>
        <extensions>
          <ns3:TrackPointExtension>
            <ns3:atemp>32.0</ns3:atemp>
            <ns3:hr>161</ns3:hr>
            <ns3:cad>92</ns3:cad>
          </ns3:TrackPointExtension>
        </extensions>
      </trkpt>
      <trkpt lat="34.711283929646015167236328125" lon="135.22939181886613368988037109375">
        <ele>28.6000003814697265625</ele>
        <time>2026-08-05T21:45:21.000Z</time>
        <extensions>
          <ns3:TrackPointExtension>
            <ns3:atemp>32.0</ns3:atemp>
            <ns3:hr>161</ns3:hr>
            <ns3:cad>92</ns3:cad>
          </ns3:TrackPointExtension>
        </extensions>
      </trkpt>
      <trkpt lat="34.71130413003265857696533203125" lon="135.2293783240020275115966796875">
        <ele>28.799999237060546875</ele>
        <time>2026-08-05T21:45:22.000Z</time>
        <extensions>
          <ns3:TrackPointExtension>
            <ns3:atemp>32.0</ns3:atemp>
            <ns3:hr>161</ns3:hr>
            <ns3:cad>92</ns3:cad>
          </ns3:TrackPointExtension>
        </extensions>
      </trkpt>
      <trkpt lat="34.71132575534284114837646484375" lon="135.229368098080158233642578125">
        <ele>29</ele>
        <time>2026-08-05T21:45:23.000Z</time>
        <extensions>
          <ns3:TrackPointExtension>
            <ns3:atemp>32.0</ns3:atemp>
            <ns3:hr>161</ns3:hr>
            <ns3:cad>92</ns3:cad>
          </ns3:TrackPointExtension>
        </extensions>
      </trkpt>
      <trkpt lat="34.7113477997481822967529296875" lon="135.2293531782925128936767578125">
        <ele>29.200000762939453125</ele>
        <time>2026-08-05T21:45:24.000Z</time>
        <extensions>
          <ns3:TrackPointExtension>
            <ns3:atemp>32.0</ns3:atemp>
            <ns3:hr>162</ns3:hr>
            <ns3:cad>92</ns3:cad>
          </ns3:TrackPointExtension>
        </extensions>
      </trkpt>
      <trkpt lat="34.711369089782238006591796875" lon="135.22933867760002613067626953125">
        <ele>29.200000762939453125</ele>
        <time>2026-08-05T21:45:25.000Z</time>
        <extensions>
          <ns3:TrackPointExtension>
            <ns3:atemp>32.0</ns3:atemp>
            <ns3:hr>162</ns3:hr>
            <ns3:cad>92</ns3:cad>
          </ns3:TrackPointExtension>
        </extensions>
      </trkpt>
      <trkpt lat="34.71139214001595973968505859375" lon="135.22932476364076137542724609375">
        <ele>29.200000762939453125</ele>
        <time>2026-08-05T21:45:26.000Z</time>
        <extensions>
          <ns3:TrackPointExtension>
            <ns3:atemp>32.0</ns3:atemp>
            <ns3:hr>162</ns3:hr>
            <ns3:cad>91</ns3:cad>
          </ns3:TrackPointExtension>
        </extensions>
      </trkpt>
      <trkpt lat="34.71141007728874683380126953125" lon="135.2293099276721477508544921875">
        <ele>29.200000762939453125</ele>
        <time>2026-08-05T21:45:27.000Z</time>
        <extensions>
          <ns3:TrackPointExtension>
            <ns3:atemp>32.0</ns3:atemp>
            <ns3:hr>162</ns3:hr>
            <ns3:cad>91</ns3:cad>
          </ns3:TrackPointExtension>
        </extensions>
      </trkpt>
      <trkpt lat="34.71142902038991451263427734375" lon="135.229299031198024749755859375">
        <ele>29.200000762939453125</ele>
        <time>2026-08-05T21:45:28.000Z</time>
        <extensions>
          <ns3:TrackPointExtension>
            <ns3:atemp>32.0</ns3:atemp>
            <ns3:hr>162</ns3:hr>
            <ns3:cad>92</ns3:cad>
          </ns3:TrackPointExtension>
        </extensions>
      </trkpt>
      <trkpt lat="34.71144796349108219146728515625" lon="135.22928838618099689483642578125">
        <ele>29</ele>
        <time>2026-08-05T21:45:29.000Z</time>
        <extensions>
          <ns3:TrackPointExtension>
            <ns3:atemp>32.0</ns3:atemp>
            <ns3:hr>161</ns3:hr>
            <ns3:cad>92</ns3:cad>
          </ns3:TrackPointExtension>
        </extensions>
      </trkpt>
      <trkpt lat="34.7114681638777256011962890625" lon="135.229281596839427947998046875">
        <ele>29</ele>
        <time>2026-08-05T21:45:30.000Z</time>
        <extensions>
          <ns3:TrackPointExtension>
            <ns3:atemp>32.0</ns3:atemp>
            <ns3:hr>162</ns3:hr>
            <ns3:cad>92</ns3:cad>
          </ns3:TrackPointExtension>
        </extensions>
      </trkpt>
      <trkpt lat="34.7114896215498447418212890625" lon="135.22927187383174896240234375">
        <ele>29.200000762939453125</ele>
        <time>2026-08-05T21:45:31.000Z</time>
        <extensions>
          <ns3:TrackPointExtension>
            <ns3:atemp>32.0</ns3:atemp>
            <ns3:hr>162</ns3:hr>
            <ns3:cad>90</ns3:cad>
          </ns3:TrackPointExtension>
        </extensions>
      </trkpt>
      <trkpt lat="34.71151283942162990570068359375" lon="135.2292589657008647918701171875">
        <ele>29.3999996185302734375</ele>
        <time>2026-08-05T21:45:32.000Z</time>
        <extensions>
          <ns3:TrackPointExtension>
            <ns3:atemp>32.0</ns3:atemp>
            <ns3:hr>162</ns3:hr>
            <ns3:cad>90</ns3:cad>
          </ns3:TrackPointExtension>
        </extensions>
      </trkpt>
      <trkpt lat="34.71155357547104358673095703125" lon="135.2292361669242382049560546875">
        <ele>29.6000003814697265625</ele>
        <time>2026-08-05T21:45:33.000Z</time>
        <extensions>
          <ns3:TrackPointExtension>
            <ns3:atemp>32.0</ns3:atemp>
            <ns3:hr>162</ns3:hr>
            <ns3:cad>90</ns3:cad>
          </ns3:TrackPointExtension>
        </extensions>
      </trkpt>
      <trkpt lat="34.71157369203865528106689453125" lon="135.22922216914594173431396484375">
        <ele>30</ele>
        <time>2026-08-05T21:45:34.000Z</time>
        <extensions>
          <ns3:TrackPointExtension>
            <ns3:atemp>32.0</ns3:atemp>
            <ns3:hr>162</ns3:hr>
            <ns3:cad>90</ns3:cad>
          </ns3:TrackPointExtension>
        </extensions>
      </trkpt>
      <trkpt lat="34.71157369203865528106689453125" lon="135.22922216914594173431396484375">
        <ele>30</ele>
        <time>2026-08-05T21:45:35.000Z</time>
        <extensions>
          <ns3:TrackPointExtension>
            <ns3:atemp>32.0</ns3:atemp>
            <ns3:hr>163</ns3:hr>
            <ns3:cad>90</ns3:cad>
          </ns3:TrackPointExtension>
        </extensions>
      </trkpt>
      <trkpt lat="34.711596071720123291015625" lon="135.22920976392924785614013671875">
        <ele>30.200000762939453125</ele>
        <time>2026-08-05T21:45:36.000Z</time>
        <extensions>
          <ns3:TrackPointExtension>
            <ns3:atemp>32.0</ns3:atemp>
            <ns3:hr>163</ns3:hr>
            <ns3:cad>90</ns3:cad>
          </ns3:TrackPointExtension>
        </extensions>
      </trkpt>
      <trkpt lat="34.71161677502095699310302734375" lon="135.229197777807712554931640625">
        <ele>30.3999996185302734375</ele>
        <time>2026-08-05T21:45:37.000Z</time>
        <extensions>
          <ns3:TrackPointExtension>
            <ns3:atemp>32.0</ns3:atemp>
            <ns3:hr>163</ns3:hr>
            <ns3:cad>89</ns3:cad>
          </ns3:TrackPointExtension>
        </extensions>
      </trkpt>
      <trkpt lat="34.71163923852145671844482421875" lon="135.2291862107813358306884765625">
        <ele>30.3999996185302734375</ele>
        <time>2026-08-05T21:45:38.000Z</time>
        <extensions>
          <ns3:TrackPointExtension>
            <ns3:atemp>32.0</ns3:atemp>
            <ns3:hr>163</ns3:hr>
            <ns3:cad>89</ns3:cad>
          </ns3:TrackPointExtension>
        </extensions>
      </trkpt>
      <trkpt lat="34.711660444736480712890625" lon="135.2291741408407688140869140625">
        <ele>30.6000003814697265625</ele>
        <time>2026-08-05T21:45:39.000Z</time>
        <extensions>
          <ns3:TrackPointExtension>
            <ns3:atemp>32.0</ns3:atemp>
            <ns3:hr>164</ns3:hr>
            <ns3:cad>90</ns3:cad>
          </ns3:TrackPointExtension>
        </extensions>
      </trkpt>
      <trkpt lat="34.71167989075183868408203125" lon="135.22916181944310665130615234375">
        <ele>30.6000003814697265625</ele>
        <time>2026-08-05T21:45:40.000Z</time>
        <extensions>
          <ns3:TrackPointExtension>
            <ns3:atemp>32.0</ns3:atemp>
            <ns3:hr>164</ns3:hr>
            <ns3:cad>90</ns3:cad>
          </ns3:TrackPointExtension>
        </extensions>
      </trkpt>
      <trkpt lat="34.7117001749575138092041015625" lon="135.22914757020771503448486328125">
        <ele>30.799999237060546875</ele>
        <time>2026-08-05T21:45:41.000Z</time>
        <extensions>
          <ns3:TrackPointExtension>
            <ns3:atemp>32.0</ns3:atemp>
            <ns3:hr>164</ns3:hr>
            <ns3:cad>89</ns3:cad>
          </ns3:TrackPointExtension>
        </extensions>
      </trkpt>
      <trkpt lat="34.7117223031818866729736328125" lon="135.22913415916264057159423828125">
        <ele>30.799999237060546875</ele>
        <time>2026-08-05T21:45:42.000Z</time>
        <extensions>
          <ns3:TrackPointExtension>
            <ns3:atemp>32.0</ns3:atemp>
            <ns3:hr>164</ns3:hr>
            <ns3:cad>89</ns3:cad>
          </ns3:TrackPointExtension>
        </extensions>
      </trkpt>
      <trkpt lat="34.7117420844733715057373046875" lon="135.22912175394594669342041015625">
        <ele>31</ele>
        <time>2026-08-05T21:45:43.000Z</time>
        <extensions>
          <ns3:TrackPointExtension>
            <ns3:atemp>32.0</ns3:atemp>
            <ns3:hr>165</ns3:hr>
            <ns3:cad>89</ns3:cad>
          </ns3:TrackPointExtension>
        </extensions>
      </trkpt>
      <trkpt lat="34.7117605246603488922119140625" lon="135.22910892963409423828125">
        <ele>31.200000762939453125</ele>
        <time>2026-08-05T21:45:44.000Z</time>
        <extensions>
          <ns3:TrackPointExtension>
            <ns3:atemp>32.0</ns3:atemp>
            <ns3:hr>165</ns3:hr>
            <ns3:cad>89</ns3:cad>
          </ns3:TrackPointExtension>
        </extensions>
      </trkpt>
      <trkpt lat="34.7117789648473262786865234375" lon="135.22909878753125667572021484375">
        <ele>31.200000762939453125</ele>
        <time>2026-08-05T21:45:45.000Z</time>
        <extensions>
          <ns3:TrackPointExtension>
            <ns3:atemp>32.0</ns3:atemp>
            <ns3:hr>165</ns3:hr>
            <ns3:cad>89</ns3:cad>
          </ns3:TrackPointExtension>
        </extensions>
      </trkpt>
      <trkpt lat="34.71180067397654056549072265625" lon="135.22908755578100681304931640625">
        <ele>31.3999996185302734375</ele>
        <time>2026-08-05T21:45:46.000Z</time>
        <extensions>
          <ns3:TrackPointExtension>
            <ns3:atemp>32.0</ns3:atemp>
            <ns3:hr>164</ns3:hr>
            <ns3:cad>89</ns3:cad>
          </ns3:TrackPointExtension>
        </extensions>
      </trkpt>
      <trkpt lat="34.71182162873446941375732421875" lon="135.22907741367816925048828125">
        <ele>31.3999996185302734375</ele>
        <time>2026-08-05T21:45:47.000Z</time>
        <extensions>
          <ns3:TrackPointExtension>
            <ns3:atemp>32.0</ns3:atemp>
            <ns3:hr>164</ns3:hr>
            <ns3:cad>88</ns3:cad>
          </ns3:TrackPointExtension>
        </extensions>
      </trkpt>
      <trkpt lat="34.71184141002595424652099609375" lon="135.22906375117599964141845703125">
        <ele>31.6000003814697265625</ele>
        <time>2026-08-05T21:45:48.000Z</time>
        <extensions>
          <ns3:TrackPointExtension>
            <ns3:atemp>32.0</ns3:atemp>
            <ns3:hr>164</ns3:hr>
            <ns3:cad>89</ns3:cad>
          </ns3:TrackPointExtension>
        </extensions>
      </trkpt>
      <trkpt lat="34.7118607722222805023193359375" lon="135.22904983721673488616943359375">
        <ele>31.799999237060546875</ele>
        <time>2026-08-05T21:45:49.000Z</time>
        <extensions>
          <ns3:TrackPointExtension>
            <ns3:atemp>32.0</ns3:atemp>
            <ns3:hr>164</ns3:hr>
            <ns3:cad>89</ns3:cad>
          </ns3:TrackPointExtension>
        </extensions>
      </trkpt>
      <trkpt lat="34.7118825651705265045166015625" lon="135.229036845266819000244140625">
        <ele>31.799999237060546875</ele>
        <time>2026-08-05T21:45:50.000Z</time>
        <extensions>
          <ns3:TrackPointExtension>
            <ns3:atemp>32.0</ns3:atemp>
            <ns3:hr>165</ns3:hr>
            <ns3:cad>89</ns3:cad>
          </ns3:TrackPointExtension>
        </extensions>
      </trkpt>
      <trkpt lat="34.71189857460558414459228515625" lon="135.22902485914528369903564453125">
        <ele>32</ele>
        <time>2026-08-05T21:45:51.000Z</time>
        <extensions>
          <ns3:TrackPointExtension>
            <ns3:atemp>32.0</ns3:atemp>
            <ns3:hr>165</ns3:hr>
            <ns3:cad>89</ns3:cad>
          </ns3:TrackPointExtension>
        </extensions>
      </trkpt>
      <trkpt lat="34.71191651187837123870849609375" lon="135.22900943644344806671142578125">
        <ele>32</ele>
        <time>2026-08-05T21:45:52.000Z</time>
        <extensions>
          <ns3:TrackPointExtension>
            <ns3:atemp>32.0</ns3:atemp>
            <ns3:hr>165</ns3:hr>
            <ns3:cad>90</ns3:cad>
          </ns3:TrackPointExtension>
        </extensions>
      </trkpt>
      <trkpt lat="34.71193377859890460968017578125" lon="135.22899988107383251190185546875">
        <ele>32</ele>
        <time>2026-08-05T21:45:53.000Z</time>
        <extensions>
          <ns3:TrackPointExtension>
            <ns3:atemp>32.0</ns3:atemp>
            <ns3:hr>165</ns3:hr>
            <ns3:cad>90</ns3:cad>
          </ns3:TrackPointExtension>
        </extensions>
      </trkpt>
      <trkpt lat="34.71195087768137454986572265625" lon="135.2289870567619800567626953125">
        <ele>32.200000762939453125</ele>
        <time>2026-08-05T21:45:54.000Z</time>
        <extensions>
          <ns3:TrackPointExtension>
            <ns3:atemp>32.0</ns3:atemp>
            <ns3:hr>164</ns3:hr>
            <ns3:cad>90</ns3:cad>
          </ns3:TrackPointExtension>
        </extensions>
      </trkpt>
      <trkpt lat="34.71197225153446197509765625" lon="135.22897590883076190948486328125">
        <ele>32.40000152587890625</ele>
        <time>2026-08-05T21:45:55.000Z</time>
        <extensions>
          <ns3:TrackPointExtension>
            <ns3:atemp>32.0</ns3:atemp>
            <ns3:hr>164</ns3:hr>
            <ns3:cad>90</ns3:cad>
          </ns3:TrackPointExtension>
        </extensions>
      </trkpt>
      <trkpt lat="34.71198993735015392303466796875" lon="135.22896501235663890838623046875">
        <ele>32.40000152587890625</ele>
        <time>2026-08-05T21:45:56.000Z</time>
        <extensions>
          <ns3:TrackPointExtension>
            <ns3:atemp>32.0</ns3:atemp>
            <ns3:hr>165</ns3:hr>
            <ns3:cad>90</ns3:cad>
          </ns3:TrackPointExtension>
        </extensions>
      </trkpt>
      <trkpt lat="34.71201022155582904815673828125" lon="135.22895378060638904571533203125">
        <ele>32.799999237060546875</ele>
        <time>2026-08-05T21:45:57.000Z</time>
        <extensions>
          <ns3:TrackPointExtension>
            <ns3:atemp>32.0</ns3:atemp>
            <ns3:hr>165</ns3:hr>
            <ns3:cad>89</ns3:cad>
          </ns3:TrackPointExtension>
        </extensions>
      </trkpt>
      <trkpt lat="34.7120287455618381500244140625" lon="135.22894171066582202911376953125">
        <ele>32.799999237060546875</ele>
        <time>2026-08-05T21:45:58.000Z</time>
        <extensions>
          <ns3:TrackPointExtension>
            <ns3:atemp>32.0</ns3:atemp>
            <ns3:hr>165</ns3:hr>
            <ns3:cad>89</ns3:cad>
          </ns3:TrackPointExtension>
        </extensions>
      </trkpt>
      <trkpt lat="34.7120434977114200592041015625" lon="135.22892662324011325836181640625">
        <ele>33</ele>
        <time>2026-08-05T21:45:59.000Z</time>
        <extensions>
          <ns3:TrackPointExtension>
            <ns3:atemp>32.0</ns3:atemp>
            <ns3:hr>165</ns3:hr>
            <ns3:cad>89</ns3:cad>
          </ns3:TrackPointExtension>
        </extensions>
      </trkpt>
      <trkpt lat="34.7120609320700168609619140625" lon="135.2289136312901973724365234375">
        <ele>33.200000762939453125</ele>
        <time>2026-08-05T21:46:00.000Z</time>
        <extensions>
          <ns3:TrackPointExtension>
            <ns3:atemp>32.0</ns3:atemp>
            <ns3:hr>164</ns3:hr>
            <ns3:cad>89</ns3:cad>
          </ns3:TrackPointExtension>
        </extensions>
      </trkpt>
      <trkpt lat="34.71208096481859683990478515625" lon="135.22889795713126659393310546875">
        <ele>33.40000152587890625</ele>
        <time>2026-08-05T21:46:01.000Z</time>
        <extensions>
          <ns3:TrackPointExtension>
            <ns3:atemp>32.0</ns3:atemp>
            <ns3:hr>165</ns3:hr>
            <ns3:cad>89</ns3:cad>
          </ns3:TrackPointExtension>
        </extensions>
      </trkpt>
      <trkpt lat="34.71210108138620853424072265625" lon="135.228877253830432891845703125">
        <ele>33.40000152587890625</ele>
        <time>2026-08-05T21:46:02.000Z</time>
        <extensions>
          <ns3:TrackPointExtension>
            <ns3:atemp>32.0</ns3:atemp>
            <ns3:hr>165</ns3:hr>
            <ns3:cad>89</ns3:cad>
          </ns3:TrackPointExtension>
        </extensions>
      </trkpt>
      <trkpt lat="34.7121212817728519439697265625" lon="135.22886149585247039794921875">
        <ele>33.40000152587890625</ele>
        <time>2026-08-05T21:46:03.000Z</time>
        <extensions>
          <ns3:TrackPointExtension>
            <ns3:atemp>32.0</ns3:atemp>
            <ns3:hr>165</ns3:hr>
            <ns3:cad>89</ns3:cad>
          </ns3:TrackPointExtension>
        </extensions>
      </trkpt>
      <trkpt lat="34.71214718185365200042724609375" lon="135.228849761188030242919921875">
        <ele>33.40000152587890625</ele>
        <time>2026-08-05T21:46:04.000Z</time>
        <extensions>
          <ns3:TrackPointExtension>
            <ns3:atemp>32.0</ns3:atemp>
            <ns3:hr>165</ns3:hr>
            <ns3:cad>90</ns3:cad>
          </ns3:TrackPointExtension>
        </extensions>
      </trkpt>
      <trkpt lat="34.7121702320873737335205078125" lon="135.2288395352661609649658203125">
        <ele>33.40000152587890625</ele>
        <time>2026-08-05T21:46:05.000Z</time>
        <extensions>
          <ns3:TrackPointExtension>
            <ns3:atemp>32.0</ns3:atemp>
            <ns3:hr>165</ns3:hr>
            <ns3:cad>90</ns3:cad>
          </ns3:TrackPointExtension>
        </extensions>
      </trkpt>
      <trkpt lat="34.71219177357852458953857421875" lon="135.2288311533629894256591796875">
        <ele>33.40000152587890625</ele>
        <time>2026-08-05T21:46:06.000Z</time>
        <extensions>
          <ns3:TrackPointExtension>
            <ns3:atemp>32.0</ns3:atemp>
            <ns3:hr>166</ns3:hr>
            <ns3:cad>90</ns3:cad>
          </ns3:TrackPointExtension>
        </extensions>
      </trkpt>
      <trkpt lat="34.71221675164997577667236328125" lon="135.22882184945046901702880859375">
        <ele>33.40000152587890625</ele>
        <time>2026-08-05T21:46:07.000Z</time>
        <extensions>
          <ns3:TrackPointExtension>
            <ns3:atemp>32.0</ns3:atemp>
            <ns3:hr>166</ns3:hr>
            <ns3:cad>90</ns3:cad>
          </ns3:TrackPointExtension>
        </extensions>
      </trkpt>
      <trkpt lat="34.7122423164546489715576171875" lon="135.2288150601089000701904296875">
        <ele>33.200000762939453125</ele>
        <time>2026-08-05T21:46:08.000Z</time>
        <extensions>
          <ns3:TrackPointExtension>
            <ns3:atemp>32.0</ns3:atemp>
            <ns3:hr>166</ns3:hr>
            <ns3:cad>90</ns3:cad>
          </ns3:TrackPointExtension>
        </extensions>
      </trkpt>
      <trkpt lat="34.71226452849805355072021484375" lon="135.22881028242409229278564453125">
        <ele>33.200000762939453125</ele>
        <time>2026-08-05T21:46:09.000Z</time>
        <extensions>
          <ns3:TrackPointExtension>
            <ns3:atemp>32.0</ns3:atemp>
            <ns3:hr>166</ns3:hr>
            <ns3:cad>90</ns3:cad>
          </ns3:TrackPointExtension>
        </extensions>
      </trkpt>
      <trkpt lat="34.71228766255080699920654296875" lon="135.22880558855831623077392578125">
        <ele>33.200000762939453125</ele>
        <time>2026-08-05T21:46:10.000Z</time>
        <extensions>
          <ns3:TrackPointExtension>
            <ns3:atemp>32.0</ns3:atemp>
            <ns3:hr>166</ns3:hr>
            <ns3:cad>90</ns3:cad>
          </ns3:TrackPointExtension>
        </extensions>
      </trkpt>
      <trkpt lat="34.7123050130903720855712890625" lon="135.228794775903224945068359375">
        <ele>33.200000762939453125</ele>
        <time>2026-08-05T21:46:11.000Z</time>
        <extensions>
          <ns3:TrackPointExtension>
            <ns3:atemp>32.0</ns3:atemp>
            <ns3:hr>166</ns3:hr>
            <ns3:cad>90</ns3:cad>
          </ns3:TrackPointExtension>
        </extensions>
      </trkpt>
      <trkpt lat="34.712327308952808380126953125" lon="135.22878371179103851318359375">
        <ele>33.40000152587890625</ele>
        <time>2026-08-05T21:46:12.000Z</time>
        <extensions>
          <ns3:TrackPointExtension>
            <ns3:atemp>32.0</ns3:atemp>
            <ns3:hr>166</ns3:hr>
            <ns3:cad>90</ns3:cad>
          </ns3:TrackPointExtension>
        </extensions>
      </trkpt>
      <trkpt lat="34.7123526223003864288330078125" lon="135.2287728153169155120849609375">
        <ele>33.40000152587890625</ele>
        <time>2026-08-05T21:46:13.000Z</time>
        <extensions>
          <ns3:TrackPointExtension>
            <ns3:atemp>32.0</ns3:atemp>
            <ns3:hr>166</ns3:hr>
            <ns3:cad>91</ns3:cad>
          </ns3:TrackPointExtension>
        </extensions>
      </trkpt>
      <trkpt lat="34.7123720683157444000244140625" lon="135.2287550456821918487548828125">
        <ele>33.40000152587890625</ele>
        <time>2026-08-05T21:46:14.000Z</time>
        <extensions>
          <ns3:TrackPointExtension>
            <ns3:atemp>32.0</ns3:atemp>
            <ns3:hr>166</ns3:hr>
            <ns3:cad>91</ns3:cad>
          </ns3:TrackPointExtension>
        </extensions>
      </trkpt>
      <trkpt lat="34.71239662729203701019287109375" lon="135.22874272428452968597412109375">
        <ele>33.200000762939453125</ele>
        <time>2026-08-05T21:46:15.000Z</time>
        <extensions>
          <ns3:TrackPointExtension>
            <ns3:atemp>32.0</ns3:atemp>
            <ns3:hr>166</ns3:hr>
            <ns3:cad>91</ns3:cad>
          </ns3:TrackPointExtension>
        </extensions>
      </trkpt>
      <trkpt lat="34.71242110244929790496826171875" lon="135.2287359349429607391357421875">
        <ele>33.40000152587890625</ele>
        <time>2026-08-05T21:46:16.000Z</time>
        <extensions>
          <ns3:TrackPointExtension>
            <ns3:atemp>32.0</ns3:atemp>
            <ns3:hr>165</ns3:hr>
            <ns3:cad>91</ns3:cad>
          </ns3:TrackPointExtension>
        </extensions>
      </trkpt>
      <trkpt lat="34.71244071610271930694580078125" lon="135.2287235297262668609619140625">
        <ele>33.40000152587890625</ele>
        <time>2026-08-05T21:46:17.000Z</time>
        <extensions>
          <ns3:TrackPointExtension>
            <ns3:atemp>32.0</ns3:atemp>
            <ns3:hr>166</ns3:hr>
            <ns3:cad>91</ns3:cad>
          </ns3:TrackPointExtension>
        </extensions>
      </trkpt>
      <trkpt lat="34.712466113269329071044921875" lon="135.22870986722409725189208984375">
        <ele>33.59999847412109375</ele>
        <time>2026-08-05T21:46:18.000Z</time>
        <extensions>
          <ns3:TrackPointExtension>
            <ns3:atemp>32.0</ns3:atemp>
            <ns3:hr>166</ns3:hr>
            <ns3:cad>91</ns3:cad>
          </ns3:TrackPointExtension>
        </extensions>
      </trkpt>
      <trkpt lat="34.712486565113067626953125" lon="135.2286950312554836273193359375">
        <ele>33.799999237060546875</ele>
        <time>2026-08-05T21:46:19.000Z</time>
        <extensions>
          <ns3:TrackPointExtension>
            <ns3:atemp>32.0</ns3:atemp>
            <ns3:hr>166</ns3:hr>
            <ns3:cad>91</ns3:cad>
          </ns3:TrackPointExtension>
        </extensions>
      </trkpt>
      <trkpt lat="34.71250542439520359039306640625" lon="135.22868522442877292633056640625">
        <ele>34</ele>
        <time>2026-08-05T21:46:20.000Z</time>
        <extensions>
          <ns3:TrackPointExtension>
            <ns3:atemp>32.0</ns3:atemp>
            <ns3:hr>165</ns3:hr>
            <ns3:cad>91</ns3:cad>
          </ns3:TrackPointExtension>
        </extensions>
      </trkpt>
      <trkpt lat="34.7125236131250858306884765625" lon="135.22867382504045963287353515625">
        <ele>34</ele>
        <time>2026-08-05T21:46:21.000Z</time>
        <extensions>
          <ns3:TrackPointExtension>
            <ns3:atemp>32.0</ns3:atemp>
            <ns3:hr>166</ns3:hr>
            <ns3:cad>92</ns3:cad>
          </ns3:TrackPointExtension>
        </extensions>
      </trkpt>
      <trkpt lat="34.7125430591404438018798828125" lon="135.22865974344313144683837890625">
        <ele>34</ele>
        <time>2026-08-05T21:46:22.000Z</time>
        <extensions>
          <ns3:TrackPointExtension>
            <ns3:atemp>32.0</ns3:atemp>
            <ns3:hr>165</ns3:hr>
            <ns3:cad>92</ns3:cad>
          </ns3:TrackPointExtension>
        </extensions>
      </trkpt>
      <trkpt lat="34.71256292425096035003662109375" lon="135.22864800877869129180908203125">
        <ele>34</ele>
        <time>2026-08-05T21:46:23.000Z</time>
        <extensions>
          <ns3:TrackPointExtension>
            <ns3:atemp>32.0</ns3:atemp>
            <ns3:hr>165</ns3:hr>
            <ns3:cad>90</ns3:cad>
          </ns3:TrackPointExtension>
        </extensions>
      </trkpt>
      <trkpt lat="34.712580777704715728759765625" lon="135.228640548884868621826171875">
        <ele>34</ele>
        <time>2026-08-05T21:46:24.000Z</time>
        <extensions>
          <ns3:TrackPointExtension>
            <ns3:atemp>32.0</ns3:atemp>
            <ns3:hr>164</ns3:hr>
            <ns3:cad>90</ns3:cad>
          </ns3:TrackPointExtension>
        </extensions>
      </trkpt>
      <trkpt lat="34.71259779296815395355224609375" lon="135.22863493300974369049072265625">
        <ele>34</ele>
        <time>2026-08-05T21:46:25.000Z</time>
        <extensions>
          <ns3:TrackPointExtension>
            <ns3:atemp>32.0</ns3:atemp>
            <ns3:hr>164</ns3:hr>
            <ns3:cad>90</ns3:cad>
          </ns3:TrackPointExtension>
        </extensions>
      </trkpt>
      <trkpt lat="34.7126174904406070709228515625" lon="135.228627808392047882080078125">
        <ele>34</ele>
        <time>2026-08-05T21:46:26.000Z</time>
        <extensions>
          <ns3:TrackPointExtension>
            <ns3:atemp>32.0</ns3:atemp>
            <ns3:hr>164</ns3:hr>
            <ns3:cad>90</ns3:cad>
          </ns3:TrackPointExtension>
        </extensions>
      </trkpt>
    </trkseg>
  </trk>
</gpx>
